source_row,stable_player_id,legacy_key,player_name,affl_team,eligibilities,match_status,legacy_name,legacy_afl_club,legacy_eligibilities,identity_evidence_json,missing_identity_evidence,previous_vnext_included,previous_vnext_exclusion_reason
609,afl-player-v1-4e4aba980a507c437f78,aaron-cadman,Aaron Cadman,Richmond Tigers,"G-FWD,K-FWD",matched,Aaron Cadman,GWS,K-FWD,"{""birth_date"":""2004-03-03"",""birth_year"":2004,""draft_pick"":1,""draft_type"":""ND"",""draft_year"":2022,""legacy_key"":""aaron-cadman""}",,True,
705,afl-player-v1-8f3aa1080752eb0e534b,aaron-naughton,Aaron Naughton,Sydney Swans,"G-FWD,K-FWD",matched,Aaron Naughton,Western Bulldogs,K-FWD,"{""birth_date"":""1999-11-30"",""birth_year"":1999,""draft_pick"":9,""draft_type"":""ND"",""draft_year"":2017,""legacy_key"":""aaron-naughton""}",,True,
23,afl-player-v1-87957120b42751e30451,adam-cerra,Adam Cerra,Adelaide Crows,MID,matched,Adam Cerra,Fremantle,MID,"{""birth_date"":""1999-10-07"",""birth_year"":1999,""draft_pick"":5,""draft_type"":""ND"",""draft_year"":2017,""legacy_key"":""adam-cerra""}",,True,
360,afl-player-v1-fd3e3de35948b76d59d1,adam-saad,Adam Saad,Geelong Cats,G-DEF,matched,Adam Saad,Gold Coast,G-DEF,"{""birth_date"":""1994-07-23"",""birth_year"":1994,""draft_pick"":23,""draft_type"":""RD"",""draft_year"":2014,""legacy_key"":""adam-saad""}",,True,
711,afl-player-v1-963c8126427fc70e52df,adam-sweid,Adam Sweid,Sydney Swans,MID,matched,Adam Sweid,Fremantle,G-FWD,"{""birth_date"":""2007-09-14"",""birth_year"":2007,""draft_pick"":25,""draft_type"":""ND"",""draft_year"":2025,""legacy_key"":""adam-sweid""}",,True,
735,afl-player-v1-f4e0edae401d0ec0c617,adam-treloar,Adam Treloar,West Coast Eagles,"MID,G-FWD",matched,Adam Treloar,GWS,MID,"{""birth_date"":""1993-03-09"",""birth_year"":1993,""draft_pick"":15,""draft_type"":""ND"",""draft_year"":2011,""legacy_key"":""adam-treloar""}",,True,
357,afl-player-v1-4296b7b2f29741debd64,aidan-corr,Aidan Corr,Geelong Cats,"G-DEF,K-DEF",matched,Aidan Corr,GWS,K-DEF,"{""birth_date"":""1994-05-17"",""birth_year"":1994,""draft_pick"":18,""draft_type"":""ND"",""draft_year"":2012,""legacy_key"":""aidan-corr""}",,True,
265,afl-player-v1-0a02f9846d125256999b,aidan-johnson,Aidan Johnson,Free agents,"K-FWD,G-FWD",matched,Aidan Johnson,Melbourne,K-FWD,"{""birth_date"":""2000-03-09"",""birth_year"":2000,""draft_pick"":68,""draft_type"":""ND"",""draft_year"":2024,""legacy_key"":""aidan-johnson""}",,True,
328,afl-player-v1-1bb3cfdf101d072c0ae7,aidan-schubert,Aidan Schubert,Fremantle Dockers,"RUCK,G-FWD,K-FWD",matched,Aidan Schubert,Hawthorn,K-FWD,"{""birth_date"":""2007-12-21"",""birth_year"":2007,""draft_pick"":23,""draft_type"":""ND"",""draft_year"":2025,""legacy_key"":""aidan-schubert""}",,True,
324,afl-player-v1-97846257ceb7f668dd47,aiden-riddle,Aiden Riddle,Fremantle Dockers,RUCK,matched,Aiden Riddle,Fremantle,RUCK,"{""birth_date"":""2005-12-27"",""birth_year"":2005,""draft_pick"":3,""draft_type"":""RD"",""draft_year"":2024,""legacy_key"":""aiden-riddle""}",,True,
760,afl-player-v1-64427a9d50f9d2e02896,alex-davies,Alex Davies,Western Bulldogs,MID,matched,Alex Davies,Gold Coast,MID,"{""birth_date"":""2002-03-18"",""birth_year"":2002,""draft_pick"":17,""draft_type"":""ND"",""draft_year"":2020,""legacy_key"":""alex-davies""}",,True,
435,afl-player-v1-5324fc165b53ca98463b,alex-dodson,Alex Dodson,Hawthorn Hawks,K-FWD,matched,Alex Dodson,St Kilda,RUCK,"{""birth_date"":""2006-06-15"",""birth_year"":2006,""draft_pick"":53,""draft_type"":""ND"",""draft_year"":2024,""legacy_key"":""alex-dodson""}",,True,
75,afl-player-v1-e85a86a8692f0a831933,alex-neal-bullen,Alex Neal-Bullen,West Coast Eagles,G-FWD,matched,Alex Neal-Bullen,Melbourne,G-FWD,"{""birth_date"":""1996-01-09"",""birth_year"":1996,""draft_pick"":40,""draft_type"":""ND"",""draft_year"":2014,""legacy_key"":""alex-neal-bullen""}",,True,
380,afl-player-v1-e8789b39cd0b6f475b7d,alex-pearce,Alex Pearce,Geelong Cats,"G-DEF,K-DEF",matched,Alex Pearce,Fremantle,K-DEF,"{""birth_date"":""1995-06-09"",""birth_year"":1995,""draft_pick"":37,""draft_type"":""ND"",""draft_year"":2013,""legacy_key"":""alex-pearce""}",,True,
39,afl-player-v1-2dfeb757c9c20d8e6638,alex-van-wyk,Alex Van Wyk,Adelaide Crows,RUCK,matched,Alex Van Wyk,Port Adelaide,RUCK,"{""birth_date"":""2004-07-01"",""birth_year"":2004,""draft_pick"":14,""draft_type"":""MSD"",""draft_year"":2026,""legacy_key"":""alex-van-wyk""}",,False,no_current_or_historical_scoring_games+not_recent_unplayed_draftee
520,afl-player-v1-331b344b0d63646c51eb,aliir-aliir,Aliir Aliir,North Melbourne Kangaroos,"G-DEF,K-DEF",matched,Aliir Aliir,Sydney,K-DEF,"{""birth_date"":""1994-09-05"",""birth_year"":1994,""draft_pick"":44,""draft_type"":""ND"",""draft_year"":2013,""legacy_key"":""aliir-aliir""}",,True,
779,afl-player-v1-adec4d952bcbc52767f5,alix-tauru,Alix Tauru,Western Bulldogs,"G-DEF,K-DEF,K-FWD,G-FWD",matched,Alix Tauru,St Kilda,K-DEF,"{""birth_date"":""2006-11-16"",""birth_year"":2006,""draft_pick"":10,""draft_type"":""ND"",""draft_year"":2024,""legacy_key"":""alix-tauru""}",,True,
645,afl-player-v1-ae2d3d03fdab9cf63599,andrew-brayshaw,Andrew Brayshaw,St Kilda Saints,MID,matched,Andrew Brayshaw,Fremantle,MID,"{""birth_date"":""1999-11-08"",""birth_year"":1999,""draft_pick"":2,""draft_type"":""ND"",""draft_year"":2017,""legacy_key"":""andrew-brayshaw""}",,True,
391,afl-player-v1-569acef3f5da1997d202,andrew-mcgrath,Andrew McGrath,Geelong Cats,G-DEF,matched,Andrew McGrath,Essendon,G-DEF,"{""birth_date"":""1998-06-02"",""birth_year"":1998,""draft_pick"":1,""draft_type"":""ND"",""draft_year"":2016,""legacy_key"":""andrew-mcgrath""}",,True,
736,afl-player-v1-43dcbfbd3dd8420f2e63,andy-moniz-wakefield,Andy Moniz-Wakefield,West Coast Eagles,G-DEF,matched,Andy Moniz-Wakefield,Melbourne,G-DEF,"{""birth_date"":""2003-10-26"",""birth_year"":2003,""draft_pick"":"""",""draft_type"":""PDN"",""draft_year"":2021,""legacy_key"":""andy-moniz-wakefield""}",draft_pick,True,
492,afl-player-v1-8a57f5aab690623a7315,angus-anderson,Angus Anderson,North Melbourne Kangaroos,MID,matched,Angus Anderson,Collingwood,MID,"{""birth_date"":""2003-05-25"",""birth_year"":2003,""draft_pick"":57,""draft_type"":""ND"",""draft_year"":2025,""legacy_key"":""angus-anderson""}",,True,
129,afl-player-v1-c399795725e17c13dffb,angus-clarke,Angus Clarke,Carlton Blues,"G-DEF,MID",matched,Angus Clarke,Essendon,G-DEF,"{""birth_date"":""2006-05-08"",""birth_year"":2006,""draft_pick"":39,""draft_type"":""ND"",""draft_year"":2024,""legacy_key"":""angus-clarke""}",,True,
600,afl-player-v1-451ddd8089a5671d27bd,angus-hastie,Angus Hastie,Richmond Tigers,G-DEF,matched,Angus Hastie,St Kilda,G-DEF,"{""birth_date"":""2005-09-19"",""birth_year"":2005,""draft_pick"":33,""draft_type"":""ND"",""draft_year"":2023,""legacy_key"":""angus-hastie""}",,True,
785,afl-player-v1-d4b6cf07e125634be42d,angus-sheldrick,Angus Sheldrick,Western Bulldogs,MID,matched,Angus Sheldrick,Sydney,MID,"{""birth_date"":""2003-11-07"",""birth_year"":2003,""draft_pick"":18,""draft_type"":""ND"",""draft_year"":2021,""legacy_key"":""angus-sheldrick""}",,True,
152,afl-player-v1-0c5db9d8bac56d9b7fa4,anthony-caminiti,Anthony Caminiti,Collingwood Magpies,"G-DEF,K-DEF,K-FWD,G-FWD",matched,Anthony Caminiti,St Kilda,K-FWD,"{""birth_date"":""2003-12-09"",""birth_year"":2003,""draft_pick"":"""",""draft_type"":""SSP"",""draft_year"":2022,""legacy_key"":""anthony-caminiti""}",draft_pick,True,
32,afl-player-v1-bccb2c78d58984d7d91d,archer-day-wicks,Archer Day-Wicks,Adelaide Crows,"G-FWD,MID",matched,Archer Day-Wicks,Essendon,G-FWD,"{""birth_date"":""2006-05-13"",""birth_year"":2006,""draft_pick"":2,""draft_type"":""RD"",""draft_year"":2024,""legacy_key"":""archer-day-wicks""}",,True,
452,afl-player-v1-5543420881712362758e,archer-reid,Archer Reid,Melbourne Demons,"G-FWD,K-FWD",matched,Archer Reid,West Coast,K-FWD,"{""birth_date"":""2005-09-19"",""birth_year"":2005,""draft_pick"":30,""draft_type"":""ND"",""draft_year"":2023,""legacy_key"":""archer-reid""}",,True,
309,afl-player-v1-d5ca041c63ab84bc8fd8,archie-ludowyke,Archie Ludowyke,Fremantle Dockers,"G-FWD,K-FWD",matched,Archie Ludowyke,Adelaide,K-FWD,"{""birth_date"":""2007-11-19"",""birth_year"":2007,""draft_pick"":50,""draft_type"":""ND"",""draft_year"":2025,""legacy_key"":""archie-ludowyke""}",,True,
802,afl-player-v1-1aa8748ab5223765d500,archie-may,Archie May,Western Bulldogs,K-FWD,matched,Archie May,Essendon,K-FWD,"{""birth_date"":""2004-08-27"",""birth_year"":2004,""draft_pick"":6,""draft_type"":""MSD"",""draft_year"":2025,""legacy_key"":""archie-may""}",,True,
440,afl-player-v1-8891d0951120f190af2c,archie-perkins,Archie Perkins,Melbourne Demons,G-FWD,matched,Archie Perkins,Essendon,G-FWD,"{""birth_date"":""2002-03-26"",""birth_year"":2002,""draft_pick"":9,""draft_type"":""ND"",""draft_year"":2020,""legacy_key"":""archie-perkins""}",,True,
646,afl-player-v1-0f0c9d6196abee42b21e,archie-roberts,Archie Roberts,St Kilda Saints,G-DEF,matched,Archie Roberts,Essendon,G-DEF,"{""birth_date"":""2005-11-18"",""birth_year"":2005,""draft_pick"":54,""draft_type"":""ND"",""draft_year"":2023,""legacy_key"":""archie-roberts""}",,True,
18,afl-player-v1-6ed18956cf1378582d16,arthur-jones,Arthur Jones,Adelaide Crows,"MID,G-FWD",matched,Arthur Jones,Western Bulldogs,G-FWD,"{""birth_date"":""2003-07-18"",""birth_year"":2003,""draft_pick"":43,""draft_type"":""ND"",""draft_year"":2021,""legacy_key"":""arthur-jones""}",,True,
250,afl-player-v1-18e32886c9bf159f469a,asher-eastham,Asher Eastham,Free agents,G-FWD,matched,Asher Eastham,Gold Coast,G-FWD,"{""birth_date"":""2006-05-13"",""birth_year"":2006,""draft_pick"":8,""draft_type"":""RD"",""draft_year"":2024,""legacy_key"":""asher-eastham""}",,True,
669,afl-player-v1-65ff4f73303faae38263,ashton-moir,Ashton Moir,St Kilda Saints,G-FWD,matched,Ashton Moir,Carlton,G-FWD,"{""birth_date"":""2005-04-15"",""birth_year"":2005,""draft_pick"":29,""draft_type"":""ND"",""draft_year"":2023,""legacy_key"":""ashton-moir""}",,True,
467,afl-player-v1-4a22ace5803958977c40,avery-thomas,Avery Thomas,Melbourne Demons,G-DEF,matched,Avery Thomas,Gold Coast,G-DEF,"{""birth_date"":""2007-09-20"",""birth_year"":2007,""draft_pick"":28,""draft_type"":""ND"",""draft_year"":2025,""legacy_key"":""avery-thomas""}",,True,
649,afl-player-v1-32fef89bc6c5dfeda8b7,bailey-banfield,Bailey Banfield,St Kilda Saints,G-DEF,matched,Bailey Banfield,Fremantle,G-DEF,"{""birth_date"":""1998-02-26"",""birth_year"":1998,""draft_pick"":4,""draft_type"":""RD"",""draft_year"":2017,""legacy_key"":""bailey-banfield""}",,True,
384,afl-player-v1-bfc840f8e0f59fc24641,bailey-dale,Bailey Dale,Geelong Cats,G-DEF,matched,Bailey Dale,Western Bulldogs,G-DEF,"{""birth_date"":""1996-07-22"",""birth_year"":1996,""draft_pick"":45,""draft_type"":""ND"",""draft_year"":2014,""legacy_key"":""bailey-dale""}",,True,
773,afl-player-v1-9f45e63fb7a10ebbb1d4,bailey-humphrey,Bailey Humphrey,Western Bulldogs,"MID,G-FWD",matched,Bailey Humphrey,Gold Coast,G-FWD,"{""birth_date"":""2004-09-11"",""birth_year"":2004,""draft_pick"":6,""draft_type"":""ND"",""draft_year"":2022,""legacy_key"":""bailey-humphrey""}",,True,
682,afl-player-v1-d8c86c5bdaf14f79a1b2,bailey-williams-wc,Bailey J. Williams,Sydney Swans,"RUCK,G-FWD,K-FWD",matched,Bailey J. Williams,West Coast,RUCK,"{""birth_date"":""2000-04-17"",""birth_year"":2000,""draft_pick"":35,""draft_type"":""ND"",""draft_year"":2018,""legacy_key"":""bailey-williams-wc""}",,True,
270,afl-player-v1-a5ad8398bbd215b116e2,bailey-laurie,Bailey Laurie,Free agents,G-FWD,matched,Bailey Laurie,Melbourne,G-FWD,"{""birth_date"":""2002-03-24"",""birth_year"":2002,""draft_pick"":23,""draft_type"":""ND"",""draft_year"":2020,""legacy_key"":""bailey-laurie""}",,True,
790,afl-player-v1-c65a1c9c023c7d79a8c1,bailey-macdonald,Bailey MacDonald,Western Bulldogs,G-DEF,matched,Bailey Macdonald,Hawthorn,G-DEF,"{""birth_date"":""2004-08-04"",""birth_year"":2004,""draft_pick"":51,""draft_type"":""ND"",""draft_year"":2022,""legacy_key"":""bailey-macdonald""}",,True,
288,afl-player-v1-07c750d057076538133f,bailey-scott,Bailey Scott,Free agents,MID,matched,Bailey Scott,North Melbourne,MID,"{""birth_date"":""2000-07-09"",""birth_year"":2000,""draft_pick"":49,""draft_type"":""ND"",""draft_year"":2018,""legacy_key"":""bailey-scott""}",,True,
388,afl-player-v1-729b0a603a18a0d56369,bailey-smith,Bailey Smith,Geelong Cats,MID,matched,Bailey Smith,Western Bulldogs,MID,"{""birth_date"":""2000-12-07"",""birth_year"":2000,""draft_pick"":7,""draft_type"":""ND"",""draft_year"":2018,""legacy_key"":""bailey-smith""}",,True,
141,afl-player-v1-2bb1c4575ccd8c7ba202,bailey-williams-wb,Bailey Williams,Collingwood Magpies,"G-DEF,MID",matched,Bailey Williams,Western Bulldogs,G-DEF,"{""birth_date"":""1997-10-10"",""birth_year"":1997,""draft_pick"":48,""draft_type"":""ND"",""draft_year"":2015,""legacy_key"":""bailey-williams-wb""}",,True,
284,afl-player-v1-1717ec616a9d2f0c642e,balyn-o-brien,Balyn O'Brien,Free agents,G-DEF,matched,Balyn O'Brien,Port Adelaide,G-DEF,"{""birth_date"":""2007-01-26"",""birth_year"":2007,""draft_pick"":"""",""draft_type"":""SSP"",""draft_year"":2025,""legacy_key"":""balyn-o-brien""}",draft_pick,False,no_current_or_historical_scoring_games+not_recent_unplayed_draftee
376,afl-player-v1-232efdaede6c4306886a,bayley-fritsch,Bayley Fritsch,Geelong Cats,G-FWD,matched,Bayley Fritsch,Melbourne,G-FWD,"{""birth_date"":""1996-12-06"",""birth_year"":1996,""draft_pick"":31,""draft_type"":""ND"",""draft_year"":2017,""legacy_key"":""bayley-fritsch""}",,True,
345,afl-player-v1-3d6217d573e09fb1f436,beau-addinsall,Beau Addinsall,Fremantle Dockers,MID,matched,Beau Addinsall,Gold Coast,MID,"{""birth_date"":""2007-03-09"",""birth_year"":2007,""draft_pick"":18,""draft_type"":""ND"",""draft_year"":2025,""legacy_key"":""beau-addinsall""}",,True,
734,afl-player-v1-a5a788fcc3dc14ff1091,beau-mccreery,Beau McCreery,West Coast Eagles,G-FWD,matched,Beau McCreery,Collingwood,G-FWD,"{""birth_date"":""2001-04-19"",""birth_year"":2001,""draft_pick"":46,""draft_type"":""ND"",""draft_year"":2020,""legacy_key"":""beau-mccreery""}",,True,
59,afl-player-v1-f5edc99c62076d254cd1,ben-ainsworth,Ben Ainsworth,Brisbane Lions,G-FWD,matched,Ben Ainsworth,Gold Coast,G-FWD,"{""birth_date"":""1998-02-10"",""birth_year"":1998,""draft_pick"":4,""draft_type"":""ND"",""draft_year"":2016,""legacy_key"":""ben-ainsworth""}",,True,
314,afl-player-v1-dbc852c795d95f09852a,ben-camporeale,Ben Camporeale,Fremantle Dockers,MID,matched,Ben Camporeale,Carlton,MID,"{""birth_date"":""2006-07-21"",""birth_year"":2006,""draft_pick"":43,""draft_type"":""ND"",""draft_year"":2024,""legacy_key"":""ben-camporeale""}",,True,
264,afl-player-v1-1bc1a35b5acb7c659494,ben-jepson,Ben Jepson,Free agents,MID,matched,Ben Jepson,Gold Coast,MID,"{""birth_date"":""2001-10-10"",""birth_year"":2001,""draft_pick"":"""",""draft_type"":""SSP"",""draft_year"":2024,""legacy_key"":""ben-jepson""}",draft_pick,True,
20,afl-player-v1-ab1876e3a4f81af563e6,ben-keays,Ben Keays,Adelaide Crows,G-FWD,matched,Ben Keays,Brisbane,G-FWD,"{""birth_date"":""1997-02-23"",""birth_year"":1997,""draft_pick"":24,""draft_type"":""ND"",""draft_year"":2015,""legacy_key"":""ben-keays""}",,True,
673,afl-player-v1-8aa63d4c934e87e4fb62,ben-king,Ben King,Sydney Swans,"G-FWD,K-FWD",matched,Ben King,Gold Coast,K-FWD,"{""birth_date"":""2000-07-07"",""birth_year"":2000,""draft_pick"":6,""draft_type"":""ND"",""draft_year"":2018,""legacy_key"":""ben-king""}",,True,
601,afl-player-v1-f11e474abd2b99b6d2f8,ben-long,Ben Long,Richmond Tigers,G-FWD,matched,Ben Long,St Kilda,G-FWD,"{""birth_date"":""1997-08-21"",""birth_year"":1997,""draft_pick"":25,""draft_type"":""ND"",""draft_year"":2016,""legacy_key"":""ben-long""}",,True,
752,afl-player-v1-fa34fb409dec46427a9a,ben-mckay,Ben McKay,West Coast Eagles,"G-DEF,K-DEF",matched,Ben McKay,North Melbourne,K-DEF,"{""birth_date"":""1997-12-24"",""birth_year"":1997,""draft_pick"":21,""draft_type"":""ND"",""draft_year"":2015,""legacy_key"":""ben-mckay""}",,True,
687,afl-player-v1-b75b9dd65a15a8ffab49,ben-miller,Ben Miller,Sydney Swans,"G-DEF,K-DEF",matched,Ben Miller,Richmond,K-DEF,"{""birth_date"":""1999-08-31"",""birth_year"":1999,""draft_pick"":62,""draft_type"":""ND"",""draft_year"":2017,""legacy_key"":""ben-miller""}",,True,
504,afl-player-v1-fc90df145520acd22b04,ben-murphy,Ben Murphy,North Melbourne Kangaroos,G-DEF,matched,Ben Murphy,,G-DEF,"{""birth_date"":""2027-02-01"",""birth_year"":2027,""draft_pick"":"""",""draft_type"":""IRE"",""draft_year"":2025,""legacy_key"":""ben-murphy""}",draft_pick,False,no_current_or_historical_scoring_games+not_recent_unplayed_draftee
236,afl-player-v1-26c7d23e3f5fff92763f,benny-barrett,Benny Barrett,Free agents,G-FWD,matched,Benny Barrett,Port Adelaide,G-FWD,"{""birth_date"":""2006-05-01"",""birth_year"":2006,""draft_pick"":"""",""draft_type"":""PDN"",""draft_year"":2024,""legacy_key"":""benny-barrett""}",draft_pick,False,no_current_or_historical_scoring_games+not_recent_unplayed_draftee
219,afl-player-v1-db88060ca4ea6c950bdf,billy-cootee,Billy Cootee,Essendon Bombers,MID,matched,Billy Cootee,Sydney,MID,"{""birth_date"":""2002-12-18"",""birth_year"":2002,""draft_pick"":42,""draft_type"":""ND"",""draft_year"":2025,""legacy_key"":""billy-cootee""}",,True,
190,afl-player-v1-d72d04026b85e58dfc06,billy-dowling,Billy Dowling,Essendon Bombers,"MID,G-FWD",matched,Billy Dowling,Adelaide,G-FWD,"{""birth_date"":""2004-07-01"",""birth_year"":2004,""draft_pick"":43,""draft_type"":""ND"",""draft_year"":2022,""legacy_key"":""billy-dowling""}",,True,
57,afl-player-v1-88cc3d546296baa70767,billy-frampton,Billy Frampton,Brisbane Lions,"G-DEF,K-DEF",matched,Billy Frampton,Port Adelaide,K-DEF,"{""birth_date"":""1996-11-20"",""birth_year"":1996,""draft_pick"":74,""draft_type"":""ND"",""draft_year"":2014,""legacy_key"":""billy-frampton""}",,True,
93,afl-player-v1-ba2b5f134d7209c2cd1f,billy-wilson,Billy Wilson,Carlton Blues,G-DEF,matched,Billy Wilson,Carlton,G-DEF,"{""birth_date"":""2005-06-16"",""birth_year"":2005,""draft_pick"":34,""draft_type"":""ND"",""draft_year"":2023,""legacy_key"":""billy-wilson""}",,True,
60,afl-player-v1-af797315ad896038d6ad,blake-acres,Blake Acres,Brisbane Lions,MID,matched,Blake Acres,St Kilda,MID,"{""birth_date"":""1995-10-07"",""birth_year"":1995,""draft_pick"":19,""draft_type"":""ND"",""draft_year"":2013,""legacy_key"":""blake-acres""}",,True,
550,afl-player-v1-2d0be16a32b077bf822a,blake-hardwick,Blake Hardwick,Port Adelaide Power,G-DEF,matched,Blake Hardwick,Hawthorn,G-DEF,"{""birth_date"":""1997-02-05"",""birth_year"":1997,""draft_pick"":44,""draft_type"":""ND"",""draft_year"":2015,""legacy_key"":""blake-hardwick""}",,True,
225,afl-player-v1-52bf1280cafc930a8d62,blake-howes,Blake Howes,Essendon Bombers,G-DEF,matched,Blake Howes,Melbourne,G-DEF,"{""birth_date"":""2003-04-07"",""birth_year"":2003,""draft_pick"":39,""draft_type"":""ND"",""draft_year"":2021,""legacy_key"":""blake-howes""}",,True,
335,afl-player-v1-df6adfebbf5e3baac9a4,blake-thredgold,Blake Thredgold,Fremantle Dockers,"G-DEF,K-DEF",matched,Blake Thredgold,North Melbourne,K-DEF,"{""birth_date"":""2007-08-27"",""birth_year"":2007,""draft_pick"":26,""draft_type"":""ND"",""draft_year"":2025,""legacy_key"":""blake-thredgold""}",,True,
462,afl-player-v1-2dd3ccd0e1b4dff6e11a,bo-allan,Bo Allan,Melbourne Demons,"G-DEF,MID",matched,Bo Allan,West Coast,G-DEF,"{""birth_date"":""2006-02-16"",""birth_year"":2006,""draft_pick"":16,""draft_type"":""ND"",""draft_year"":2024,""legacy_key"":""bo-allan""}",,True,
193,afl-player-v1-530b7fcbfe22f330e3c4,bobby-hill,Bobby Hill,West Coast Eagles,G-FWD,matched,Bobby Hill,GWS,G-FWD,"{""birth_date"":""2000-02-09"",""birth_year"":2000,""draft_pick"":24,""draft_type"":""ND"",""draft_year"":2018,""legacy_key"":""bobby-hill""}",,True,
548,afl-player-v1-53cf9ea07c8d23470b27,bodhi-uwland,Bodhi Uwland,Port Adelaide Power,G-DEF,matched,Bodhi Uwland,Gold Coast,G-DEF,"{""birth_date"":""2003-07-25"",""birth_year"":2003,""draft_pick"":"""",""draft_type"":""PDA"",""draft_year"":2021,""legacy_key"":""bodhi-uwland""}",draft_pick,True,
159,afl-player-v1-2c0d507e861806b4e2b5,bodie-ryan,Bodie Ryan,Collingwood Magpies,G-DEF,matched,Bodie Ryan,Hawthorn,G-DEF,"{""birth_date"":""2005-04-20"",""birth_year"":2005,""draft_pick"":46,""draft_type"":""ND"",""draft_year"":2023,""legacy_key"":""bodie-ryan""}",,True,
378,afl-player-v1-003e4d5d62024af040e6,bradley-close,Bradley Close,Geelong Cats,G-FWD,matched,Bradley Close,Geelong,G-FWD,"{""birth_date"":""1998-07-30"",""birth_year"":1998,""draft_pick"":10,""draft_type"":""RD"",""draft_year"":2019,""legacy_key"":""bradley-close""}",,True,
549,afl-player-v1-1d780d19cc3efbbf3552,bradley-hill,Bradley Hill,Port Adelaide Power,"MID,G-FWD",matched,Bradley Hill,Hawthorn,G-FWD,"{""birth_date"":""1993-07-09"",""birth_year"":1993,""draft_pick"":45,""draft_type"":""ND"",""draft_year"":2011,""legacy_key"":""bradley-hill""}",,True,
215,afl-player-v1-819de384d7f62bc800da,brady-hough,Brady Hough,Essendon Bombers,"G-DEF,MID",matched,Brady Hough,West Coast,G-DEF,"{""birth_date"":""2003-03-05"",""birth_year"":2003,""draft_pick"":31,""draft_type"":""ND"",""draft_year"":2021,""legacy_key"":""brady-hough""}",,True,
221,afl-player-v1-f0d7b341f83d6023fd8b,braeden-campbell,Braeden Campbell,Essendon Bombers,G-FWD,matched,Braeden Campbell,Sydney,G-DEF,"{""birth_date"":""2002-02-04"",""birth_year"":2002,""draft_pick"":5,""draft_type"":""ND"",""draft_year"":2020,""legacy_key"":""braeden-campbell""}",,True,
479,afl-player-v1-569d8308f325f3ed09a1,brandon-starcevich,Brandon Starcevich,Melbourne Demons,G-DEF,matched,Brandon Starcevich,Brisbane,G-DEF,"{""birth_date"":""1999-07-24"",""birth_year"":1999,""draft_pick"":18,""draft_type"":""ND"",""draft_year"":2017,""legacy_key"":""brandon-starcevich""}",,True,
556,afl-player-v1-e36fc9a752bdb05af645,brandon-walker,Brandon Walker,Port Adelaide Power,G-DEF,matched,Brandon Walker,Fremantle,G-DEF,"{""birth_date"":""2002-10-17"",""birth_year"":2002,""draft_pick"":52,""draft_type"":""ND"",""draft_year"":2020,""legacy_key"":""brandon-walker""}",,True,
301,afl-player-v1-43045f12f382767201cd,brandon-zerk-thatcher,Brandon Zerk-Thatcher,Free agents,"K-DEF,G-DEF",matched,Brandon Zerk-Thatcher,Essendon,K-DEF,"{""birth_date"":""1998-08-25"",""birth_year"":1998,""draft_pick"":65,""draft_type"":""ND"",""draft_year"":2017,""legacy_key"":""brandon-zerk-thatcher""}",,True,
491,afl-player-v1-e92e7da190d06a68ff04,brayden-cook,Brayden Cook,North Melbourne Kangaroos,"MID,G-FWD",matched,Brayden Cook,Adelaide,MID,"{""birth_date"":""2002-07-18"",""birth_year"":2002,""draft_pick"":26,""draft_type"":""ND"",""draft_year"":2020,""legacy_key"":""brayden-cook""}",,True,
79,afl-player-v1-7a92c744fa1e8422082f,brayden-fiorini,Brayden Fiorini,Brisbane Lions,MID,matched,Brayden Fiorini,Gold Coast,MID,"{""birth_date"":""1997-08-22"",""birth_year"":1997,""draft_pick"":20,""draft_type"":""ND"",""draft_year"":2015,""legacy_key"":""brayden-fiorini""}",,True,
586,afl-player-v1-36e1c724da662172668d,brayden-george,Brayden George,Richmond Tigers,G-FWD,matched,Brayden George,North Melbourne,G-FWD,"{""birth_date"":""2004-01-13"",""birth_year"":2004,""draft_pick"":26,""draft_type"":""ND"",""draft_year"":2022,""legacy_key"":""brayden-george""}",,False,no_current_or_historical_scoring_games+no_recent_activity_signal+not_recent_unplayed_draftee
489,afl-player-v1-d6d2fe7a40a3a6ef7cf0,brayden-maynard,Brayden Maynard,North Melbourne Kangaroos,G-DEF,matched,Brayden Maynard,Collingwood,G-DEF,"{""birth_date"":""1996-09-20"",""birth_year"":1996,""draft_pick"":30,""draft_type"":""ND"",""draft_year"":2014,""legacy_key"":""brayden-maynard""}",,True,
685,afl-player-v1-445f7f59f6834b843fec,brennan-cox,Brennan Cox,Sydney Swans,"G-DEF,K-DEF",matched,Brennan Cox,Fremantle,K-DEF,"{""birth_date"":""1998-08-13"",""birth_year"":1998,""draft_pick"":41,""draft_type"":""ND"",""draft_year"":2016,""legacy_key"":""brennan-cox""}",,True,
759,afl-player-v1-da6f8389b5a659e1eabe,brent-daniels,Brent Daniels,Essendon Bombers,"G-FWD,MID",matched,Brent Daniels,GWS,G-FWD,"{""birth_date"":""1999-03-09"",""birth_year"":1999,""draft_pick"":27,""draft_type"":""ND"",""draft_year"":2017,""legacy_key"":""brent-daniels""}",,True,
626,afl-player-v1-a0d344b6a9014eca92e7,brodie-grundy,Brodie Grundy,St Kilda Saints,RUCK,matched,Brodie Grundy,Collingwood,RUCK,"{""birth_date"":""1994-04-15"",""birth_year"":1994,""draft_pick"":22,""draft_type"":""ND"",""draft_year"":2012,""legacy_key"":""brodie-grundy""}",,True,
382,afl-player-v1-8206dd775d932c66ff19,brodie-kemp,Brodie Kemp,Geelong Cats,"G-FWD,K-FWD",matched,Brodie Kemp,Carlton,K-FWD,"{""birth_date"":""2001-05-01"",""birth_year"":2001,""draft_pick"":17,""draft_type"":""ND"",""draft_year"":2019,""legacy_key"":""brodie-kemp""}",,True,
61,afl-player-v1-221530aa5e5039c05e58,brody-mihocek,Brody Mihocek,Brisbane Lions,"G-FWD,K-FWD",matched,Brody Mihocek,Collingwood,K-FWD,"{""birth_date"":""1993-02-04"",""birth_year"":1993,""draft_pick"":20,""draft_type"":""RD"",""draft_year"":2017,""legacy_key"":""brody-mihocek""}",,True,
490,afl-player-v1-eea2bfc12fe6f4414f7c,bruce-reville,Bruce Reville,North Melbourne Kangaroos,MID,matched,Bruce Reville,Brisbane,MID,"{""birth_date"":""2001-02-22"",""birth_year"":2001,""draft_pick"":"""",""draft_type"":""PDA"",""draft_year"":2023,""legacy_key"":""bruce-reville""}",draft_pick,True,
50,afl-player-v1-5c33c0ae50436bf7207b,buku-khamis,Buku Khamis,Brisbane Lions,"G-DEF,G-FWD,K-FWD,K-DEF",matched,Buku Khamis,Western Bulldogs,K-DEF,"{""birth_date"":""2000-03-24"",""birth_year"":2000,""draft_pick"":"""",""draft_type"":""PDN"",""draft_year"":2018,""legacy_key"":""buku-khamis""}",draft_pick,True,
98,afl-player-v1-c6c3067150262c510541,caiden-cleary,Caiden Cleary,Carlton Blues,G-FWD,matched,Caiden Cleary,Sydney,G-FWD,"{""birth_date"":""2005-03-05"",""birth_year"":2005,""draft_pick"":24,""draft_type"":""ND"",""draft_year"":2023,""legacy_key"":""caiden-cleary""}",,True,
539,afl-player-v1-f3b426662b256de4c7a8,caleb-daniel,Caleb Daniel,Port Adelaide Power,G-DEF,matched,Caleb Daniel,Western Bulldogs,G-DEF,"{""birth_date"":""1996-07-07"",""birth_year"":1996,""draft_pick"":46,""draft_type"":""ND"",""draft_year"":2014,""legacy_key"":""caleb-daniel""}",,True,
256,afl-player-v1-fafdbcbe6d6e92c5a664,caleb-graham,Caleb Graham,Free agents,"K-DEF,G-DEF",matched,Caleb Graham,Gold Coast,K-DEF,"{""birth_date"":""2000-09-12"",""birth_year"":2000,""draft_pick"":71,""draft_type"":""ND"",""draft_year"":2018,""legacy_key"":""caleb-graham""}",,False,no_recent_activity_signal+not_recent_unplayed_draftee
271,afl-player-v1-e282f2d56c5a18a5f8a7,caleb-lewis,Caleb Lewis,Free agents,"K-FWD,G-FWD",matched,Caleb Lewis,Gold Coast,K-FWD,"{""birth_date"":""2003-09-29"",""birth_year"":2003,""draft_pick"":14,""draft_type"":""MSD"",""draft_year"":2025,""legacy_key"":""caleb-lewis""}",,False,no_current_or_historical_scoring_games+not_recent_unplayed_draftee
461,afl-player-v1-fc6149dc80445b72a5df,caleb-may,Caleb May,Melbourne Demons,RUCK,matched,Caleb May,Western Bulldogs,RUCK,"{""birth_date"":""2005-05-13"",""birth_year"":2005,""draft_pick"":9,""draft_type"":""MSD"",""draft_year"":2026,""legacy_key"":""caleb-may""}",,False,no_current_or_historical_scoring_games+not_recent_unplayed_draftee
796,afl-player-v1-970c598ee4fc55acaa39,caleb-serong,Caleb Serong,Western Bulldogs,MID,matched,Caleb Serong,Fremantle,MID,"{""birth_date"":""2001-02-09"",""birth_year"":2001,""draft_pick"":8,""draft_type"":""ND"",""draft_year"":2019,""legacy_key"":""caleb-serong""}",,True,
791,afl-player-v1-71421bf17a2b7d51e376,caleb-windsor,Caleb Windsor,Western Bulldogs,"G-DEF,MID",matched,Caleb Windsor,Melbourne,MID,"{""birth_date"":""2005-06-09"",""birth_year"":2005,""draft_pick"":7,""draft_type"":""ND"",""draft_year"":2023,""legacy_key"":""caleb-windsor""}",,True,
353,afl-player-v1-0b851ac82d1ffef7f781,callum-ah-chee,Callum Ah Chee,Geelong Cats,G-FWD,matched,Callum Ah Chee,Gold Coast,G-FWD,"{""birth_date"":""1997-10-09"",""birth_year"":1997,""draft_pick"":8,""draft_type"":""ND"",""draft_year"":2015,""legacy_key"":""callum-ah-chee""}",,True,
246,afl-player-v1-17f0b755996b041b69f4,callum-coleman-jones,Callum Coleman-Jones,Free agents,RUCK,matched,Callum Coleman-Jones,Richmond,K-FWD,"{""birth_date"":""1999-06-13"",""birth_year"":1999,""draft_pick"":20,""draft_type"":""ND"",""draft_year"":2017,""legacy_key"":""callum-coleman-jones""}",,True,
629,afl-player-v1-2aa15c17a8f9bb98c666,callum-brown-ire,Callum M. Brown,St Kilda Saints,G-FWD,matched,Callum M. Brown,GWS,G-FWD,"{""birth_date"":""2000-08-15"",""birth_year"":2000,""draft_pick"":"""",""draft_type"":""IRE"",""draft_year"":2018,""legacy_key"":""callum-brown-ire""}",draft_pick,True,
155,afl-player-v1-be6280152eab06a384a7,callum-mills,Callum Mills,Collingwood Magpies,G-DEF,matched,Callum Mills,Sydney,G-DEF,"{""birth_date"":""1997-04-02"",""birth_year"":1997,""draft_pick"":3,""draft_type"":""ND"",""draft_year"":2015,""legacy_key"":""callum-mills""}",,True,
527,afl-player-v1-126dfd2722f326d411fd,callum-wilkie,Callum Wilkie,North Melbourne Kangaroos,"G-DEF,K-DEF",matched,Callum Wilkie,St Kilda,K-DEF,"{""birth_date"":""1996-03-10"",""birth_year"":1996,""draft_pick"":2,""draft_type"":""RD"",""draft_year"":2018,""legacy_key"":""callum-wilkie""}",,True,
166,afl-player-v1-d03a41a0d6c2f19380f3,calsher-dear,Calsher Dear,Collingwood Magpies,"G-FWD,K-FWD",matched,Calsher Dear,Hawthorn,K-FWD,"{""birth_date"":""2005-08-04"",""birth_year"":2005,""draft_pick"":56,""draft_type"":""ND"",""draft_year"":2023,""legacy_key"":""calsher-dear""}",,True,
803,afl-player-v1-58209e6544f9705de29e,cameron-mackenzie,Cameron Mackenzie,Western Bulldogs,MID,matched,Cameron Mackenzie,Hawthorn,MID,"{""birth_date"":""2004-01-21"",""birth_year"":2004,""draft_pick"":7,""draft_type"":""ND"",""draft_year"":2022,""legacy_key"":""cameron-mackenzie""}",,True,
398,afl-player-v1-cd052426fa39db3f0120,cameron-nairn,Cameron Nairn,Hawthorn Hawks,"MID,G-FWD",matched,Cameron Nairn,Hawthorn,G-FWD,"{""birth_date"":""2007-10-15"",""birth_year"":2007,""draft_pick"":20,""draft_type"":""ND"",""draft_year"":2025,""legacy_key"":""cameron-nairn""}",,True,
371,afl-player-v1-ef6e380522f2f654bf4f,cameron-rayner,Cameron Rayner,Geelong Cats,G-FWD,matched,Cameron Rayner,Brisbane,G-FWD,"{""birth_date"":""1999-10-21"",""birth_year"":1999,""draft_pick"":1,""draft_type"":""ND"",""draft_year"":2017,""legacy_key"":""cameron-rayner""}",,True,
613,afl-player-v1-397ef921c11641ab2a61,cameron-zurhaar,Cameron Zurhaar,Richmond Tigers,"G-FWD,G-DEF",matched,Cameron Zurhaar,North Melbourne,G-FWD,"{""birth_date"":""1998-05-22"",""birth_year"":1998,""draft_pick"":10,""draft_type"":""RD"",""draft_year"":2016,""legacy_key"":""cameron-zurhaar""}",,True,
91,afl-player-v1-5303c488741249f3d485,campbell-chesser,Campbell Chesser,Essendon Bombers,MID,matched,Campbell Chesser,West Coast,MID,"{""birth_date"":""2003-04-27"",""birth_year"":2003,""draft_pick"":14,""draft_type"":""ND"",""draft_year"":2021,""legacy_key"":""campbell-chesser""}",,True,
96,afl-player-v1-af1e6384eb8bd0db99b6,campbell-gray,Campbell Gray,Carlton Blues,"G-DEF,K-DEF,RUCK",matched,Campbell Gray,Richmond,K-DEF,"{""birth_date"":""2003-08-01"",""birth_year"":2003,""draft_pick"":16,""draft_type"":""MSD"",""draft_year"":2024,""legacy_key"":""campbell-gray""}",,True,
603,afl-player-v1-4a2df595cb1ba12b7a45,campbell-lake,Campbell Lake,Richmond Tigers,"G-FWD,MID",matched,Campbell Lake,St Kilda,G-FWD,"{""birth_date"":""2004-08-11"",""birth_year"":2004,""draft_pick"":7,""draft_type"":""MSD"",""draft_year"":2026,""legacy_key"":""campbell-lake""}",,True,
509,afl-player-v1-95e6edb27f0d4ea676f1,chad-warner,Chad Warner,North Melbourne Kangaroos,"MID,G-FWD",matched,Chad Warner,Sydney,MID,"{""birth_date"":""2001-05-19"",""birth_year"":2001,""draft_pick"":39,""draft_type"":""ND"",""draft_year"":2019,""legacy_key"":""chad-warner""}",,True,
800,afl-player-v1-0d58e3e7af08a0573883,changkuoth-jiath,Changkuoth Jiath,Western Bulldogs,G-DEF,matched,Changkuoth Jiath,Hawthorn,G-DEF,"{""birth_date"":""1999-06-13"",""birth_year"":1999,""draft_pick"":"""",""draft_type"":""PDN"",""draft_year"":2017,""legacy_key"":""changkuoth-jiath""}",draft_pick,True,
95,afl-player-v1-b8bb99a0c8d9a611efd0,charlie-ballard,Charlie Ballard,Carlton Blues,"G-DEF,K-DEF",matched,Charlie Ballard,Gold Coast,K-DEF,"{""birth_date"":""1999-07-23"",""birth_year"":1999,""draft_pick"":42,""draft_type"":""ND"",""draft_year"":2017,""legacy_key"":""charlie-ballard""}",,True,
484,afl-player-v1-87e4c971ec1689a965d6,charlie-banfield,Charlie Banfield,Melbourne Demons,"MID,G-FWD",matched,Charlie Banfield,St Kilda,MID,"{""birth_date"":""2007-07-18"",""birth_year"":2007,""draft_pick"":41,""draft_type"":""ND"",""draft_year"":2025,""legacy_key"":""charlie-banfield""}",,True,
708,afl-player-v1-7f331c01fa1334654985,charlie-cameron,Charlie Cameron,Sydney Swans,G-FWD,matched,Charlie Cameron,Adelaide,G-FWD,"{""birth_date"":""1994-07-05"",""birth_year"":1994,""draft_pick"":6,""draft_type"":""RD"",""draft_year"":2013,""legacy_key"":""charlie-cameron""}",,True,
639,afl-player-v1-b2c20ab6820a656f1945,charlie-comben,Charlie Comben,St Kilda Saints,K-DEF,matched,Charlie Comben,North Melbourne,K-DEF,"{""birth_date"":""2001-07-20"",""birth_year"":2001,""draft_pick"":31,""draft_type"":""ND"",""draft_year"":2019,""legacy_key"":""charlie-comben""}",,True,
9,afl-player-v1-a9f80c63a274e4e1bbb3,charlie-curnow,Charlie Curnow,Adelaide Crows,"G-FWD,K-FWD",matched,Charlie Curnow,Carlton,K-FWD,"{""birth_date"":""1997-02-03"",""birth_year"":1997,""draft_pick"":12,""draft_type"":""ND"",""draft_year"":2015,""legacy_key"":""charlie-curnow""}",,True,
437,afl-player-v1-e3101fd43facb6870d9a,charlie-edwards,Charlie Edwards,Hawthorn Hawks,"G-DEF,MID",matched,Charlie Edwards,Adelaide,MID,"{""birth_date"":""2005-05-18"",""birth_year"":2005,""draft_pick"":21,""draft_type"":""ND"",""draft_year"":2023,""legacy_key"":""charlie-edwards""}",,True,
400,afl-player-v1-6437310147a94494220e,charlie-nicholls,Charlie Nicholls,Hawthorn Hawks,"G-FWD,K-FWD",matched,Charlie Nicholls,Fremantle,K-FWD,"{""birth_date"":""2006-06-08"",""birth_year"":2006,""draft_pick"":34,""draft_type"":""ND"",""draft_year"":2024,""legacy_key"":""charlie-nicholls""}",,True,
573,afl-player-v1-a1f4b1e733f155a14dcc,charlie-spargo,Charlie Spargo,Port Adelaide Power,G-FWD,matched,Charlie Spargo,Melbourne,G-FWD,"{""birth_date"":""1999-11-25"",""birth_year"":1999,""draft_pick"":29,""draft_type"":""ND"",""draft_year"":2017,""legacy_key"":""charlie-spargo""}",,True,
789,afl-player-v1-d188bb0f21cc85bbd788,charlie-west,Charlie West,Western Bulldogs,"G-FWD,K-FWD",matched,Charlie West,Collingwood,K-FWD,"{""birth_date"":""2006-02-01"",""birth_year"":2006,""draft_pick"":50,""draft_type"":""ND"",""draft_year"":2024,""legacy_key"":""charlie-west""}",,True,
266,afl-player-v1-27b21d716a174d3d7a69,chayce-jones,Chayce Jones,Free agents,"G-DEF,MID",matched,Chayce Jones,Adelaide,MID,"{""birth_date"":""2000-01-14"",""birth_year"":2000,""draft_pick"":9,""draft_type"":""ND"",""draft_year"":2018,""legacy_key"":""chayce-jones""}",,True,
604,afl-player-v1-ce97654bb88ebc40ffe5,chris-scerri,Chris Scerri,Richmond Tigers,"G-FWD,MID",matched,Chris Scerri,Fremantle,G-FWD,"{""birth_date"":""2006-07-06"",""birth_year"":2006,""draft_pick"":"""",""draft_type"":""SSP"",""draft_year"":2025,""legacy_key"":""chris-scerri""}",draft_pick,True,
620,afl-player-v1-64ab25bfb0ad8838d8f5,christian-moraes,Christian Moraes,Richmond Tigers,"MID,G-FWD",matched,Christian Moraes,Port Adelaide,MID,"{""birth_date"":""2006-11-08"",""birth_year"":2006,""draft_pick"":38,""draft_type"":""ND"",""draft_year"":2024,""legacy_key"":""christian-moraes""}",,True,
750,afl-player-v1-fb186725cde9cc707a20,christian-petracca,Christian Petracca,West Coast Eagles,"MID,G-FWD",matched,Christian Petracca,Melbourne,MID,"{""birth_date"":""1996-01-04"",""birth_year"":1996,""draft_pick"":2,""draft_type"":""ND"",""draft_year"":2014,""legacy_key"":""christian-petracca""}",,True,
553,afl-player-v1-0f7806fb9aa246ac2b53,christian-salem,Christian Salem,Port Adelaide Power,G-DEF,matched,Christian Salem,Melbourne,G-DEF,"{""birth_date"":""1995-07-15"",""birth_year"":1995,""draft_pick"":9,""draft_type"":""ND"",""draft_year"":2013,""legacy_key"":""christian-salem""}",,True,
241,afl-player-v1-60a82e89999eaca19d3f,cillian-bourke,Cillian Bourke,Free agents,G-DEF,matched,Cillian Bourke,,G-DEF,"{""birth_date"":""2006-06-07"",""birth_year"":2006,""draft_pick"":"""",""draft_type"":""IRE"",""draft_year"":2025,""legacy_key"":""cillian-bourke""}",draft_pick,False,no_current_or_historical_scoring_games+not_recent_unplayed_draftee
562,afl-player-v1-a8a7e455c41a52501435,cillian-burke,Cillian Burke,Port Adelaide Power,G-DEF,matched,Cillian Burke,Geelong,G-DEF,"{""birth_date"":""2003-03-29"",""birth_year"":2003,""draft_pick"":"""",""draft_type"":""IRE"",""draft_year"":2024,""legacy_key"":""cillian-burke""}",draft_pick,False,no_current_or_historical_scoring_games+not_recent_unplayed_draftee
169,afl-player-v1-2208c3991369c533d843,clay-hall,Clay Hall,Collingwood Magpies,MID,matched,Clay Hall,West Coast,MID,"{""birth_date"":""2005-05-12"",""birth_year"":2005,""draft_pick"":38,""draft_type"":""ND"",""draft_year"":2023,""legacy_key"":""clay-hall""}",,True,
488,afl-player-v1-614cf30f246427aac1aa,clayton-oliver,Clayton Oliver,North Melbourne Kangaroos,MID,matched,Clayton Oliver,Melbourne,MID,"{""birth_date"":""1997-07-22"",""birth_year"":1997,""draft_pick"":4,""draft_type"":""ND"",""draft_year"":2015,""legacy_key"":""clayton-oliver""}",,True,
232,afl-player-v1-2f6242ef54860fa75fb3,cody-anderson,Cody Anderson,Free agents,G-FWD,matched,Cody Anderson,Hawthorn,G-FWD,"{""birth_date"":""2006-01-30"",""birth_year"":2006,""draft_pick"":64,""draft_type"":""ND"",""draft_year"":2024,""legacy_key"":""cody-anderson""}",,True,
399,afl-player-v1-1567c17ff91df73eaaa2,cody-angove,Cody Angove,Hawthorn Hawks,G-FWD,matched,Cody Angove,GWS,MID,"{""birth_date"":""2006-05-28"",""birth_year"":2006,""draft_pick"":24,""draft_type"":""ND"",""draft_year"":2024,""legacy_key"":""cody-angove""}",,True,
628,afl-player-v1-fdb2a94cef6232ae9d2f,cody-curtin,Cody Curtin,St Kilda Saints,"G-FWD,K-FWD",matched,Cody Curtin,Brisbane,K-FWD,"{""birth_date"":""2007-05-18"",""birth_year"":2007,""draft_pick"":43,""draft_type"":""ND"",""draft_year"":2025,""legacy_key"":""cody-curtin""}",,True,
148,afl-player-v1-261fb8d2a929be14129f,cody-weightman,Cody Weightman,Collingwood Magpies,G-FWD,matched,Cody Weightman,Western Bulldogs,G-FWD,"{""birth_date"":""2001-01-15"",""birth_year"":2001,""draft_pick"":15,""draft_type"":""ND"",""draft_year"":2019,""legacy_key"":""cody-weightman""}",,True,
589,afl-player-v1-ec36ae407a5d9b9384e1,colby-mckercher,Colby McKercher,Richmond Tigers,"G-DEF,G-FWD",matched,Colby McKercher,North Melbourne,MID,"{""birth_date"":""2005-04-12"",""birth_year"":2005,""draft_pick"":2,""draft_type"":""ND"",""draft_year"":2023,""legacy_key"":""colby-mckercher""}",,True,
69,afl-player-v1-10478fc6854d4a00ac91,connor-budarick,Connor Budarick,Brisbane Lions,"G-FWD,G-DEF",matched,Connor Budarick,Gold Coast,G-DEF,"{""birth_date"":""2001-04-06"",""birth_year"":2001,""draft_pick"":11,""draft_type"":""RD"",""draft_year"":2019,""legacy_key"":""connor-budarick""}",,True,
494,afl-player-v1-46b344bd8a10773aecd3,connor-idun,Connor Idun,North Melbourne Kangaroos,G-DEF,matched,Connor Idun,GWS,G-DEF,"{""birth_date"":""2000-07-29"",""birth_year"":2000,""draft_pick"":61,""draft_type"":""ND"",""draft_year"":2018,""legacy_key"":""connor-idun""}",,True,
579,afl-player-v1-6b6ba869803850018d0a,connor-macdonald,Connor MacDonald,Richmond Tigers,G-FWD,matched,Connor MacDonald,Hawthorn,G-FWD,"{""birth_date"":""2003-01-13"",""birth_year"":2003,""draft_pick"":26,""draft_type"":""ND"",""draft_year"":2021,""legacy_key"":""connor-macdonald""}",,True,
768,afl-player-v1-6cade3f7f33048badf28,connor-o-sullivan,Connor O'Sullivan,Western Bulldogs,"G-DEF,K-DEF",matched,Connor O'Sullivan,Geelong,K-DEF,"{""birth_date"":""2005-05-19"",""birth_year"":2005,""draft_pick"":11,""draft_type"":""ND"",""draft_year"":2023,""legacy_key"":""connor-o-sullivan""}",,True,
38,afl-player-v1-03ee55a3db4377aa7023,connor-rozee,Connor Rozee,Adelaide Crows,"G-DEF,MID",matched,Connor Rozee,Port Adelaide,MID,"{""birth_date"":""2000-01-22"",""birth_year"":2000,""draft_pick"":5,""draft_type"":""ND"",""draft_year"":2018,""legacy_key"":""connor-rozee""}",,True,
624,afl-player-v1-e54d1b525f74546c124a,conor-mckenna,Conor McKenna,St Kilda Saints,G-FWD,matched,Conor McKenna,Essendon,G-FWD,"{""birth_date"":""1996-03-28"",""birth_year"":1996,""draft_pick"":"""",""draft_type"":""IRE"",""draft_year"":2014,""legacy_key"":""conor-mckenna""}",draft_pick,True,
696,afl-player-v1-f6a31f144b76f71804c8,conor-nash,Conor Nash,Sydney Swans,MID,matched,Conor Nash,Hawthorn,MID,"{""birth_date"":""1998-07-28"",""birth_year"":1998,""draft_pick"":"""",""draft_type"":""IRE"",""draft_year"":2016,""legacy_key"":""conor-nash""}",draft_pick,True,
192,afl-player-v1-95c0c5cff3419f06f68d,conor-stone,Conor Stone,Brisbane Lions,G-DEF,matched,Conor Stone,GWS,G-DEF,"{""birth_date"":""2002-04-22"",""birth_year"":2002,""draft_pick"":15,""draft_type"":""ND"",""draft_year"":2020,""legacy_key"":""conor-stone""}",,True,
237,afl-player-v1-bf7db2461bd138a98def,cooper-bell,Cooper Bell,Free agents,"K-FWD,K-DEF,G-FWD,G-DEF",matched,Cooper Bell,Gold Coast,K-DEF,"{""birth_date"":""2006-11-30"",""birth_year"":2006,""draft_pick"":49,""draft_type"":""ND"",""draft_year"":2024,""legacy_key"":""cooper-bell""}",,True,
343,afl-player-v1-966ce678436f2d41e439,cooper-duff-tytler,Cooper Duff-Tytler,Fremantle Dockers,"RUCK,G-FWD,K-FWD",matched,Cooper Duff-Tytler,West Coast,K-FWD,"{""birth_date"":""2007-08-22"",""birth_year"":2007,""draft_pick"":4,""draft_type"":""ND"",""draft_year"":2025,""legacy_key"":""cooper-duff-tytler""}",,True,
607,afl-player-v1-29bb554c3e47c1c2568b,cooper-harvey,Cooper Harvey,Richmond Tigers,G-FWD,matched,Cooper Harvey,North Melbourne,G-FWD,"{""birth_date"":""2004-07-12"",""birth_year"":2004,""draft_pick"":56,""draft_type"":""ND"",""draft_year"":2022,""legacy_key"":""cooper-harvey""}",,True,
320,afl-player-v1-f7ee4c5cee3db83cf90b,cooper-hynes,Cooper Hynes,Fremantle Dockers,G-FWD,matched,Cooper Hynes,Western Bulldogs,MID,"{""birth_date"":""2006-02-28"",""birth_year"":2006,""draft_pick"":20,""draft_type"":""ND"",""draft_year"":2024,""legacy_key"":""cooper-hynes""}",,True,
769,afl-player-v1-33880cd39dfb13366e39,cooper-lord,Cooper Lord,Western Bulldogs,MID,matched,Cooper Lord,Carlton,MID,"{""birth_date"":""2005-03-20"",""birth_year"":2005,""draft_pick"":9,""draft_type"":""MSD"",""draft_year"":2024,""legacy_key"":""cooper-lord""}",,True,
42,afl-player-v1-49e7841acad14b2e2383,cooper-sharman,Cooper Sharman,Adelaide Crows,"G-FWD,K-FWD",matched,Cooper Sharman,St Kilda,K-FWD,"{""birth_date"":""2000-07-25"",""birth_year"":2000,""draft_pick"":20,""draft_type"":""MSD"",""draft_year"":2021,""legacy_key"":""cooper-sharman""}",,True,
602,afl-player-v1-ed04080f429f90809986,cooper-simpson,Cooper Simpson,Richmond Tigers,G-DEF,matched,Cooper Simpson,Fremantle,G-DEF,"{""birth_date"":""2005-02-13"",""birth_year"":2005,""draft_pick"":35,""draft_type"":""ND"",""draft_year"":2023,""legacy_key"":""cooper-simpson""}",,True,
594,afl-player-v1-4c67f2beca06a7bc6443,cooper-trembath,Cooper Trembath,Richmond Tigers,"G-FWD,K-FWD",matched,Cooper Trembath,North Melbourne,K-FWD,"{""birth_date"":""2005-10-17"",""birth_year"":2005,""draft_pick"":10,""draft_type"":""MSD"",""draft_year"":2025,""legacy_key"":""cooper-trembath""}",,True,
565,afl-player-v1-e148f8679875b3d6250a,corey-durdin,Corey Durdin,Port Adelaide Power,G-FWD,matched,Corey Durdin,Carlton,G-FWD,"{""birth_date"":""2002-04-14"",""birth_year"":2002,""draft_pick"":39,""draft_type"":""ND"",""draft_year"":2020,""legacy_key"":""corey-durdin""}",,True,
688,afl-player-v1-b863559cd3b5b300ab3e,corey-wagner,Corey Wagner,Sydney Swans,"MID,G-DEF",matched,Corey Wagner,North Melbourne,G-DEF,"{""birth_date"":""1997-03-23"",""birth_year"":1997,""draft_pick"":43,""draft_type"":""ND"",""draft_year"":2015,""legacy_key"":""corey-wagner""}",,True,
475,afl-player-v1-eac847169c7ae1525269,corey-warner,Corey Warner,Melbourne Demons,"MID,G-FWD",matched,Corey Warner,Sydney,G-FWD,"{""birth_date"":""2003-10-07"",""birth_year"":2003,""draft_pick"":40,""draft_type"":""ND"",""draft_year"":2021,""legacy_key"":""corey-warner""}",,True,
630,afl-player-v1-e415df5077f164469cba,dan-houston,Dan Houston,St Kilda Saints,G-DEF,matched,Dan Houston,Port Adelaide,G-DEF,"{""birth_date"":""1997-05-12"",""birth_year"":1997,""draft_pick"":32,""draft_type"":""RD"",""draft_year"":2015,""legacy_key"":""dan-houston""}",,True,
62,afl-player-v1-7d2a459ea2ec881ee4e0,dane-rampe,Dane Rampe,Brisbane Lions,G-DEF,matched,Dane Rampe,Sydney,G-DEF,"{""birth_date"":""1990-06-02"",""birth_year"":1990,""draft_pick"":28,""draft_type"":""RD"",""draft_year"":2012,""legacy_key"":""dane-rampe""}",,True,
325,afl-player-v1-a5b652e10f1562485b41,daniel-annable,Daniel Annable,Fremantle Dockers,MID,matched,Daniel Annable,Brisbane,MID,"{""birth_date"":""2007-04-05"",""birth_year"":2007,""draft_pick"":6,""draft_type"":""ND"",""draft_year"":2025,""legacy_key"":""daniel-annable""}",,True,
244,afl-player-v1-fd8f88cb7a251aba137f,daniel-butler,Daniel Butler,Free agents,G-FWD,matched,Daniel Butler,Richmond,G-FWD,"{""birth_date"":""1996-06-03"",""birth_year"":1996,""draft_pick"":65,""draft_type"":""ND"",""draft_year"":2014,""legacy_key"":""daniel-butler""}",,True,
485,afl-player-v1-ed3e4aafc7efc030fed6,daniel-curtin,Daniel Curtin,Melbourne Demons,MID,matched,Daniel Curtin,Adelaide,MID,"{""birth_date"":""2005-03-08"",""birth_year"":2005,""draft_pick"":8,""draft_type"":""ND"",""draft_year"":2023,""legacy_key"":""daniel-curtin""}",,True,
87,afl-player-v1-96295534a1df94d2044b,daniel-mcstay,Daniel McStay,Brisbane Lions,"G-FWD,K-FWD",matched,Daniel McStay,Brisbane,K-FWD,"{""birth_date"":""1995-06-24"",""birth_year"":1995,""draft_pick"":25,""draft_type"":""ND"",""draft_year"":2013,""legacy_key"":""daniel-mcstay""}",,True,
165,afl-player-v1-2ba9319113f47277fa21,daniel-rioli,Daniel Rioli,Collingwood Magpies,G-DEF,matched,Daniel Rioli,Richmond,G-DEF,"{""birth_date"":""1997-04-16"",""birth_year"":1997,""draft_pick"":15,""draft_type"":""ND"",""draft_year"":2015,""legacy_key"":""daniel-rioli""}",,True,
751,afl-player-v1-6bfc71843f2ecd457c94,daniel-turner,Daniel Turner,West Coast Eagles,"G-DEF,K-DEF",matched,Daniel Turner,Melbourne,K-DEF,"{""birth_date"":""2002-01-28"",""birth_year"":2002,""draft_pick"":22,""draft_type"":""MSD"",""draft_year"":2021,""legacy_key"":""daniel-turner""}",,True,
25,afl-player-v1-8406445026a762edd922,dante-visentini,Dante Visentini,Adelaide Crows,"RUCK,G-FWD,K-FWD",matched,Dante Visentini,Port Adelaide,RUCK,"{""birth_date"":""2003-02-13"",""birth_year"":2003,""draft_pick"":56,""draft_type"":""ND"",""draft_year"":2021,""legacy_key"":""dante-visentini""}",,True,
572,afl-player-v1-f2d3605fc71d7aa8d371,darcy-byrne-jones,Darcy Byrne-Jones,Port Adelaide Power,"G-FWD,G-DEF",matched,Darcy Byrne-Jones,Port Adelaide,G-DEF,"{""birth_date"":""1995-09-20"",""birth_year"":1995,""draft_pick"":50,""draft_type"":""ND"",""draft_year"":2013,""legacy_key"":""darcy-byrne-jones""}",,True,
740,afl-player-v1-e4ebf44ca266366dbc1c,darcy-cameron,Darcy Cameron,West Coast Eagles,RUCK,matched,Darcy Cameron,Sydney,RUCK,"{""birth_date"":""1995-07-18"",""birth_year"":1995,""draft_pick"":48,""draft_type"":""ND"",""draft_year"":2016,""legacy_key"":""darcy-cameron""}",,True,
568,afl-player-v1-258d2d81770b23a2a512,darcy-fogarty,Darcy Fogarty,Port Adelaide Power,"G-FWD,K-FWD",matched,Darcy Fogarty,Adelaide,K-FWD,"{""birth_date"":""1999-09-25"",""birth_year"":1999,""draft_pick"":12,""draft_type"":""ND"",""draft_year"":2017,""legacy_key"":""darcy-fogarty""}",,True,
167,afl-player-v1-f71449e1a2898d8edeb8,darcy-fort,Darcy Fort,Collingwood Magpies,RUCK,matched,Darcy Fort,Geelong,RUCK,"{""birth_date"":""1993-08-06"",""birth_year"":1993,""draft_pick"":65,""draft_type"":""ND"",""draft_year"":2018,""legacy_key"":""darcy-fort""}",,True,
354,afl-player-v1-58e657a00852c21c0ddf,darcy-gardiner,Darcy Gardiner,Geelong Cats,"G-DEF,K-FWD",matched,Darcy Gardiner,Brisbane,K-DEF,"{""birth_date"":""1995-09-22"",""birth_year"":1995,""draft_pick"":22,""draft_type"":""ND"",""draft_year"":2013,""legacy_key"":""darcy-gardiner""}",,True,
218,afl-player-v1-5d34ee663f616a7fcf27,darcy-jones,Darcy Jones,Essendon Bombers,G-FWD,matched,Darcy Jones,GWS,G-FWD,"{""birth_date"":""2004-04-03"",""birth_year"":2004,""draft_pick"":21,""draft_type"":""ND"",""draft_year"":2022,""legacy_key"":""darcy-jones""}",,True,
733,afl-player-v1-8cf5e493bdfae3733c6d,darcy-moore,Darcy Moore,Essendon Bombers,"G-DEF,K-DEF",matched,Darcy Moore,Collingwood,K-DEF,"{""birth_date"":""1996-01-25"",""birth_year"":1996,""draft_pick"":8,""draft_type"":""ND"",""draft_year"":2014,""legacy_key"":""darcy-moore""}",,True,
156,afl-player-v1-e0ceb17af75166c18ba6,darcy-parish,Darcy Parish,Collingwood Magpies,MID,matched,Darcy Parish,Essendon,MID,"{""birth_date"":""1997-07-25"",""birth_year"":1997,""draft_pick"":5,""draft_type"":""ND"",""draft_year"":2015,""legacy_key"":""darcy-parish""}",,True,
408,afl-player-v1-bc6b9ef5332c2f4e8715,darcy-wilmot,Darcy Wilmot,Hawthorn Hawks,G-DEF,matched,Darcy Wilmot,Brisbane,G-DEF,"{""birth_date"":""2003-12-31"",""birth_year"":2003,""draft_pick"":16,""draft_type"":""ND"",""draft_year"":2021,""legacy_key"":""darcy-wilmot""}",,True,
775,afl-player-v1-d06df65863958adcd922,darcy-wilson,Darcy Wilson,Western Bulldogs,"MID,G-FWD",matched,Darcy Wilson,St Kilda,G-FWD,"{""birth_date"":""2005-08-18"",""birth_year"":2005,""draft_pick"":18,""draft_type"":""ND"",""draft_year"":2023,""legacy_key"":""darcy-wilson""}",,True,
268,afl-player-v1-7555fe54ff67c19818b0,darragh-joyce,Darragh Joyce,Free agents,"K-DEF,G-DEF",matched,Darragh Joyce,St Kilda,K-DEF,"{""birth_date"":""1997-04-23"",""birth_year"":1997,""draft_pick"":"""",""draft_type"":""IRE"",""draft_year"":2016,""legacy_key"":""darragh-joyce""}",draft_pick,True,
536,afl-player-v1-492319f4c76dbc13ba1a,dayne-zorko,Dayne Zorko,Port Adelaide Power,G-DEF,matched,Dayne Zorko,,G-DEF,"{""birth_date"":""1989-02-09"",""birth_year"":1989,""draft_pick"":41,""draft_type"":""ND"",""draft_year"":2011,""legacy_key"":""dayne-zorko""}",,True,
466,afl-player-v1-eb806190ff707f002a41,deven-robertson,Deven Robertson,Melbourne Demons,"G-FWD,MID",matched,Deven Robertson,Brisbane,MID,"{""birth_date"":""2001-06-30"",""birth_year"":2001,""draft_pick"":22,""draft_type"":""ND"",""draft_year"":2019,""legacy_key"":""deven-robertson""}",,True,
689,afl-player-v1-7fe8fd54753702fa0287,dion-prestia,Dion Prestia,Sydney Swans,"MID,G-FWD",matched,Dion Prestia,Gold Coast,MID,"{""birth_date"":""1992-10-12"",""birth_year"":1992,""draft_pick"":10,""draft_type"":""ND"",""draft_year"":2010,""legacy_key"":""dion-prestia""}",,True,
567,afl-player-v1-185b7da86ed41cfa157e,dougal-howard,Dougal Howard,Port Adelaide Power,"G-DEF,K-DEF",matched,Dougal Howard,Port Adelaide,K-DEF,"{""birth_date"":""1996-03-25"",""birth_year"":1996,""draft_pick"":56,""draft_type"":""ND"",""draft_year"":2014,""legacy_key"":""dougal-howard""}",,True,
416,afl-player-v1-d6e8ec84d8c2b89ba890,dylan-moore,Dylan Moore,Hawthorn Hawks,G-FWD,matched,Dylan Moore,Hawthorn,G-FWD,"{""birth_date"":""1999-08-04"",""birth_year"":1999,""draft_pick"":66,""draft_type"":""ND"",""draft_year"":2017,""legacy_key"":""dylan-moore""}",,True,
134,afl-player-v1-0240af654fa3bcbf3f1e,dylan-patterson,Dylan Patterson,Melbourne Demons,G-DEF,matched,Dylan Patterson,Gold Coast,G-DEF,"{""birth_date"":""2007-09-01"",""birth_year"":2007,""draft_pick"":5,""draft_type"":""ND"",""draft_year"":2025,""legacy_key"":""dylan-patterson""}",,True,
194,afl-player-v1-fd0092d26b0a422f8f77,dylan-stephens,Dylan Stephens,Essendon Bombers,MID,matched,Dylan Stephens,Sydney,MID,"{""birth_date"":""2001-01-08"",""birth_year"":2001,""draft_pick"":5,""draft_type"":""ND"",""draft_year"":2019,""legacy_key"":""dylan-stephens""}",,True,
334,afl-player-v1-62148c46129794e49893,dyson-sharp,Dyson Sharp,Fremantle Dockers,MID,matched,Dyson Sharp,Essendon,MID,"{""birth_date"":""2007-05-23"",""birth_year"":2007,""draft_pick"":13,""draft_type"":""ND"",""draft_year"":2025,""legacy_key"":""dyson-sharp""}",,True,
411,afl-player-v1-ea8470a13f4aadb5fc4d,eamonn-armstrong,Eamonn Armstrong,Hawthorn Hawks,G-DEF,matched,Eamonn Armstrong,St Kilda,G-DEF,"{""birth_date"":""2006-07-26"",""birth_year"":2006,""draft_pick"":"""",""draft_type"":""IRE"",""draft_year"":2024,""legacy_key"":""eamonn-armstrong""}",draft_pick,False,no_current_or_historical_scoring_games+not_recent_unplayed_draftee
713,afl-player-v1-aa4d5b1969d471186a49,ed-langdon,Ed Langdon,Sydney Swans,"MID,G-FWD,G-DEF",matched,Ed Langdon,Fremantle,G-DEF,"{""birth_date"":""1996-02-01"",""birth_year"":1996,""draft_pick"":54,""draft_type"":""ND"",""draft_year"":2014,""legacy_key"":""ed-langdon""}",,True,
650,afl-player-v1-b9ea3f3086273085ef4e,ed-richards,Ed Richards,St Kilda Saints,MID,matched,Ed Richards,Western Bulldogs,MID,"{""birth_date"":""1999-07-03"",""birth_year"":1999,""draft_pick"":16,""draft_type"":""ND"",""draft_year"":2017,""legacy_key"":""ed-richards""}",,True,
584,afl-player-v1-5d5b047e5ea5f9951808,edward-allan,Edward Allan,Richmond Tigers,MID,matched,Edward Allan,Collingwood,MID,"{""birth_date"":""2004-05-26"",""birth_year"":2004,""draft_pick"":19,""draft_type"":""ND"",""draft_year"":2022,""legacy_key"":""edward-allan""}",,True,
445,afl-player-v1-67f3229c73d8afdd447b,elijah-hewett,Elijah Hewett,Melbourne Demons,MID,matched,Elijah Hewett,West Coast,MID,"{""birth_date"":""2004-05-27"",""birth_year"":2004,""draft_pick"":14,""draft_type"":""ND"",""draft_year"":2022,""legacy_key"":""elijah-hewett""}",,True,
213,afl-player-v1-dc6b2cd7d48c8b4255bd,elijah-hollands,Elijah Hollands,Essendon Bombers,"G-FWD,MID",matched,Elijah Hollands,Gold Coast,G-FWD,"{""birth_date"":""2002-04-25"",""birth_year"":2002,""draft_pick"":7,""draft_type"":""ND"",""draft_year"":2020,""legacy_key"":""elijah-hollands""}",,True,
451,afl-player-v1-00738d7373930be4d45d,elijah-tsatas,Elijah Tsatas,Melbourne Demons,MID,matched,Elijah Tsatas,Essendon,MID,"{""birth_date"":""2004-10-18"",""birth_year"":2004,""draft_pick"":5,""draft_type"":""ND"",""draft_year"":2022,""legacy_key"":""elijah-tsatas""}",,True,
523,afl-player-v1-5ffdbf36d1697aac7ef8,elliot-yeo,Elliot Yeo,North Melbourne Kangaroos,"MID,G-FWD",matched,Elliot Yeo,Brisbane,MID,"{""birth_date"":""1993-10-01"",""birth_year"":1993,""draft_pick"":38,""draft_type"":""ND"",""draft_year"":2011,""legacy_key"":""elliot-yeo""}",,True,
262,afl-player-v1-a1ee363298e454ebcca4,elliot-himmelberg,Elliott Himmelberg,Free agents,"K-FWD,G-FWD",matched,Elliott Himmelberg,Adelaide,K-FWD,"{""birth_date"":""1998-06-04"",""birth_year"":1998,""draft_pick"":51,""draft_type"":""ND"",""draft_year"":2016,""legacy_key"":""elliot-himmelberg""}",,True,
49,afl-player-v1-b6a02cc47fed6efaa8c1,eric-hipwood,Eric Hipwood,Brisbane Lions,"G-FWD,K-FWD",matched,Eric Hipwood,Brisbane,K-FWD,"{""birth_date"":""1997-09-13"",""birth_year"":1997,""draft_pick"":14,""draft_type"":""ND"",""draft_year"":2015,""legacy_key"":""eric-hipwood""}",,True,
128,afl-player-v1-308ccebe1548de60b409,errol-gulden,Errol Gulden,Carlton Blues,MID,matched,Errol Gulden,Sydney,MID,"{""birth_date"":""2002-07-18"",""birth_year"":2002,""draft_pick"":34,""draft_type"":""ND"",""draft_year"":2020,""legacy_key"":""errol-gulden""}",,True,
30,afl-player-v1-0b17edd7590d41b40abb,esava-ratugolea,Esava Ratugolea,Adelaide Crows,"G-DEF,K-DEF",matched,Esava Ratugolea,Geelong,K-DEF,"{""birth_date"":""1998-07-24"",""birth_year"":1998,""draft_pick"":43,""draft_type"":""ND"",""draft_year"":2016,""legacy_key"":""esava-ratugolea""}",,True,
635,afl-player-v1-a41bad0097cfdf996c85,ethan-read,Ethan Read,St Kilda Saints,"G-FWD,K-FWD",matched,Ethan Read,Gold Coast,K-FWD,"{""birth_date"":""2005-07-07"",""birth_year"":2005,""draft_pick"":9,""draft_type"":""ND"",""draft_year"":2023,""legacy_key"":""ethan-read""}",,True,
621,afl-player-v1-5693b0cd06fb01478444,ewan-mackinlay,Ewan Mackinlay,Richmond Tigers,"MID,G-FWD",matched,Ewan Mackinlay,Port Adelaide,G-FWD,"{""birth_date"":""2003-07-18"",""birth_year"":2003,""draft_pick"":11,""draft_type"":""MSD"",""draft_year"":2025,""legacy_key"":""ewan-mackinlay""}",,True,
393,afl-player-v1-0003b04679076982c85a,finlay-macrae,Finlay Macrae,Geelong Cats,"G-FWD,MID",matched,Finlay Macrae,Collingwood,MID,"{""birth_date"":""2002-03-13"",""birth_year"":2002,""draft_pick"":20,""draft_type"":""ND"",""draft_year"":2020,""legacy_key"":""finlay-macrae""}",,True,
471,afl-player-v1-678c7cda11ddaff2aa8a,finn-callaghan,Finn Callaghan,Melbourne Demons,MID,matched,Finn Callaghan,GWS,MID,"{""birth_date"":""2003-04-26"",""birth_year"":2003,""draft_pick"":3,""draft_type"":""ND"",""draft_year"":2021,""legacy_key"":""finn-callaghan""}",,True,
275,afl-player-v1-b522f3a7cd0997e31b8f,finn-maginness,Finn Maginness,Free agents,G-FWD,matched,Finn Maginness,Hawthorn,G-FWD,"{""birth_date"":""2001-02-23"",""birth_year"":2001,""draft_pick"":29,""draft_type"":""ND"",""draft_year"":2019,""legacy_key"":""finn-maginness""}",,True,
170,afl-player-v1-fe72527f019221062fb2,finn-o-sullivan,Finn O'Sullivan,Collingwood Magpies,"G-DEF,MID",matched,Finn O'Sullivan,North Melbourne,MID,"{""birth_date"":""2006-05-30"",""birth_year"":2006,""draft_pick"":2,""draft_type"":""ND"",""draft_year"":2024,""legacy_key"":""finn-o-sullivan""}",,True,
394,afl-player-v1-866c8b33dd97c0e25d31,finnbar-maley,Finnbar Maley,Geelong Cats,K-FWD,matched,Finnbar Maley,North Melbourne,K-FWD,"{""birth_date"":""2003-07-18"",""birth_year"":2003,""draft_pick"":2,""draft_type"":""RD"",""draft_year"":2023,""legacy_key"":""finnbar-maley""}",,True,
101,afl-player-v1-057315d23e7e0bf3c26f,finnegan-davis,Finnegan Davis,Carlton Blues,G-DEF,matched,Finnegan Davis,GWS,G-DEF,"{""birth_date"":""2007-01-21"",""birth_year"":2007,""draft_pick"":51,""draft_type"":""ND"",""draft_year"":2025,""legacy_key"":""finnegan-davis""}",,True,
212,afl-player-v1-4a32b31ca8fd0f3e2ff3,flynn-perez,Flynn Perez,Brisbane Lions,"MID,G-DEF",matched,Flynn Perez,North Melbourne,G-DEF,"{""birth_date"":"""",""birth_year"":2001,""draft_pick"":35,""draft_type"":""SSP"",""draft_year"":2025,""legacy_key"":""flynn-perez""}",birth_date,True,
2,afl-player-v1-53c95637430db16d2617,flynn-riley,Flynn Riley,Adelaide Crows,RUCK,matched,Flynn Riley,Carlton,RUCK,"{""birth_date"":""2004-04-05"",""birth_year"":2004,""draft_pick"":4,""draft_type"":""MSD"",""draft_year"":2026,""legacy_key"":""flynn-riley""}",,False,no_current_or_historical_scoring_games+not_recent_unplayed_draftee
230,afl-player-v1-1825e6bd6dbe8848dd4e,flynn-young,Flynn Young,Free agents,G-FWD,matched,Flynn Young,Carlton,G-FWD,"{""birth_date"":""2002-02-03"",""birth_year"":2002,""draft_pick"":4,""draft_type"":""MSD"",""draft_year"":2025,""legacy_key"":""flynn-young""}",,True,
634,afl-player-v1-c4c5af0d7fdb69445549,francis-evans,Francis Evans,St Kilda Saints,G-FWD,matched,Francis Evans,Geelong,G-FWD,"{""birth_date"":""2001-08-23"",""birth_year"":2001,""draft_pick"":41,""draft_type"":""ND"",""draft_year"":2019,""legacy_key"":""francis-evans""}",,True,
99,afl-player-v1-02d79c04dde5aa58aa26,fred-rodriguez,Fred Rodriguez,Carlton Blues,G-FWD,matched,Fred Rodriguez,West Coast,MID,"{""birth_date"":""2000-01-01"",""birth_year"":2000,""draft_pick"":1,""draft_type"":""RD"",""draft_year"":2025,""legacy_key"":""fred-rodriguez""}",,True,
545,afl-player-v1-b8d47d2584af7bc76166,george-hewett,George Hewett,Port Adelaide Power,MID,matched,George Hewett,Sydney,MID,"{""birth_date"":""1995-12-29"",""birth_year"":1995,""draft_pick"":32,""draft_type"":""ND"",""draft_year"":2013,""legacy_key"":""george-hewett""}",,True,
660,afl-player-v1-372fce270dfdd53f2676,george-stevens,George Stevens,St Kilda Saints,MID,matched,George Stevens,Geelong,MID,"{""birth_date"":""2005-04-14"",""birth_year"":2005,""draft_pick"":58,""draft_type"":""ND"",""draft_year"":2023,""legacy_key"":""george-stevens""}",,True,
610,afl-player-v1-02380b2ddf7c0a01c83c,george-wardlaw,George Wardlaw,Richmond Tigers,MID,matched,George Wardlaw,North Melbourne,MID,"{""birth_date"":""2004-06-11"",""birth_year"":2004,""draft_pick"":4,""draft_type"":""ND"",""draft_year"":2022,""legacy_key"":""george-wardlaw""}",,True,
606,afl-player-v1-c3e6e956e025b6662560,griffin-logue,Griffin Logue,Richmond Tigers,"G-DEF,K-DEF",matched,Griffin Logue,Fremantle,K-DEF,"{""birth_date"":""1998-04-13"",""birth_year"":1998,""draft_pick"":8,""draft_type"":""ND"",""draft_year"":2016,""legacy_key"":""griffin-logue""}",,True,
85,afl-player-v1-8aeac02b34655edd2291,gryan-miers,Gryan Miers,Brisbane Lions,G-FWD,matched,Gryan Miers,Geelong,G-FWD,"{""birth_date"":""1999-03-30"",""birth_year"":1999,""draft_pick"":57,""draft_type"":""ND"",""draft_year"":2017,""legacy_key"":""gryan-miers""}",,True,
160,afl-player-v1-5b8118da3443defd550c,hamish-davis,Hamish Davis,Collingwood Magpies,MID,matched,Hamish Davis,West Coast,MID,"{""birth_date"":""2006-05-02"",""birth_year"":2006,""draft_pick"":65,""draft_type"":""ND"",""draft_year"":2024,""legacy_key"":""hamish-davis""}",,True,
333,afl-player-v1-14d8cbd7324c66aac70c,harley-barker,Harley Barker,Fremantle Dockers,MID,matched,Harley Barker,Geelong,MID,"{""birth_date"":""2007-05-02"",""birth_year"":2007,""draft_pick"":24,""draft_type"":""ND"",""draft_year"":2025,""legacy_key"":""harley-barker""}",,True,
477,afl-player-v1-a0c3571f3dfb3a833c8f,harley-reid,Harley Reid,Melbourne Demons,MID,matched,Harley Reid,West Coast,MID,"{""birth_date"":""2005-04-17"",""birth_year"":2005,""draft_pick"":1,""draft_type"":""ND"",""draft_year"":2023,""legacy_key"":""harley-reid""}",,True,
161,afl-player-v1-70221165b1045d284cf1,harris-andrews,Harris Andrews,Collingwood Magpies,"G-DEF,K-DEF",matched,Harris Andrews,Brisbane,K-DEF,"{""birth_date"":""1996-12-11"",""birth_year"":1996,""draft_pick"":60,""draft_type"":""ND"",""draft_year"":2014,""legacy_key"":""harris-andrews""}",,True,
566,afl-player-v1-8a8b5b4af8a8dfecdcaf,harrison-coe,Harrison Coe,Port Adelaide Power,RUCK,matched,Harrison Coe,Collingwood,RUCK,"{""birth_date"":""1999-11-10"",""birth_year"":1999,""draft_pick"":8,""draft_type"":""MSD"",""draft_year"":2026,""legacy_key"":""harrison-coe""}",,False,no_current_or_historical_scoring_games+not_recent_unplayed_draftee
681,afl-player-v1-0297bfd91767586dc86b,harrison-himmelberg,Harrison Himmelberg,Sydney Swans,G-DEF,matched,Harrison Himmelberg,GWS,G-DEF,"{""birth_date"":""1996-05-08"",""birth_year"":1996,""draft_pick"":16,""draft_type"":""ND"",""draft_year"":2015,""legacy_key"":""harrison-himmelberg""}",,True,
267,afl-player-v1-f7dc5d1887383e694d56,harrison-jones,Harrison Jones,Free agents,"K-FWD,G-FWD",matched,Harrison Jones,Essendon,K-FWD,"{""birth_date"":""2001-02-25"",""birth_year"":2001,""draft_pick"":30,""draft_type"":""ND"",""draft_year"":2019,""legacy_key"":""harrison-jones""}",,True,
422,afl-player-v1-46e176b1e1cb8cf2276c,harrison-oliver,Harrison Oliver,Hawthorn Hawks,G-DEF,matched,Harrison Oliver,GWS,G-DEF,"{""birth_date"":""2006-06-15"",""birth_year"":2006,""draft_pick"":19,""draft_type"":""ND"",""draft_year"":2024,""legacy_key"":""harrison-oliver""}",,True,
385,afl-player-v1-798ef99c1a224797383e,harrison-petty,Harrison Petty,Geelong Cats,"G-FWD,K-FWD,G-DEF,K-DEF",matched,Harrison Petty,Melbourne,K-DEF,"{""birth_date"":""1999-11-12"",""birth_year"":1999,""draft_pick"":37,""draft_type"":""ND"",""draft_year"":2017,""legacy_key"":""harrison-petty""}",,True,
17,afl-player-v1-72ecc1bfe9f72efec4eb,harrison-ramm,Harrison Ramm,Adelaide Crows,"G-DEF,K-DEF",matched,Harrison Ramm,Port Adelaide,K-DEF,"{""birth_date"":""2006-12-05"",""birth_year"":2006,""draft_pick"":3,""draft_type"":""MSD"",""draft_year"":2025,""legacy_key"":""harrison-ramm""}",,True,
410,afl-player-v1-b25724f0e722db813620,harry-armstrong,Harry Armstrong,Hawthorn Hawks,"G-FWD,K-FWD",matched,Harry Armstrong,Richmond,K-FWD,"{""birth_date"":""2006-06-14"",""birth_year"":2006,""draft_pick"":23,""draft_type"":""ND"",""draft_year"":2024,""legacy_key"":""harry-armstrong""}",,True,
235,afl-player-v1-1ac4e04886fd5dc6a04d,harry-barnett,Harry Barnett,Free agents,RUCK,matched,Harry Barnett,West Coast,RUCK,"{""birth_date"":""2004-01-22"",""birth_year"":2004,""draft_pick"":23,""draft_type"":""ND"",""draft_year"":2022,""legacy_key"":""harry-barnett""}",,True,
499,afl-player-v1-a67aba23e14cd5a96bd3,harry-charleson,Harry Charleson,North Melbourne Kangaroos,"G-DEF,MID",matched,Harry Charleson,Carlton,G-DEF,"{""birth_date"":""2006-06-26"",""birth_year"":2006,""draft_pick"":4,""draft_type"":""RD"",""draft_year"":2024,""legacy_key"":""harry-charleson""}",,True,
248,afl-player-v1-bf5bd9012e153d04a9fe,harry-cunningham,Harry Cunningham,Free agents,G-DEF,matched,Harry Cunningham,Sydney,G-DEF,"{""birth_date"":""1993-12-06"",""birth_year"":1993,""draft_pick"":"""",""draft_type"":""PDA"",""draft_year"":2011,""legacy_key"":""harry-cunningham""}",draft_pick,True,
415,afl-player-v1-da27734b8bd79dd7b863,harry-dean,Harry Dean,Hawthorn Hawks,"G-DEF,K-DEF",matched,Harry Dean,Carlton,K-DEF,"{""birth_date"":""2007-11-13"",""birth_year"":2007,""draft_pick"":3,""draft_type"":""ND"",""draft_year"":2025,""legacy_key"":""harry-dean""}",,True,
121,afl-player-v1-532c3fce5e3300d3a2f1,harry-demattia,Harry Demattia,Carlton Blues,MID,matched,Harry DeMattia,Collingwood,MID,"{""birth_date"":""2005-09-11"",""birth_year"":2005,""draft_pick"":25,""draft_type"":""ND"",""draft_year"":2023,""legacy_key"":""harry-demattia""}",,False,no_current_or_historical_scoring_games+no_recent_activity_signal+not_recent_unplayed_draftee
654,afl-player-v1-ed61fefae906a87f47d7,harry-edwards,Harry Edwards,St Kilda Saints,"G-DEF,K-DEF",matched,Harry Edwards,West Coast,K-DEF,"{""birth_date"":""2000-10-01"",""birth_year"":2000,""draft_pick"":13,""draft_type"":""RD"",""draft_year"":2018,""legacy_key"":""harry-edwards""}",,True,
319,afl-player-v1-582c17fa8f38599ba36e,harry-kyle,Harry Kyle,Fremantle Dockers,"G-DEF,MID",matched,Harry Kyle,Sydney,G-DEF,"{""birth_date"":""2007-07-16"",""birth_year"":2007,""draft_pick"":14,""draft_type"":""ND"",""draft_year"":2025,""legacy_key"":""harry-kyle""}",,True,
668,afl-player-v1-5efcadd8aa7f4d9cd988,harry-mckay,Harry McKay,St Kilda Saints,"G-FWD,K-FWD",matched,Harry McKay,Carlton,K-FWD,"{""birth_date"":""1997-12-24"",""birth_year"":1997,""draft_pick"":10,""draft_type"":""ND"",""draft_year"":2015,""legacy_key"":""harry-mckay""}",,True,
667,afl-player-v1-f148d9edfdf14e89802c,harry-morrison,Harry Morrison,St Kilda Saints,MID,matched,Harry Morrison,Hawthorn,MID,"{""birth_date"":""1998-11-12"",""birth_year"":1998,""draft_pick"":73,""draft_type"":""ND"",""draft_year"":2016,""legacy_key"":""harry-morrison""}",,True,
677,afl-player-v1-ffb1fcaf3d8453c8fb87,harry-o-farrell,Harry O'Farrell,Sydney Swans,"G-DEF,K-DEF",matched,Harry O'Farrell,Carlton,K-DEF,"{""birth_date"":""2006-05-03"",""birth_year"":2006,""draft_pick"":40,""draft_type"":""ND"",""draft_year"":2024,""legacy_key"":""harry-o-farrell""}",,True,
83,afl-player-v1-0a0fa0c58c2f8c6d7bb4,harry-perryman,Harry Perryman,Brisbane Lions,G-DEF,matched,Harry Perryman,GWS,G-DEF,"{""birth_date"":""1998-12-19"",""birth_year"":1998,""draft_pick"":14,""draft_type"":""ND"",""draft_year"":2016,""legacy_key"":""harry-perryman""}",,True,
92,afl-player-v1-12cd1c01b93b2d5a4f47,harry-rowston,Harry Rowston,Carlton Blues,MID,matched,Harry Rowston,GWS,MID,"{""birth_date"":""2004-08-12"",""birth_year"":2004,""draft_pick"":16,""draft_type"":""ND"",""draft_year"":2022,""legacy_key"":""harry-rowston""}",,True,
27,afl-player-v1-ab850e133d188f1c21e4,harry-schoenberg,Harry Schoenberg,Adelaide Crows,"MID,G-FWD",matched,Harry Schoenberg,Adelaide,MID,"{""birth_date"":""2001-02-21"",""birth_year"":2001,""draft_pick"":24,""draft_type"":""ND"",""draft_year"":2019,""legacy_key"":""harry-schoenberg""}",,True,
53,afl-player-v1-263e17ec5c383810e670,harry-sharp,Harry Sharp,Brisbane Lions,G-FWD,matched,Harry Sharp,Brisbane,G-FWD,"{""birth_date"":""2002-12-17"",""birth_year"":2002,""draft_pick"":45,""draft_type"":""ND"",""draft_year"":2020,""legacy_key"":""harry-sharp""}",,True,
111,afl-player-v1-d12a2f85b92e8396e034,harry-sheezel,Harry Sheezel,Carlton Blues,"MID,G-FWD",matched,Harry Sheezel,North Melbourne,MID,"{""birth_date"":""2004-10-13"",""birth_year"":2004,""draft_pick"":3,""draft_type"":""ND"",""draft_year"":2022,""legacy_key"":""harry-sheezel""}",,True,
587,afl-player-v1-eff4af4d6dc326bd2039,harvey-gallagher,Harvey Gallagher,Richmond Tigers,G-DEF,matched,Harvey Gallagher,Western Bulldogs,G-DEF,"{""birth_date"":""2003-09-26"",""birth_year"":2003,""draft_pick"":39,""draft_type"":""ND"",""draft_year"":2022,""legacy_key"":""harvey-gallagher""}",,True,
730,afl-player-v1-409c1d00c3a09f0d9eeb,harvey-harrison,Harvey Harrison,West Coast Eagles,G-FWD,matched,Harvey Harrison,Collingwood,G-FWD,"{""birth_date"":""2003-11-10"",""birth_year"":2003,""draft_pick"":52,""draft_type"":""ND"",""draft_year"":2021,""legacy_key"":""harvey-harrison""}",,True,
470,afl-player-v1-66178e03f3831016945b,harvey-johnston,Harvey Johnston,Melbourne Demons,G-DEF,matched,Harvey Johnston,West Coast,G-DEF,"{""birth_date"":""2005-08-18"",""birth_year"":2005,""draft_pick"":49,""draft_type"":""ND"",""draft_year"":2023,""legacy_key"":""harvey-johnston""}",,True,
304,afl-player-v1-d6ed32b0c0d14bdc9e91,harvey-langford,Harvey Langford,Fremantle Dockers,MID,matched,Harvey Langford,Melbourne,MID,"{""birth_date"":""2006-03-15"",""birth_year"":2006,""draft_pick"":6,""draft_type"":""ND"",""draft_year"":2024,""legacy_key"":""harvey-langford""}",,True,
738,afl-player-v1-ab3fe74846e344f27891,harvey-thomas,Harvey Thomas,Brisbane Lions,"G-FWD,MID",matched,Harvey Thomas,GWS,G-FWD,"{""birth_date"":""2005-08-08"",""birth_year"":2005,""draft_pick"":59,""draft_type"":""ND"",""draft_year"":2023,""legacy_key"":""harvey-thomas""}",,True,
611,afl-player-v1-2245a2e1f23e42eee60f,hayden-mclean,Hayden Mclean,Richmond Tigers,"G-FWD,K-FWD",matched,Hayden McLean,Sydney,K-FWD,"{""birth_date"":""1999-01-20"",""birth_year"":1999,""draft_pick"":"""",""draft_type"":""SSP"",""draft_year"":2018,""legacy_key"":""hayden-mclean""}",draft_pick,True,
728,afl-player-v1-172361cf97bb47a65030,hayden-young,Hayden Young,West Coast Eagles,MID,matched,Hayden Young,Fremantle,MID,"{""birth_date"":""2001-04-11"",""birth_year"":2001,""draft_pick"":7,""draft_type"":""ND"",""draft_year"":2019,""legacy_key"":""hayden-young""}",,True,
704,afl-player-v1-c64255f0f57e31279cb2,heath-chapman,Heath Chapman,Sydney Swans,G-DEF,matched,Heath Chapman,Fremantle,G-DEF,"{""birth_date"":""2002-01-31"",""birth_year"":2002,""draft_pick"":14,""draft_type"":""ND"",""draft_year"":2020,""legacy_key"":""heath-chapman""}",,True,
591,afl-player-v1-99cd1b9af96b0e365ae8,henry-hustwaite,Henry Hustwaite,Richmond Tigers,MID,matched,Henry Hustwaite,Hawthorn,MID,"{""birth_date"":""2004-07-20"",""birth_year"":2004,""draft_pick"":37,""draft_type"":""ND"",""draft_year"":2022,""legacy_key"":""henry-hustwaite""}",,True,
421,afl-player-v1-cd63e2915e6b25ca73ac,henry-smith,Henry Smith,Hawthorn Hawks,"G-FWD,K-FWD",matched,Henry Smith,Brisbane,K-FWD,"{""birth_date"":""2002-09-24"",""birth_year"":2002,""draft_pick"":50,""draft_type"":""ND"",""draft_year"":2020,""legacy_key"":""henry-smith""}",,True,
120,afl-player-v1-3e25b9575d8de3b0cac2,hudson-o-keeffe,Hudson O'Keeffe,Carlton Blues,"K-FWD,RUCK",matched,Hudson O'Keeffe,Carlton,K-FWD,"{""birth_date"":""2004-12-16"",""birth_year"":2004,""draft_pick"":"""",""draft_type"":""SSP"",""draft_year"":2022,""legacy_key"":""hudson-o-keeffe""}",draft_pick,True,
318,afl-player-v1-6d1deb54da85de9023d2,hugh-bond,Hugh Bond,Fremantle Dockers,G-DEF,matched,Hugh Bond,Adelaide,G-DEF,"{""birth_date"":""2004-09-25"",""birth_year"":2004,""draft_pick"":50,""draft_type"":""ND"",""draft_year"":2022,""legacy_key"":""hugh-bond""}",,True,
456,afl-player-v1-cc6cc6ea7d2d64ef0a59,hugh-boxshall,Hugh Boxshall,Melbourne Demons,MID,matched,Hugh Boxshall,St Kilda,MID,"{""birth_date"":""2006-07-11"",""birth_year"":2006,""draft_pick"":45,""draft_type"":""ND"",""draft_year"":2024,""legacy_key"":""hugh-boxshall""}",,True,
438,afl-player-v1-31e578d176cea17362ff,hugh-davies,Hugh Davies,Hawthorn Hawks,"G-DEF,K-DEF",matched,Hugh Davies,Fremantle,K-DEF,"{""birth_date"":""2004-09-28"",""birth_year"":2004,""draft_pick"":33,""draft_type"":""ND"",""draft_year"":2022,""legacy_key"":""hugh-davies""}",,True,
47,afl-player-v1-e511a100c5f69febc62c,hugh-mccluggage,Hugh McCluggage,Brisbane Lions,MID,matched,Hugh McCluggage,Brisbane,MID,"{""birth_date"":""1998-03-03"",""birth_year"":1998,""draft_pick"":3,""draft_type"":""ND"",""draft_year"":2016,""legacy_key"":""hugh-mccluggage""}",,True,
718,afl-player-v1-28ebd34236fec439fb2f,hugo-garcia,Hugo Garcia,West Coast Eagles,MID,matched,Hugo Garcia,St Kilda,MID,"{""birth_date"":""2005-05-22"",""birth_year"":2005,""draft_pick"":50,""draft_type"":""ND"",""draft_year"":2023,""legacy_key"":""hugo-garcia""}",,True,
174,afl-player-v1-ae0417d08a6405bbceeb,hugo-hall-kahan,Hugo Hall-Kahan,Collingwood Magpies,"G-DEF,MID",matched,Hugo Hall-Kahan,Sydney,G-DEF,"{""birth_date"":""2003-09-22"",""birth_year"":2003,""draft_pick"":11,""draft_type"":""MSD"",""draft_year"":2026,""legacy_key"":""hugo-hall-kahan""}",,True,
608,afl-player-v1-4ed12365ade6e2fc03a5,hugo-mikunda,Hugo Mikunda,Richmond Tigers,"MID,G-FWD",matched,Hugo Mikunda,North Melbourne,G-FWD,"{""birth_date"":""2007-03-13"",""birth_year"":2007,""draft_pick"":48,""draft_type"":""ND"",""draft_year"":2025,""legacy_key"":""hugo-mikunda""}",,True,
574,afl-player-v1-52c235aa590e898085a2,hugo-ralphsmith,Hugo Ralphsmith,Port Adelaide Power,MID,matched,Hugo Ralphsmith,Richmond,MID,"{""birth_date"":""2001-11-09"",""birth_year"":2001,""draft_pick"":46,""draft_type"":""ND"",""draft_year"":2019,""legacy_key"":""hugo-ralphsmith""}",,True,
431,afl-player-v1-7a99659c90e0a5eab680,hunter-clark,Hunter Clark,Hawthorn Hawks,MID,matched,Hunter Clark,St Kilda,G-DEF,"{""birth_date"":""1999-03-26"",""birth_year"":1999,""draft_pick"":7,""draft_type"":""ND"",""draft_year"":2017,""legacy_key"":""hunter-clark""}",,True,
307,afl-player-v1-eabbae6380ed2ba8edf0,hunter-holmes,Hunter Holmes,Fremantle Dockers,MID,matched,Hunter Holmes,Geelong,MID,"{""birth_date"":""2007-02-19"",""birth_year"":2007,""draft_pick"":33,""draft_type"":""ND"",""draft_year"":2025,""legacy_key"":""hunter-holmes""}",,True,
801,afl-player-v1-ebea746acf61f60bb277,hussien-el-achkar,Hussien El Achkar,Western Bulldogs,G-FWD,matched,Hussien El Achkar,Essendon,G-FWD,"{""birth_date"":""2007-04-02"",""birth_year"":2007,""draft_pick"":53,""draft_type"":""ND"",""draft_year"":2025,""legacy_key"":""hussien-el-achkar""}",,True,
137,afl-player-v1-6a28b9ce9e6518235362,iliro-smit,Iliro Smit,Carlton Blues,RUCK,matched,Iliro Smit,Collingwood,RUCK,"{""birth_date"":""2005-08-09"",""birth_year"":2005,""draft_pick"":10,""draft_type"":""MSD"",""draft_year"":2024,""legacy_key"":""iliro-smit""}",,False,no_current_or_historical_scoring_games+not_recent_unplayed_draftee
403,afl-player-v1-256b99e7e6b4972abca7,indy-cotton,Indy Cotton,Hawthorn Hawks,G-FWD,matched,Indy Cotton,,G-DEF,"{""birth_date"":""2007-05-08"",""birth_year"":2007,""draft_pick"":"""",""draft_type"":""UNR"",""draft_year"":2025,""legacy_key"":""indy-cotton""}",draft_pick,False,no_current_or_historical_scoring_games+not_recent_unplayed_draftee
512,afl-player-v1-a755ba66278640abe3f4,isaac-cumming,Isaac Cumming,North Melbourne Kangaroos,MID,matched,Isaac Cumming,GWS,G-DEF,"{""birth_date"":""1998-08-11"",""birth_year"":1998,""draft_pick"":20,""draft_type"":""ND"",""draft_year"":2016,""legacy_key"":""isaac-cumming""}",,True,
73,afl-player-v1-3e63685925a5759a6950,isaac-heeney,Isaac Heeney,West Coast Eagles,MID,matched,Isaac Heeney,Sydney,MID,"{""birth_date"":""1996-05-05"",""birth_year"":1996,""draft_pick"":4,""draft_type"":""ND"",""draft_year"":2014,""legacy_key"":""isaac-heeney""}",,True,
776,afl-player-v1-7710e2249b25933935af,isaac-kako,Isaac Kako,Western Bulldogs,G-FWD,matched,Isaac Kako,Essendon,G-FWD,"{""birth_date"":""2006-03-07"",""birth_year"":2006,""draft_pick"":13,""draft_type"":""ND"",""draft_year"":2024,""legacy_key"":""isaac-kako""}",,True,
434,afl-player-v1-95af5298742f272f5f62,isaac-keeler,Isaac Keeler,Hawthorn Hawks,"G-FWD,K-FWD",matched,Isaac Keeler,St Kilda,K-FWD,"{""birth_date"":""2004-04-23"",""birth_year"":2004,""draft_pick"":44,""draft_type"":""ND"",""draft_year"":2022,""legacy_key"":""isaac-keeler""}",,True,
68,afl-player-v1-21e9cb1ab2cba05f6b3b,isaac-quaynor,Isaac Quaynor,Brisbane Lions,G-DEF,matched,Isaac Quaynor,Collingwood,G-DEF,"{""birth_date"":""2000-01-15"",""birth_year"":2000,""draft_pick"":13,""draft_type"":""ND"",""draft_year"":2018,""legacy_key"":""isaac-quaynor""}",,True,
122,afl-player-v1-6cf314248b4dd9b0f32c,isaiah-dudley,Isaiah Dudley,Carlton Blues,G-FWD,matched,Isaiah Dudley,Fremantle,G-FWD,"{""birth_date"":""2003-04-30"",""birth_year"":2003,""draft_pick"":"""",""draft_type"":""SSP"",""draft_year"":2024,""legacy_key"":""isaiah-dudley""}",draft_pick,True,
383,afl-player-v1-bd42202cb19165646cf4,izak-rankine,Izak Rankine,Geelong Cats,"MID,G-FWD",matched,Izak Rankine,Gold Coast,G-FWD,"{""birth_date"":""2000-04-23"",""birth_year"":2000,""draft_pick"":3,""draft_type"":""ND"",""draft_year"":2018,""legacy_key"":""izak-rankine""}",,True,
56,afl-player-v1-a59a02296416446ba7a4,jack-bowes,Jack Bowes,Brisbane Lions,MID,matched,Jack Bowes,Gold Coast,MID,"{""birth_date"":""1998-01-26"",""birth_year"":1998,""draft_pick"":10,""draft_type"":""ND"",""draft_year"":2016,""legacy_key"":""jack-bowes""}",,True,
727,afl-player-v1-1dd83227423bc5021c1e,jack-buckley,Jack Buckley,West Coast Eagles,"G-DEF,K-DEF",matched,Jack Buckley,GWS,K-DEF,"{""birth_date"":""1997-12-17"",""birth_year"":1997,""draft_pick"":"""",""draft_type"":""PDN"",""draft_year"":2017,""legacy_key"":""jack-buckley""}",draft_pick,True,
308,afl-player-v1-9009569a6aa68960feab,jack-buller,Jack Buller,Fremantle Dockers,"G-FWD,K-FWD",matched,Jack Buller,Sydney,K-FWD,"{""birth_date"":""2001-05-16"",""birth_year"":2001,""draft_pick"":13,""draft_type"":""MSD"",""draft_year"":2023,""legacy_key"":""jack-buller""}",,True,
21,afl-player-v1-1df9ecb7c033ae7646a4,jack-carroll,Jack Carroll,Adelaide Crows,"MID,G-DEF",matched,Jack Carroll,Carlton,MID,"{""birth_date"":""2002-12-20"",""birth_year"":2002,""draft_pick"":43,""draft_type"":""ND"",""draft_year"":2020,""legacy_key"":""jack-carroll""}",,True,
502,afl-player-v1-2bfc39e2c55e976cdb57,jack-crisp,Jack Crisp,North Melbourne Kangaroos,MID,matched,Jack Crisp,Brisbane,MID,"{""birth_date"":""1993-10-02"",""birth_year"":1993,""draft_pick"":43,""draft_type"":""RD"",""draft_year"":2011,""legacy_key"":""jack-crisp""}",,True,
311,afl-player-v1-6ff292e2d05fcf5981b5,jack-dalton,Jack Dalton,Fremantle Dockers,MID,matched,Jack Dalton,Hawthorn,G-FWD,"{""birth_date"":""2007-04-05"",""birth_year"":2007,""draft_pick"":34,""draft_type"":""ND"",""draft_year"":2025,""legacy_key"":""jack-dalton""}",,True,
506,afl-player-v1-1cae4209fbd31b79c45d,jack-darling,Jack Darling,North Melbourne Kangaroos,"G-FWD,K-FWD",matched,Jack Darling,West Coast,K-FWD,"{""birth_date"":""1992-06-13"",""birth_year"":1992,""draft_pick"":34,""draft_type"":""ND"",""draft_year"":2010,""legacy_key"":""jack-darling""}",,True,
495,afl-player-v1-4f35404527e341d9abbc,jack-ginnivan,Jack Ginnivan,North Melbourne Kangaroos,G-FWD,matched,Jack Ginnivan,Collingwood,G-FWD,"{""birth_date"":""2002-12-09"",""birth_year"":2002,""draft_pick"":9,""draft_type"":""RD"",""draft_year"":2020,""legacy_key"":""jack-ginnivan""}",,True,
575,afl-player-v1-7f1a97e8d1d17bed7d0a,jack-graham,Jack Graham,Port Adelaide Power,"MID,G-FWD",matched,Jack Graham,Richmond,MID,"{""birth_date"":""1998-02-25"",""birth_year"":1998,""draft_pick"":53,""draft_type"":""ND"",""draft_year"":2016,""legacy_key"":""jack-graham""}",,True,
653,afl-player-v1-eca8e041dc707b948831,jack-gunston,Jack Gunston,St Kilda Saints,"G-FWD,K-FWD",matched,Jack Gunston,Adelaide,K-FWD,"{""birth_date"":""1991-10-16"",""birth_year"":1991,""draft_pick"":29,""draft_type"":""ND"",""draft_year"":2009,""legacy_key"":""jack-gunston""}",,True,
260,afl-player-v1-53546ca55b1b441d4c86,jack-henderson,Jack Henderson,Free agents,G-FWD,matched,Jack Henderson,Melbourne,G-FWD,"{""birth_date"":""1999-10-01"",""birth_year"":1999,""draft_pick"":"""",""draft_type"":""SSP"",""draft_year"":2024,""legacy_key"":""jack-henderson""}",draft_pick,True,
362,afl-player-v1-50b72fbfc63ab0190926,jack-henry,Jack Henry,Geelong Cats,"G-DEF,K-DEF",matched,Jack Henry,Geelong,K-DEF,"{""birth_date"":""1998-08-29"",""birth_year"":1998,""draft_pick"":14,""draft_type"":""RD"",""draft_year"":2016,""legacy_key"":""jack-henry""}",,True,
364,afl-player-v1-f0954271c7d67c115002,jack-higgins,Jack Higgins,Geelong Cats,G-FWD,matched,Jack Higgins,Richmond,G-FWD,"{""birth_date"":""1999-03-19"",""birth_year"":1999,""draft_pick"":17,""draft_type"":""ND"",""draft_year"":2017,""legacy_key"":""jack-higgins""}",,True,
476,afl-player-v1-b533bd1598258d5a0a6a,jack-hutchinson,Jack Hutchinson,Melbourne Demons,MID,matched,Jack Hutchinson,West Coast,MID,"{""birth_date"":""2001-11-10"",""birth_year"":2001,""draft_pick"":3,""draft_type"":""MSD"",""draft_year"":2024,""legacy_key"":""jack-hutchinson""}",,True,
339,afl-player-v1-fd858670fdee0bfec2ff,jack-ison,Jack Ison,Fremantle Dockers,MID,matched,Jack Ison,Carlton,G-FWD,"{""birth_date"":""2007-03-26"",""birth_year"":2007,""draft_pick"":47,""draft_type"":""ND"",""draft_year"":2025,""legacy_key"":""jack-ison""}",,True,
199,afl-player-v1-18eaf6797d5fb90f0f52,jack-lukosius,Jack Lukosius,Essendon Bombers,"G-FWD,K-FWD",matched,Jack Lukosius,Gold Coast,K-FWD,"{""birth_date"":""2000-08-09"",""birth_year"":2000,""draft_pick"":2,""draft_type"":""ND"",""draft_year"":2018,""legacy_key"":""jack-lukosius""}",,True,
72,afl-player-v1-33736b48a197f2f1ba65,jack-martin,Jack Martin,Brisbane Lions,G-FWD,matched,Jack Martin,Gold Coast,G-FWD,"{""birth_date"":""1995-01-29"",""birth_year"":1995,""draft_pick"":3,""draft_type"":""ND"",""draft_year"":2012,""legacy_key"":""jack-martin""}",,True,
795,afl-player-v1-5ad03987496a6cf48e50,jack-ough,Jack Ough,Western Bulldogs,MID,matched,Jack Ough,GWS,MID,"{""birth_date"":""2006-12-15"",""birth_year"":2006,""draft_pick"":36,""draft_type"":""ND"",""draft_year"":2024,""legacy_key"":""jack-ough""}",,True,
82,afl-player-v1-2e9b993cc75d1a398899,jack-payne,Jack Payne,Brisbane Lions,"G-DEF,K-DEF",matched,Jack Payne,Brisbane,K-DEF,"{""birth_date"":""1999-10-15"",""birth_year"":1999,""draft_pick"":54,""draft_type"":""ND"",""draft_year"":2017,""legacy_key"":""jack-payne""}",,True,
149,afl-player-v1-4a55aae7811189362c4a,jack-ross,Jack Ross,Collingwood Magpies,"MID,G-FWD",matched,Jack Ross,Richmond,MID,"{""birth_date"":""2000-09-03"",""birth_year"":2000,""draft_pick"":43,""draft_type"":""ND"",""draft_year"":2018,""legacy_key"":""jack-ross""}",,True,
196,afl-player-v1-62df7ec27dcdcd499eae,jack-scrimshaw,Jack Scrimshaw,Essendon Bombers,G-DEF,matched,Jack Scrimshaw,Gold Coast,G-DEF,"{""birth_date"":""1998-09-04"",""birth_year"":1998,""draft_pick"":7,""draft_type"":""ND"",""draft_year"":2016,""legacy_key"":""jack-scrimshaw""}",,True,
150,afl-player-v1-bf0163a49d8fcea78d79,jack-silvagni,Jack Silvagni,Collingwood Magpies,"G-DEF,K-DEF",matched,Jack Silvagni,Carlton,K-DEF,"{""birth_date"":""1997-12-17"",""birth_year"":1997,""draft_pick"":53,""draft_type"":""ND"",""draft_year"":2015,""legacy_key"":""jack-silvagni""}",,True,
540,afl-player-v1-efc436310b95720f2faf,jack-sinclair,Jack Sinclair,Port Adelaide Power,G-DEF,matched,Jack Sinclair,St Kilda,G-DEF,"{""birth_date"":""1995-02-12"",""birth_year"":1995,""draft_pick"":1,""draft_type"":""RD"",""draft_year"":2014,""legacy_key"":""jack-sinclair""}",,True,
533,afl-player-v1-57dca48502d181a8ae5e,jack-steele,Jack Steele,Port Adelaide Power,MID,matched,Jack Steele,GWS,MID,"{""birth_date"":""1995-12-13"",""birth_year"":1995,""draft_pick"":21,""draft_type"":""ND"",""draft_year"":2014,""legacy_key"":""jack-steele""}",,True,
516,afl-player-v1-84472fabe62000830bfb,jack-viney,Jack Viney,North Melbourne Kangaroos,MID,matched,Jack Viney,Melbourne,MID,"{""birth_date"":""1994-04-13"",""birth_year"":1994,""draft_pick"":13,""draft_type"":""ND"",""draft_year"":2012,""legacy_key"":""jack-viney""}",,True,
44,afl-player-v1-93cd917e2b3a67c6c674,jack-watkins,Jack Watkins,Adelaide Crows,"MID,G-FWD",matched,Jack Watkins,Port Adelaide,MID,"{""birth_date"":""2000-01-01"",""birth_year"":2000,""draft_pick"":3,""draft_type"":""RD"",""draft_year"":2025,""legacy_key"":""jack-watkins""}",,True,
341,afl-player-v1-bb01c9f6889afb0144ab,jack-whitlock,Jack Whitlock,Fremantle Dockers,"G-FWD,K-FWD",matched,Jack Whitlock,Port Adelaide,K-FWD,"{""birth_date"":""2006-05-16"",""birth_year"":2006,""draft_pick"":33,""draft_type"":""ND"",""draft_year"":2024,""legacy_key"":""jack-whitlock""}",,True,
460,afl-player-v1-93af76d76893cb9f86c7,jack-williams,Jack Williams,Melbourne Demons,"G-FWD,K-FWD",matched,Jack Williams,West Coast,K-FWD,"{""birth_date"":""2003-12-01"",""birth_year"":2003,""draft_pick"":57,""draft_type"":""ND"",""draft_year"":2021,""legacy_key"":""jack-williams""}",,True,
233,afl-player-v1-172a23aaaf49ddf78e1e,jackson-archer,Jackson Archer,Free agents,G-DEF,matched,Jackson Archer,North Melbourne,G-DEF,"{""birth_date"":""2003-01-09"",""birth_year"":2003,""draft_pick"":59,""draft_type"":""ND"",""draft_year"":2021,""legacy_key"":""jackson-archer""}",,True,
663,afl-player-v1-da2d4125164141ff0084,jackson-macrae,Jackson Macrae,St Kilda Saints,MID,matched,Jackson Macrae,Western Bulldogs,MID,"{""birth_date"":""1994-08-03"",""birth_year"":1994,""draft_pick"":8,""draft_type"":""ND"",""draft_year"":2012,""legacy_key"":""jackson-macrae""}",,True,
498,afl-player-v1-ae842904e89695581f8b,jackson-mead,Jackson Mead,North Melbourne Kangaroos,MID,matched,Jackson Mead,Port Adelaide,G-FWD,"{""birth_date"":""2001-09-30"",""birth_year"":2001,""draft_pick"":25,""draft_type"":""ND"",""draft_year"":2019,""legacy_key"":""jackson-mead""}",,True,
346,afl-player-v1-75c7189cf23a00883ccc,jacob-farrow,Jacob Farrow,Fremantle Dockers,"G-DEF,MID",matched,Jacob Farrow,Essendon,G-DEF,"{""birth_date"":""2007-09-21"",""birth_year"":2007,""draft_pick"":10,""draft_type"":""ND"",""draft_year"":2025,""legacy_key"":""jacob-farrow""}",,True,
703,afl-player-v1-9d50f14efc8f49c09e12,jacob-hopper,Jacob Hopper,Sydney Swans,MID,matched,Jacob Hopper,GWS,MID,"{""birth_date"":""1997-02-06"",""birth_year"":1997,""draft_pick"":7,""draft_type"":""ND"",""draft_year"":2015,""legacy_key"":""jacob-hopper""}",,True,
173,afl-player-v1-1eea9cd2a11b4840434b,jacob-konstanty,Jacob Konstanty,Collingwood Magpies,G-FWD,matched,Jacob Konstanty,Sydney,G-FWD,"{""birth_date"":""2004-11-09"",""birth_year"":2004,""draft_pick"":20,""draft_type"":""ND"",""draft_year"":2022,""legacy_key"":""jacob-konstanty""}",,True,
656,afl-player-v1-fa319aa1de63dbbe70a5,jacob-molier,Jacob Molier,St Kilda Saints,RUCK,matched,Jacob Molier,Geelong,RUCK,"{""birth_date"":""2006-10-11"",""birth_year"":2006,""draft_pick"":52,""draft_type"":""ND"",""draft_year"":2024,""legacy_key"":""jacob-molier""}",,True,
323,afl-player-v1-d78ebe273b15b799f55d,jacob-moss,Jacob Moss,Fremantle Dockers,"G-DEF,K-DEF",matched,Jacob Moss,Port Adelaide,K-FWD,"{""birth_date"":""2004-12-22"",""birth_year"":2004,""draft_pick"":"""",""draft_type"":""UNR"",""draft_year"":2024,""legacy_key"":""jacob-moss""}",draft_pick,False,no_current_or_historical_scoring_games+not_recent_unplayed_draftee
478,afl-player-v1-c89d9151a00e1b1e1b25,jacob-newton,Jacob Newton,Melbourne Demons,G-FWD,matched,Jacob Newton,West Coast,G-FWD,"{""birth_date"":""2006-03-20"",""birth_year"":2006,""draft_pick"":9,""draft_type"":""MSD"",""draft_year"":2025,""legacy_key"":""jacob-newton""}",,True,
359,afl-player-v1-544ddb3b212cf0e7013e,jacob-wehr,Jacob Wehr,Geelong Cats,"G-DEF,MID",matched,Jacob Wehr,GWS,G-DEF,"{""birth_date"":""1998-07-05"",""birth_year"":1998,""draft_pick"":61,""draft_type"":""ND"",""draft_year"":2020,""legacy_key"":""jacob-wehr""}",,True,
657,afl-player-v1-25521d7a372d9e865f2f,jacob-weitering,Jacob Weitering,St Kilda Saints,"G-DEF,K-DEF",matched,Jacob Weitering,Carlton,K-DEF,"{""birth_date"":""1997-11-23"",""birth_year"":1997,""draft_pick"":1,""draft_type"":""ND"",""draft_year"":2015,""legacy_key"":""jacob-weitering""}",,True,
210,afl-player-v1-71d7f1dcea6726aa730c,jacob-van-rooyen,Jacob van Rooyen,Essendon Bombers,"G-FWD,K-FWD",matched,Jacob Van Rooyen,Melbourne,K-FWD,"{""birth_date"":""2003-04-16"",""birth_year"":2003,""draft_pick"":19,""draft_type"":""ND"",""draft_year"":2021,""legacy_key"":""jacob-van-rooyen""}",,True,
370,afl-player-v1-08b33b65866c62f3e6aa,jade-gresham,Jade Gresham,Geelong Cats,G-FWD,matched,Jade Gresham,St Kilda,G-FWD,"{""birth_date"":""1997-08-24"",""birth_year"":1997,""draft_pick"":18,""draft_type"":""ND"",""draft_year"":2015,""legacy_key"":""jade-gresham""}",,True,
86,afl-player-v1-ab46ab2b7dfa76067fbb,jaeger-o-meara,Jaeger O'Meara,Brisbane Lions,MID,matched,Jaeger O'Meara,Gold Coast,MID,"{""birth_date"":""1994-02-23"",""birth_year"":1994,""draft_pick"":1,""draft_type"":""ND"",""draft_year"":2011,""legacy_key"":""jaeger-o-meara""}",,True,
332,afl-player-v1-853be14ce453ff08eabb,jagga-smith,Jagga Smith,Fremantle Dockers,"MID,G-FWD",matched,Jagga Smith,Carlton,MID,"{""birth_date"":""2006-01-28"",""birth_year"":2006,""draft_pick"":3,""draft_type"":""ND"",""draft_year"":2024,""legacy_key"":""jagga-smith""}",,True,
126,afl-player-v1-1c1aad5bfa253f84eb55,jai-culley,Jai Culley,Carlton Blues,MID,matched,Jai Culley,West Coast,MID,"{""birth_date"":""2003-02-24"",""birth_year"":2003,""draft_pick"":1,""draft_type"":""MSD"",""draft_year"":2022,""legacy_key"":""jai-culley""}",,True,
313,afl-player-v1-225291ffe5be1a04069a,jai-murray,Jai Murray,Fremantle Dockers,MID,matched,Jai Murray,Gold Coast,MID,"{""birth_date"":""2007-03-09"",""birth_year"":2007,""draft_pick"":17,""draft_type"":""ND"",""draft_year"":2025,""legacy_key"":""jai-murray""}",,True,
755,afl-player-v1-77265b1aa054f910d1c1,jai-newcombe,Jai Newcombe,West Coast Eagles,MID,matched,Jai Newcombe,Hawthorn,MID,"{""birth_date"":""2001-08-02"",""birth_year"":2001,""draft_pick"":2,""draft_type"":""MSD"",""draft_year"":2021,""legacy_key"":""jai-newcombe""}",,True,
722,afl-player-v1-1d5af6c01ebcddc2cd54,jai-saxena,Jai Saxena,West Coast Eagles,G-FWD,matched,Jai Saxena,Collingwood,G-FWD,"{""birth_date"":""2007-07-27"",""birth_year"":2007,""draft_pick"":"""",""draft_type"":""PDN"",""draft_year"":2025,""legacy_key"":""jai-saxena""}",draft_pick,False,no_current_or_historical_scoring_games+not_recent_unplayed_draftee
505,afl-player-v1-4dc82d0e8a055ba08cbe,jai-serong,Jai Serong,North Melbourne Kangaroos,"G-DEF,K-DEF",matched,Jai Serong,Hawthorn,G-DEF,"{""birth_date"":""2003-02-16"",""birth_year"":2003,""draft_pick"":53,""draft_type"":""ND"",""draft_year"":2021,""legacy_key"":""jai-serong""}",,True,
296,afl-player-v1-c471c26d8c18e0ea92a0,jaime-uhr-henry,Jaime Uhr-Henry,Free agents,RUCK,matched,Jaime Uhr-Henry,Hawthorn,RUCK,"{""birth_date"":""2003-03-12"",""birth_year"":2003,""draft_pick"":"""",""draft_type"":""UNR"",""draft_year"":2024,""legacy_key"":""jaime-uhr-henry""}",draft_pick,False,no_current_or_historical_scoring_games+not_recent_unplayed_draftee
719,afl-player-v1-e0445624468b8061dc74,jake-bowey,Jake Bowey,West Coast Eagles,G-DEF,matched,Jake Bowey,Melbourne,G-DEF,"{""birth_date"":""2002-09-12"",""birth_year"":2002,""draft_pick"":22,""draft_type"":""ND"",""draft_year"":2020,""legacy_key"":""jake-bowey""}",,True,
554,afl-player-v1-065355e7e85a5ced14d4,jake-kolodjashnij,Jake Kolodjashnij,Port Adelaide Power,"G-DEF,K-DEF",matched,Jake Kolodjashnij,Geelong,K-DEF,"{""birth_date"":""1995-08-09"",""birth_year"":1995,""draft_pick"":41,""draft_type"":""ND"",""draft_year"":2013,""legacy_key"":""jake-kolodjashnij""}",,True,
164,afl-player-v1-8ee6489f823d1c7fc978,jake-lever,Jake Lever,Collingwood Magpies,G-DEF,matched,Jake Lever,Adelaide,K-DEF,"{""birth_date"":""1996-03-05"",""birth_year"":1996,""draft_pick"":15,""draft_type"":""ND"",""draft_year"":2014,""legacy_key"":""jake-lever""}",,True,
351,afl-player-v1-797837193a7c4b847d81,jake-lloyd,Jake Lloyd,Geelong Cats,"MID,G-FWD",matched,Jake Lloyd,Sydney,G-DEF,"{""birth_date"":""1993-09-20"",""birth_year"":1993,""draft_pick"":18,""draft_type"":""RD"",""draft_year"":2012,""legacy_key"":""jake-lloyd""}",,True,
281,afl-player-v1-6a3381cd7e6ab7ef3151,jake-melksham,Jake Melksham,Free agents,"K-FWD,G-FWD",matched,Jake Melksham,Essendon,K-FWD,"{""birth_date"":""1991-08-29"",""birth_year"":1991,""draft_pick"":10,""draft_type"":""ND"",""draft_year"":2009,""legacy_key"":""jake-melksham""}",,True,
535,afl-player-v1-6c5aa145c8e6f090ccf2,jake-riccardi,Jake Riccardi,Port Adelaide Power,"RUCK,G-FWD,K-FWD",matched,Jake Riccardi,GWS,K-FWD,"{""birth_date"":""1999-11-07"",""birth_year"":1999,""draft_pick"":51,""draft_type"":""ND"",""draft_year"":2019,""legacy_key"":""jake-riccardi""}",,True,
454,afl-player-v1-25fb163a4abff862be76,jake-rogers,Jake Rogers,Melbourne Demons,G-FWD,matched,Jake Rogers,Gold Coast,G-FWD,"{""birth_date"":""2005-03-02"",""birth_year"":2005,""draft_pick"":14,""draft_type"":""ND"",""draft_year"":2023,""legacy_key"":""jake-rogers""}",,True,
112,afl-player-v1-0a662f343237df662272,jake-soligo,Jake Soligo,Carlton Blues,"MID,G-FWD",matched,Jake Soligo,Adelaide,MID,"{""birth_date"":""2003-01-25"",""birth_year"":2003,""draft_pick"":36,""draft_type"":""ND"",""draft_year"":2021,""legacy_key"":""jake-soligo""}",,True,
63,afl-player-v1-321029a9a16b5cd19eb6,jake-stringer,Jake Stringer,Brisbane Lions,G-FWD,matched,Jake Stringer,Western Bulldogs,G-FWD,"{""birth_date"":""1994-04-25"",""birth_year"":1994,""draft_pick"":7,""draft_type"":""ND"",""draft_year"":2012,""legacy_key"":""jake-stringer""}",,True,
724,afl-player-v1-5dabae98d4a977b6dfc7,jake-waterman,Jake Waterman,West Coast Eagles,"G-FWD,K-FWD",matched,Jake Waterman,West Coast,K-FWD,"{""birth_date"":""1998-05-06"",""birth_year"":1998,""draft_pick"":76,""draft_type"":""ND"",""draft_year"":2016,""legacy_key"":""jake-waterman""}",,True,
217,afl-player-v1-fbd777b8ce2afc23740b,jakob-ryan,Jakob Ryan,West Coast Eagles,G-DEF,matched,Jakob Ryan,Collingwood,G-DEF,"{""birth_date"":""2004-09-20"",""birth_year"":2004,""draft_pick"":28,""draft_type"":""ND"",""draft_year"":2022,""legacy_key"":""jakob-ryan""}",,False,no_recent_activity_signal+not_recent_unplayed_draftee
783,afl-player-v1-f34b7fe71316041c9e20,jamarra-ugle-hagan,Jamarra Ugle-Hagan,Western Bulldogs,"G-FWD,K-FWD",matched,Jamarra Ugle-Hagan,Western Bulldogs,K-FWD,"{""birth_date"":""2002-04-04"",""birth_year"":2002,""draft_pick"":1,""draft_type"":""ND"",""draft_year"":2020,""legacy_key"":""jamarra-ugle-hagan""}",,True,
525,afl-player-v1-25baa6b755b2b922bf78,james-barrat,James Barrat,North Melbourne Kangaroos,"G-DEF,G-FWD,K-FWD,K-DEF",matched,James Barrat,St Kilda,K-DEF,"{""birth_date"":""2006-11-23"",""birth_year"":2006,""draft_pick"":32,""draft_type"":""ND"",""draft_year"":2024,""legacy_key"":""james-barrat""}",,True,
240,afl-player-v1-5b1f208d8c295adb9db7,james-blanck,James Blanck,Free agents,"K-DEF,G-DEF",matched,James Blanck,Hawthorn,K-DEF,"{""birth_date"":""2000-11-20"",""birth_year"":2000,""draft_pick"":16,""draft_type"":""MSD"",""draft_year"":2022,""legacy_key"":""james-blanck""}",,False,no_recent_activity_signal+not_recent_unplayed_draftee
326,afl-player-v1-e961f98e3ca95449c021,james-borlase,James Borlase,Fremantle Dockers,"G-DEF,K-DEF",matched,James Borlase,Adelaide,K-DEF,"{""birth_date"":""2002-07-18"",""birth_year"":2002,""draft_pick"":"""",""draft_type"":""PDN"",""draft_year"":2020,""legacy_key"":""james-borlase""}",draft_pick,True,
22,afl-player-v1-173e2cb4e5ec4e8583c7,james-jordon,James Jordon,Adelaide Crows,"MID,G-FWD",matched,James Jordon,Melbourne,MID,"{""birth_date"":""2000-12-20"",""birth_year"":2000,""draft_pick"":33,""draft_type"":""ND"",""draft_year"":2018,""legacy_key"":""james-jordon""}",,True,
427,afl-player-v1-51c8b895f8ffb72116a6,james-leake,James Leake,Hawthorn Hawks,"G-DEF,G-FWD",matched,James Leake,GWS,G-DEF,"{""birth_date"":""2005-10-02"",""birth_year"":2005,""draft_pick"":17,""draft_type"":""ND"",""draft_year"":2023,""legacy_key"":""james-leake""}",,True,
596,afl-player-v1-cedb99d3423baacfe787,james-o-donnell,James O'Donnell,Richmond Tigers,"G-DEF,K-DEF",matched,James O'Donnell,Western Bulldogs,K-DEF,"{""birth_date"":""2002-08-31"",""birth_year"":2002,""draft_pick"":"""",""draft_type"":""UNR"",""draft_year"":2022,""legacy_key"":""james-o-donnell""}",draft_pick,True,
178,afl-player-v1-33f13e3f7a2a5dfdd21c,james-peatling,James Peatling,Collingwood Magpies,MID,matched,James Peatling,GWS,MID,"{""birth_date"":""2000-08-21"",""birth_year"":2000,""draft_pick"":8,""draft_type"":""MSD"",""draft_year"":2021,""legacy_key"":""james-peatling""}",,True,
686,afl-player-v1-70f3ca3303c30ee97d8e,james-rowbottom,James Rowbottom,Sydney Swans,MID,matched,James Rowbottom,Sydney,MID,"{""birth_date"":""2000-09-19"",""birth_year"":2000,""draft_pick"":25,""draft_type"":""ND"",""draft_year"":2018,""legacy_key"":""james-rowbottom""}",,True,
375,afl-player-v1-4bfcacf82a0d776c2ea4,james-sicily,James Sicily,Geelong Cats,G-DEF,matched,James Sicily,Hawthorn,G-DEF,"{""birth_date"":""1995-01-06"",""birth_year"":1995,""draft_pick"":52,""draft_type"":""ND"",""draft_year"":2013,""legacy_key"":""james-sicily""}",,True,
798,afl-player-v1-256b11412ad9adfde693,james-trezise,James Trezise,Western Bulldogs,"G-DEF,MID",matched,James Trezise,Richmond,G-DEF,"{""birth_date"":""2002-06-15"",""birth_year"":2002,""draft_pick"":12,""draft_type"":""MSD"",""draft_year"":2023,""legacy_key"":""james-trezise""}",,True,
295,afl-player-v1-ab5dd715f4f33e75a9f8,james-tunstill,James Tunstill,Free agents,MID,matched,James Tunstill,Brisbane,MID,"{""birth_date"":""2003-07-18"",""birth_year"":2003,""draft_pick"":41,""draft_type"":""ND"",""draft_year"":2021,""legacy_key"":""james-tunstill""}",,True,
542,afl-player-v1-c01448b8c1a9d2ca5862,james-worpel,James Worpel,Port Adelaide Power,MID,matched,James Worpel,Hawthorn,MID,"{""birth_date"":""1999-01-24"",""birth_year"":1999,""draft_pick"":45,""draft_type"":""ND"",""draft_year"":2017,""legacy_key"":""james-worpel""}",,True,
247,afl-player-v1-ce944748c780cff96356,jamie-cripps,Jamie Cripps,Free agents,G-FWD,matched,Jamie Cripps,St Kilda,G-FWD,"{""birth_date"":""1992-04-23"",""birth_year"":1992,""draft_pick"":30,""draft_type"":""ND"",""draft_year"":2010,""legacy_key"":""jamie-cripps""}",,True,
78,afl-player-v1-0ecc742e1e4c4714661c,jamie-elliott,Jamie Elliott,Brisbane Lions,G-FWD,matched,Jamie Elliott,,G-FWD,"{""birth_date"":""1992-08-21"",""birth_year"":1992,""draft_pick"":42,""draft_type"":""ND"",""draft_year"":2011,""legacy_key"":""jamie-elliott""}",,True,
560,afl-player-v1-aee6de2973fd5ca4467f,jaren-carr,Jaren Carr,Port Adelaide Power,G-FWD,matched,Jaren Carr,Fremantle,G-FWD,"{""birth_date"":""2004-01-27"",""birth_year"":2004,""draft_pick"":63,""draft_type"":""ND"",""draft_year"":2024,""legacy_key"":""jaren-carr""}",,True,
157,afl-player-v1-5283bc8e85b412262bbf,jarman-impey,Jarman Impey,Collingwood Magpies,G-DEF,matched,Jarman Impey,Port Adelaide,G-DEF,"{""birth_date"":""1995-07-09"",""birth_year"":1995,""draft_pick"":21,""draft_type"":""ND"",""draft_year"":2013,""legacy_key"":""jarman-impey""}",,True,
710,afl-player-v1-4c39c245f4e41e17565b,jarrod-berry,Jarrod Berry,Sydney Swans,MID,matched,Jarrod Berry,Brisbane,MID,"{""birth_date"":""1998-02-05"",""birth_year"":1998,""draft_pick"":17,""draft_type"":""ND"",""draft_year"":2016,""legacy_key"":""jarrod-berry""}",,True,
571,afl-player-v1-6d9e6e921c587840f700,jarrod-witts,Jarrod Witts,Port Adelaide Power,RUCK,matched,Jarrod Witts,Collingwood,RUCK,"{""birth_date"":""1992-09-13"",""birth_year"":1992,""draft_pick"":81,""draft_type"":""ND"",""draft_year"":2011,""legacy_key"":""jarrod-witts""}",,True,
200,afl-player-v1-72c1c11700fc61dae98d,jase-burgoyne,Jase Burgoyne,Essendon Bombers,"G-DEF,MID",matched,Jase Burgoyne,Port Adelaide,G-DEF,"{""birth_date"":""2003-07-15"",""birth_year"":2003,""draft_pick"":60,""draft_type"":""ND"",""draft_year"":2021,""legacy_key"":""jase-burgoyne""}",,True,
381,afl-player-v1-1c150e0d509e17a4deac,jason-horne-francis,Jason Horne-Francis,Geelong Cats,"MID,G-FWD",matched,Jason Horne-Francis,North Melbourne,MID,"{""birth_date"":""2003-06-21"",""birth_year"":2003,""draft_pick"":1,""draft_type"":""ND"",""draft_year"":2021,""legacy_key"":""jason-horne-francis""}",,True,
15,afl-player-v1-868ea8f767a946d70917,jaspa-fletcher,Jaspa Fletcher,Adelaide Crows,G-DEF,matched,Jaspa Fletcher,Brisbane,G-DEF,"{""birth_date"":""2004-02-24"",""birth_year"":2004,""draft_pick"":12,""draft_type"":""ND"",""draft_year"":2022,""legacy_key"":""jaspa-fletcher""}",,True,
115,afl-player-v1-62e44a2acaafb4a83a2f,jasper-alger,Jasper Alger,Carlton Blues,G-FWD,matched,Jasper Alger,Richmond,G-FWD,"{""birth_date"":""2006-12-17"",""birth_year"":2006,""draft_pick"":58,""draft_type"":""ND"",""draft_year"":2024,""legacy_key"":""jasper-alger""}",,True,
402,afl-player-v1-690c8a0df50927412d20,jaxon-artemis,Jaxon Artemis,Hawthorn Hawks,G-DEF,matched,Jaxon Artemis,Essendon,G-DEF,"{""birth_date"":""2006-08-24"",""birth_year"":2006,""draft_pick"":1,""draft_type"":""MSD"",""draft_year"":2026,""legacy_key"":""jaxon-artemis""}",,False,no_current_or_historical_scoring_games+not_recent_unplayed_draftee
306,afl-player-v1-82c7e8f494607c184f2b,jaxon-prior,Jaxon Prior,Fremantle Dockers,G-DEF,matched,Jaxon Prior,Brisbane,G-DEF,"{""birth_date"":""2001-06-04"",""birth_year"":2001,""draft_pick"":59,""draft_type"":""ND"",""draft_year"":2019,""legacy_key"":""jaxon-prior""}",,True,
322,afl-player-v1-6fa3c4b4bef1c733ff3e,jay-polkinghorne,Jay Polkinghorne,Fremantle Dockers,"G-FWD,K-FWD",matched,Jay Polkinghorne,Geelong,G-FWD,"{""birth_date"":""2006-06-02"",""birth_year"":2006,""draft_pick"":44,""draft_type"":""ND"",""draft_year"":2024,""legacy_key"":""jay-polkinghorne""}",,True,
754,afl-player-v1-d151854cdb94fdf87f61,jayden-laverde,Jayden Laverde,West Coast Eagles,"G-DEF,K-DEF",matched,Jayden Laverde,Essendon,K-DEF,"{""birth_date"":""1996-04-12"",""birth_year"":1996,""draft_pick"":20,""draft_type"":""ND"",""draft_year"":2014,""legacy_key"":""jayden-laverde""}",,True,
283,afl-player-v1-1c1037a91ecab97d410e,jayden-nguyen,Jayden Nguyen,Free agents,G-DEF,matched,Jayden Nguyen,Essendon,G-DEF,"{""birth_date"":""2006-07-27"",""birth_year"":2006,""draft_pick"":"""",""draft_type"":""PDN"",""draft_year"":2024,""legacy_key"":""jayden-nguyen""}",draft_pick,True,
570,afl-player-v1-98002cba10c19c2ef4bf,jayden-short,Jayden Short,Port Adelaide Power,G-DEF,matched,Jayden Short,Richmond,G-DEF,"{""birth_date"":""1996-01-24"",""birth_year"":1996,""draft_pick"":10,""draft_type"":""RD"",""draft_year"":2014,""legacy_key"":""jayden-short""}",,True,
446,afl-player-v1-c35c6e7ab177db461973,jed-adams,Jed Adams,Melbourne Demons,"G-DEF,K-DEF",matched,Jed Adams,Melbourne,K-DEF,"{""birth_date"":""2004-05-14"",""birth_year"":2004,""draft_pick"":38,""draft_type"":""ND"",""draft_year"":2022,""legacy_key"":""jed-adams""}",,True,
239,afl-player-v1-8da0b1455f76a2e2df9c,jed-bews,Jed Bews,Free agents,G-DEF,matched,Jed Bews,Geelong,G-DEF,"{""birth_date"":""1993-12-14"",""birth_year"":1993,""draft_pick"":85,""draft_type"":""ND"",""draft_year"":2011,""legacy_key"":""jed-bews""}",,True,
444,afl-player-v1-b45c2bd338bff627435e,jed-walter,Jed Walter,Melbourne Demons,"G-FWD,K-FWD",matched,Jed Walter,Gold Coast,K-FWD,"{""birth_date"":""2005-06-08"",""birth_year"":2005,""draft_pick"":3,""draft_type"":""ND"",""draft_year"":2023,""legacy_key"":""jed-walter""}",,True,
224,afl-player-v1-d26a58755c862c904694,jedd-busslinger,Jedd Busslinger,Essendon Bombers,"G-DEF,K-DEF",matched,Jedd Busslinger,Western Bulldogs,K-DEF,"{""birth_date"":""2004-03-11"",""birth_year"":2004,""draft_pick"":13,""draft_type"":""ND"",""draft_year"":2022,""legacy_key"":""jedd-busslinger""}",,True,
496,afl-player-v1-506436b19e84af368956,jeremy-cameron,Jeremy Cameron,North Melbourne Kangaroos,"G-FWD,K-FWD",matched,Jeremy Cameron,GWS,K-FWD,"{""birth_date"":""1993-04-01"",""birth_year"":1993,""draft_pick"":13,""draft_type"":""ND"",""draft_year"":2011,""legacy_key"":""jeremy-cameron""}",,True,
541,afl-player-v1-f5e39356680d53f4d27a,jeremy-howe,Jeremy Howe,Port Adelaide Power,G-DEF,matched,Jeremy Howe,Melbourne,G-DEF,"{""birth_date"":""1990-06-29"",""birth_year"":1990,""draft_pick"":42,""draft_type"":""ND"",""draft_year"":2010,""legacy_key"":""jeremy-howe""}",,True,
162,afl-player-v1-a7f32f55b2de8df8a3aa,jeremy-sharp,Jeremy Sharp,Collingwood Magpies,MID,matched,Jeremy Sharp,Gold Coast,MID,"{""birth_date"":""2001-08-13"",""birth_year"":2001,""draft_pick"":27,""draft_type"":""ND"",""draft_year"":2019,""legacy_key"":""jeremy-sharp""}",,True,
171,afl-player-v1-16877fb6b00199654e9e,jesse-dattoli,Jesse Dattoli,Collingwood Magpies,G-FWD,matched,Jesse Dattoli,Sydney,G-FWD,"{""birth_date"":""2006-07-07"",""birth_year"":2006,""draft_pick"":22,""draft_type"":""ND"",""draft_year"":2024,""legacy_key"":""jesse-dattoli""}",,True,
543,afl-player-v1-45d37b36c6b9d3a5acd2,jesse-hogan,Jesse Hogan,Port Adelaide Power,"G-FWD,K-FWD",matched,Jesse Hogan,Melbourne,K-FWD,"{""birth_date"":""1995-02-12"",""birth_year"":1995,""draft_pick"":5,""draft_type"":""ND"",""draft_year"":2012,""legacy_key"":""jesse-hogan""}",,True,
392,afl-player-v1-5da25d5d202bbfbd2a53,jesse-mellor,Jesse Mellor,Geelong Cats,G-FWD,matched,Jesse Mellor,Geelong,MID,"{""birth_date"":""2007-01-04"",""birth_year"":2007,""draft_pick"":"""",""draft_type"":""PDN"",""draft_year"":2025,""legacy_key"":""jesse-mellor""}",draft_pick,False,no_current_or_historical_scoring_games+not_recent_unplayed_draftee
179,afl-player-v1-838375338eeaff603372,jesse-motlop,Jesse Motlop,Adelaide Crows,G-FWD,matched,Jesse Motlop,Carlton,G-FWD,"{""birth_date"":""2003-11-23"",""birth_year"":2003,""draft_pick"":27,""draft_type"":""ND"",""draft_year"":2021,""legacy_key"":""jesse-motlop""}",,True,
302,afl-player-v1-9ad6dcd7a2e1ad357061,jevan-phillipou,Jevan Phillipou,Fremantle Dockers,MID,matched,Jevan Phillipou,Sydney,G-FWD,"{""birth_date"":""2007-03-30"",""birth_year"":2007,""draft_pick"":35,""draft_type"":""ND"",""draft_year"":2025,""legacy_key"":""jevan-phillipou""}",,True,
365,afl-player-v1-066fee6e9d9da612b305,jhye-clark,Jhye Clark,Geelong Cats,"MID,G-FWD",matched,Jhye Clark,Geelong,MID,"{""birth_date"":""2004-07-23"",""birth_year"":2004,""draft_pick"":8,""draft_type"":""ND"",""draft_year"":2022,""legacy_key"":""jhye-clark""}",,True,
792,afl-player-v1-c6a461bc214b4d48ca46,jobe-shanahan,Jobe Shanahan,Western Bulldogs,"G-FWD,K-FWD",matched,Jobe Shanahan,West Coast,K-FWD,"{""birth_date"":""2006-08-02"",""birth_year"":2006,""draft_pick"":30,""draft_type"":""ND"",""draft_year"":2024,""legacy_key"":""jobe-shanahan""}",,True,
26,afl-player-v1-9844fdd0a1778ebb896b,joe-berry,Joe Berry,Adelaide Crows,G-FWD,matched,Joe Berry,Port Adelaide,G-FWD,"{""birth_date"":""2006-04-18"",""birth_year"":2006,""draft_pick"":15,""draft_type"":""ND"",""draft_year"":2024,""legacy_key"":""joe-berry""}",,True,
524,afl-player-v1-5c6c87d323c28680111e,joe-pike,Joe Pike,North Melbourne Kangaroos,RUCK,matched,Joe Pike,Geelong,RUCK,"{""birth_date"":""2005-05-17"",""birth_year"":2005,""draft_pick"":11,""draft_type"":""RD"",""draft_year"":2024,""legacy_key"":""joe-pike""}",,True,
11,afl-player-v1-760c6daa6af814bcb24b,joe-richards,Joe Richards,Adelaide Crows,G-FWD,matched,Joe Richards,Collingwood,G-FWD,"{""birth_date"":""1999-11-23"",""birth_year"":1999,""draft_pick"":48,""draft_type"":""ND"",""draft_year"":2022,""legacy_key"":""joe-richards""}",,True,
177,afl-player-v1-54c87b7338a49c5e610e,joel-amartey,Joel Amartey,Collingwood Magpies,"G-FWD,K-FWD",matched,Joel Amartey,Sydney,K-FWD,"{""birth_date"":""1999-09-02"",""birth_year"":1999,""draft_pick"":23,""draft_type"":""RD"",""draft_year"":2017,""legacy_key"":""joel-amartey""}",,True,
409,afl-player-v1-8cc48a4ee93f1e9d1dff,joel-cochran,Joel Cochran,Hawthorn Hawks,G-DEF,matched,Joel Cochran,Collingwood,K-DEF,"{""birth_date"":""2006-03-28"",""birth_year"":2006,""draft_pick"":47,""draft_type"":""ND"",""draft_year"":2024,""legacy_key"":""joel-cochran""}",,True,
670,afl-player-v1-c090106f7ba6dd9b3e4f,joel-fitzgerald,Joel Fitzgerald,Sydney Swans,MID,matched,Joel Fitzgerald,Melbourne,MID,"{""birth_date"":""2003-08-08"",""birth_year"":2003,""draft_pick"":16,""draft_type"":""MSD"",""draft_year"":2026,""legacy_key"":""joel-fitzgerald""}",,True,
794,afl-player-v1-e74d91c43dc37b3dcab3,joel-freijah,Joel Freijah,Western Bulldogs,"MID,G-FWD",matched,Joel Freijah,Western Bulldogs,MID,"{""birth_date"":""2005-11-14"",""birth_year"":2005,""draft_pick"":45,""draft_type"":""ND"",""draft_year"":2023,""legacy_key"":""joel-freijah""}",,True,
259,afl-player-v1-a1eb647f11192890abda,joel-hamling,Joel Hamling,Free agents,"K-DEF,G-DEF",matched,Joel Hamling,Geelong,K-DEF,"{""birth_date"":""1993-04-09"",""birth_year"":1993,""draft_pick"":44,""draft_type"":""ND"",""draft_year"":2011,""legacy_key"":""joel-hamling""}",,True,
529,afl-player-v1-9434d7c5b43141a33554,joel-jeffrey,Joel Jeffrey,North Melbourne Kangaroos,G-DEF,matched,Joel Jeffrey,Gold Coast,G-DEF,"{""birth_date"":""2002-03-12"",""birth_year"":2002,""draft_pick"":30,""draft_type"":""ND"",""draft_year"":2020,""legacy_key"":""joel-jeffrey""}",,True,
674,afl-player-v1-a9a8e85ed38f1ce4e94f,john-noble,John Noble,Sydney Swans,G-DEF,matched,John Noble,Collingwood,G-DEF,"{""birth_date"":""1997-03-25"",""birth_year"":1997,""draft_pick"":12,""draft_type"":""MSD"",""draft_year"":2019,""legacy_key"":""john-noble""}",,True,
124,afl-player-v1-185c557fce56e14bdfd8,jonty-faull,Jonty Faull,Carlton Blues,"G-FWD,K-FWD",matched,Jonty Faull,Richmond,K-FWD,"{""birth_date"":""2006-02-01"",""birth_year"":2006,""draft_pick"":14,""draft_type"":""ND"",""draft_year"":2024,""legacy_key"":""jonty-faull""}",,True,
243,afl-player-v1-a78d615765af7770ab64,jordan-boyd,Jordan Boyd,Free agents,G-DEF,matched,Jordan Boyd,Carlton,G-DEF,"{""birth_date"":""1998-09-22"",""birth_year"":1998,""draft_pick"":19,""draft_type"":""MSD"",""draft_year"":2021,""legacy_key"":""jordan-boyd""}",,True,
745,afl-player-v1-c23c541c8c5162167ffa,jordan-clark,Jordan Clark,West Coast Eagles,G-DEF,matched,Jordan Clark,Geelong,G-DEF,"{""birth_date"":""2000-10-16"",""birth_year"":2000,""draft_pick"":15,""draft_type"":""ND"",""draft_year"":2018,""legacy_key"":""jordan-clark""}",,True,
417,afl-player-v1-b2ca097d0f41f5514c69,jordan-croft,Jordan Croft,Hawthorn Hawks,"G-FWD,K-FWD",matched,Jordan Croft,Western Bulldogs,K-FWD,"{""birth_date"":""2005-05-12"",""birth_year"":2005,""draft_pick"":15,""draft_type"":""ND"",""draft_year"":2023,""legacy_key"":""jordan-croft""}",,True,
52,afl-player-v1-cf9fc9a7e2cfd3156d25,jordan-dawson,Jordan Dawson,West Coast Eagles,MID,matched,Jordan Dawson,Sydney,MID,"{""birth_date"":""1997-04-09"",""birth_year"":1997,""draft_pick"":55,""draft_type"":""ND"",""draft_year"":2015,""legacy_key"":""jordan-dawson""}",,True,
12,afl-player-v1-61b3ccb5ea59c4851445,jordan-ridley,Jordan Ridley,Adelaide Crows,G-DEF,matched,Jordan Ridley,Essendon,G-DEF,"{""birth_date"":""1998-10-20"",""birth_year"":1998,""draft_pick"":22,""draft_type"":""ND"",""draft_year"":2016,""legacy_key"":""jordan-ridley""}",,True,
510,afl-player-v1-e4877d4c9ba3d6489a35,jordan-de-goey,Jordan de Goey,North Melbourne Kangaroos,"MID,G-FWD",matched,Jordan De Goey,Collingwood,G-FWD,"{""birth_date"":""1996-03-15"",""birth_year"":1996,""draft_pick"":6,""draft_type"":""ND"",""draft_year"":2014,""legacy_key"":""jordan-de-goey""}",,True,
340,afl-player-v1-49b2f47645c8cd4d1be0,jordon-butts,Jordon Butts,Fremantle Dockers,"G-DEF,K-DEF",matched,Jordon Butts,Adelaide,K-DEF,"{""birth_date"":""1999-12-31"",""birth_year"":1999,""draft_pick"":20,""draft_type"":""RD"",""draft_year"":2018,""legacy_key"":""jordon-butts""}",,True,
665,afl-player-v1-ea006b568d7e6484b32a,jordon-sweet,Jordon Sweet,St Kilda Saints,RUCK,matched,Jordon Sweet,Western Bulldogs,RUCK,"{""birth_date"":""1998-02-02"",""birth_year"":1998,""draft_pick"":16,""draft_type"":""RD"",""draft_year"":2018,""legacy_key"":""jordon-sweet""}",,True,
637,afl-player-v1-ce576813a5ba90f27db6,josaia-delana,Josaia Delana,St Kilda Saints,G-FWD,matched,Josaia Delana,GWS,G-FWD,"{""birth_date"":""2006-07-01"",""birth_year"":2006,""draft_pick"":"""",""draft_type"":""PDA"",""draft_year"":2024,""legacy_key"":""josaia-delana""}",draft_pick,True,
633,afl-player-v1-59002dc8321ccdf21bfa,joseph-fonti,Joseph Fonti,St Kilda Saints,G-DEF,matched,Joseph Fonti,GWS,G-DEF,"{""birth_date"":""2004-12-24"",""birth_year"":2004,""draft_pick"":44,""draft_type"":""ND"",""draft_year"":2023,""legacy_key"":""joseph-fonti""}",,True,
185,afl-player-v1-fcb11713300f463bd31a,josh-battle,Josh Battle,West Coast Eagles,"G-DEF,K-DEF",matched,Josh Battle,St Kilda,K-DEF,"{""birth_date"":""1998-09-01"",""birth_year"":1998,""draft_pick"":39,""draft_type"":""ND"",""draft_year"":2016,""legacy_key"":""josh-battle""}",,True,
90,afl-player-v1-d246c05d619c36492dce,josh-daicos,Josh Daicos,Brisbane Lions,G-DEF,matched,Josh Daicos,Collingwood,G-DEF,"{""birth_date"":""1998-11-26"",""birth_year"":1998,""draft_pick"":57,""draft_type"":""ND"",""draft_year"":2016,""legacy_key"":""josh-daicos""}",,True,
401,afl-player-v1-44e38609bc728a39c7cb,josh-dolan,Josh Dolan,Hawthorn Hawks,G-FWD,matched,Josh Dolan,Western Bulldogs,G-FWD,"{""birth_date"":""2006-11-11"",""birth_year"":2006,""draft_pick"":31,""draft_type"":""ND"",""draft_year"":2024,""legacy_key"":""josh-dolan""}",,True,
197,afl-player-v1-f24afe9ae1de1cfd811f,josh-draper,Josh Draper,Essendon Bombers,"G-DEF,K-DEF",matched,Josh Draper,Fremantle,K-DEF,"{""birth_date"":""2004-02-08"",""birth_year"":2004,""draft_pick"":"""",""draft_type"":""PDN"",""draft_year"":2022,""legacy_key"":""josh-draper""}",draft_pick,True,
363,afl-player-v1-93e4a53a9859611bd616,josh-dunkley,Josh Dunkley,Geelong Cats,MID,matched,Josh Dunkley,Western Bulldogs,MID,"{""birth_date"":""1997-01-09"",""birth_year"":1997,""draft_pick"":25,""draft_type"":""ND"",""draft_year"":2015,""legacy_key"":""josh-dunkley""}",,True,
770,afl-player-v1-cc43e28819683f5743fa,josh-gibcus,Josh Gibcus,Western Bulldogs,"G-DEF,K-DEF",matched,Josh Gibcus,Richmond,K-DEF,"{""birth_date"":""2003-04-04"",""birth_year"":2003,""draft_pick"":9,""draft_type"":""ND"",""draft_year"":2021,""legacy_key"":""josh-gibcus""}",,True,
433,afl-player-v1-59d17c24985ebc3eea8b,josh-goater,Josh Goater,Hawthorn Hawks,G-DEF,matched,Josh Goater,North Melbourne,G-DEF,"{""birth_date"":""2003-06-02"",""birth_year"":2003,""draft_pick"":22,""draft_type"":""ND"",""draft_year"":2021,""legacy_key"":""josh-goater""}",,True,
347,afl-player-v1-48fb2da2b909a8256894,josh-lai,Josh Lai,Fremantle Dockers,"MID,G-DEF",matched,Josh Lai,Port Adelaide,G-DEF,"{""birth_date"":""2005-10-01"",""birth_year"":2005,""draft_pick"":"""",""draft_type"":""SSP"",""draft_year"":2024,""legacy_key"":""josh-lai""}",draft_pick,True,
661,afl-player-v1-527601186c70f68adedc,josh-lindsay,Josh Lindsay,St Kilda Saints,G-DEF,matched,Josh Lindsay,West Coast,G-DEF,"{""birth_date"":""2007-04-07"",""birth_year"":2007,""draft_pick"":19,""draft_type"":""ND"",""draft_year"":2025,""legacy_key"":""josh-lindsay""}",,True,
316,afl-player-v1-d7dc302f0061f9c3a6a3,josh-rachele,Josh Rachele,Fremantle Dockers,"G-FWD,MID",matched,Josh Rachele,Adelaide,G-FWD,"{""birth_date"":""2003-04-11"",""birth_year"":2003,""draft_pick"":6,""draft_type"":""ND"",""draft_year"":2021,""legacy_key"":""josh-rachele""}",,True,
187,afl-player-v1-2c24e6846a509ffa12da,josh-sinn,Josh Sinn,Essendon Bombers,G-DEF,matched,Josh Sinn,Port Adelaide,G-DEF,"{""birth_date"":""2003-01-07"",""birth_year"":2003,""draft_pick"":12,""draft_type"":""ND"",""draft_year"":2021,""legacy_key"":""josh-sinn""}",,True,
131,afl-player-v1-24f687ff17ab96929229,josh-smillie,Josh Smillie,Carlton Blues,MID,matched,Josh Smillie,Richmond,MID,"{""birth_date"":""2006-05-17"",""birth_year"":2006,""draft_pick"":7,""draft_type"":""ND"",""draft_year"":2024,""legacy_key"":""josh-smillie""}",,True,
742,afl-player-v1-401083e67cc655ae73fb,josh-treacy,Josh Treacy,West Coast Eagles,"G-FWD,K-FWD",matched,Josh Treacy,Fremantle,K-FWD,"{""birth_date"":""2002-08-04"",""birth_year"":2002,""draft_pick"":5,""draft_type"":""RD"",""draft_year"":2020,""legacy_key"":""josh-treacy""}",,True,
195,afl-player-v1-a8c15dd580fe0f3312b6,josh-ward,Josh Ward,Essendon Bombers,MID,matched,Josh Ward,Hawthorn,MID,"{""birth_date"":""2003-08-15"",""birth_year"":2003,""draft_pick"":7,""draft_type"":""ND"",""draft_year"":2021,""legacy_key"":""josh-ward""}",,True,
726,afl-player-v1-248c051e7df555f47a45,josh-worrell,Josh Worrell,West Coast Eagles,G-DEF,matched,Josh Worrell,Adelaide,G-DEF,"{""birth_date"":""2001-04-11"",""birth_year"":2001,""draft_pick"":28,""draft_type"":""ND"",""draft_year"":2019,""legacy_key"":""josh-worrell""}",,True,
8,afl-player-v1-29620638cdab9bcb2a83,joshua-kelly,Joshua Kelly,Adelaide Crows,MID,matched,Joshua Kelly,GWS,MID,"{""birth_date"":""1995-02-12"",""birth_year"":1995,""draft_pick"":2,""draft_type"":""ND"",""draft_year"":2013,""legacy_key"":""joshua-kelly""}",,True,
578,afl-player-v1-d4e9bfd1ee9ae1c72370,joshua-weddle,Joshua Weddle,Richmond Tigers,"G-DEF,MID",matched,Joshua Weddle,Hawthorn,G-DEF,"{""birth_date"":""2004-05-25"",""birth_year"":2004,""draft_pick"":18,""draft_type"":""ND"",""draft_year"":2022,""legacy_key"":""joshua-weddle""}",,True,
592,afl-player-v1-1ae7e43e112521438bbe,judd-mcvee,Judd McVee,Richmond Tigers,G-DEF,matched,Judd McVee,Melbourne,G-DEF,"{""birth_date"":""2003-08-07"",""birth_year"":2003,""draft_pick"":11,""draft_type"":""RD"",""draft_year"":2021,""legacy_key"":""judd-mcvee""}",,True,
176,afl-player-v1-97d5d23540957cbe93f3,judson-clarke,Judson Clarke,Collingwood Magpies,G-FWD,matched,Judson Clarke,Richmond,G-FWD,"{""birth_date"":""2003-10-17"",""birth_year"":2003,""draft_pick"":30,""draft_type"":""ND"",""draft_year"":2021,""legacy_key"":""judson-clarke""}",,True,
136,afl-player-v1-3651e562d369a0c13ec4,justin-mcinerney,Justin McInerney,Carlton Blues,"MID,G-FWD",matched,Justin McInerney,Sydney,MID,"{""birth_date"":""2000-08-18"",""birth_year"":2000,""draft_pick"":44,""draft_type"":""ND"",""draft_year"":2018,""legacy_key"":""justin-mcinerney""}",,True,
253,afl-player-v1-817e9e2a5551e5eeebe2,jy-farrar,Jy Farrar,Free agents,"K-FWD,G-FWD",matched,Jy Farrar,Gold Coast,K-FWD,"{""birth_date"":""1996-12-07"",""birth_year"":1996,""draft_pick"":60,""draft_type"":""ND"",""draft_year"":2019,""legacy_key"":""jy-farrar""}",,True,
139,afl-player-v1-572eab5dc72e3289b808,jy-simpkin,Jy Simpkin,Collingwood Magpies,"MID,G-FWD",matched,Jy Simpkin,North Melbourne,MID,"{""birth_date"":""1998-03-05"",""birth_year"":1998,""draft_pick"":12,""draft_type"":""ND"",""draft_year"":2016,""legacy_key"":""jy-simpkin""}",,True,
180,afl-player-v1-aab7f573ab4711511c48,jye-amiss,Jye Amiss,Collingwood Magpies,"G-FWD,K-FWD",matched,Jye Amiss,Fremantle,K-FWD,"{""birth_date"":""2003-07-31"",""birth_year"":2003,""draft_pick"":8,""draft_type"":""ND"",""draft_year"":2021,""legacy_key"":""jye-amiss""}",,True,
46,afl-player-v1-12db94dd106d8c37bd22,jye-caldwell,Jye Caldwell,Brisbane Lions,MID,matched,Jye Caldwell,GWS,MID,"{""birth_date"":""2000-09-28"",""birth_year"":2000,""draft_pick"":11,""draft_type"":""ND"",""draft_year"":2018,""legacy_key"":""jye-caldwell""}",,True,
80,afl-player-v1-87c66ca32aae205ac1ce,kade-chandler,Kade Chandler,Brisbane Lions,G-FWD,matched,Kade Chandler,Melbourne,G-FWD,"{""birth_date"":""2000-01-13"",""birth_year"":2000,""draft_pick"":11,""draft_type"":""RD"",""draft_year"":2018,""legacy_key"":""kade-chandler""}",,True,
151,afl-player-v1-6b568799ebc4bf88eb36,kai-lohmann,Kai Lohmann,Collingwood Magpies,G-FWD,matched,Kai Lohmann,Brisbane,G-FWD,"{""birth_date"":""2003-05-06"",""birth_year"":2003,""draft_pick"":20,""draft_type"":""ND"",""draft_year"":2021,""legacy_key"":""kai-lohmann""}",,True,
746,afl-player-v1-3fa9040b66b98c844502,kalani-white,Kalani White,West Coast Eagles,"RUCK,G-FWD,K-FWD",matched,Kalani White,Melbourne,K-FWD,"{""birth_date"":""2007-05-05"",""birth_year"":2007,""draft_pick"":"""",""draft_type"":""PDN"",""draft_year"":2025,""legacy_key"":""kalani-white""}",draft_pick,False,no_current_or_historical_scoring_games+not_recent_unplayed_draftee
290,afl-player-v1-795949415910bcec10bd,kaleb-smith,Kaleb Smith,Free agents,G-DEF,matched,Kaleb Smith,Richmond,G-DEF,"{""birth_date"":""2004-11-20"",""birth_year"":2004,""draft_pick"":49,""draft_type"":""ND"",""draft_year"":2022,""legacy_key"":""kaleb-smith""}",,True,
741,afl-player-v1-286f534d3d1cc573c098,kane-farrell,Kane Farrell,Essendon Bombers,G-DEF,matched,Kane Farrell,Port Adelaide,G-DEF,"{""birth_date"":""1999-03-17"",""birth_year"":1999,""draft_pick"":51,""draft_type"":""ND"",""draft_year"":2017,""legacy_key"":""kane-farrell""}",,True,
133,afl-player-v1-e1a1f6f52497c7936b03,kane-mcauliffe,Kane McAuliffe,Carlton Blues,MID,matched,Kane McAuliffe,Richmond,MID,"{""birth_date"":""2005-03-01"",""birth_year"":2005,""draft_pick"":40,""draft_type"":""ND"",""draft_year"":2023,""legacy_key"":""kane-mcauliffe""}",,True,
642,afl-player-v1-3187acc6533265eee936,karl-amon,Karl Amon,St Kilda Saints,G-DEF,matched,Karl Amon,Port Adelaide,G-DEF,"{""birth_date"":""1995-08-19"",""birth_year"":1995,""draft_pick"":59,""draft_type"":""ND"",""draft_year"":2013,""legacy_key"":""karl-amon""}",,True,
503,afl-player-v1-5935f9e7d1d2e5bc6004,karl-worner,Karl Worner,North Melbourne Kangaroos,G-DEF,matched,Karl Worner,Fremantle,G-DEF,"{""birth_date"":""2002-06-16"",""birth_year"":2002,""draft_pick"":5,""draft_type"":""RD"",""draft_year"":2021,""legacy_key"":""karl-worner""}",,True,
312,afl-player-v1-207f960a5e53d1f28d1a,kayle-gerreyn,Kayle Gerreyn,Fremantle Dockers,RUCK,matched,Kayle Gerreyn,Essendon,K-FWD,"{""birth_date"":""2006-05-10"",""birth_year"":2006,""draft_pick"":37,""draft_type"":""ND"",""draft_year"":2024,""legacy_key"":""kayle-gerreyn""}",,True,
450,afl-player-v1-a38daae79d1b591ef623,keidean-coleman,Keidean Coleman,Melbourne Demons,G-DEF,matched,Keidean Coleman,Brisbane,G-DEF,"{""birth_date"":""2000-03-31"",""birth_year"":2000,""draft_pick"":37,""draft_type"":""ND"",""draft_year"":2019,""legacy_key"":""keidean-coleman""}",,True,
276,afl-player-v1-21df79235229950b18dc,keighton-matofai-forbes,Keighton Matofai-Forbes,Free agents,"G-FWD,G-DEF",matched,Keighton Matofai-Forbes,Geelong,G-DEF,"{""birth_date"":""2006-02-02"",""birth_year"":2006,""draft_pick"":69,""draft_type"":""ND"",""draft_year"":2024,""legacy_key"":""keighton-matofai-forbes""}",,True,
14,afl-player-v1-deef4fc4d61618986f7c,kieren-briggs,Kieren Briggs,Adelaide Crows,RUCK,matched,Kieren Briggs,GWS,RUCK,"{""birth_date"":""1999-10-06"",""birth_year"":1999,""draft_pick"":34,""draft_type"":""ND"",""draft_year"":2018,""legacy_key"":""kieren-briggs""}",,True,
436,afl-player-v1-c4d9086a24b07776bf5c,kobe-mcdonald,Kobe McDonald,Hawthorn Hawks,G-DEF,matched,Kobe McDonald,,G-DEF,"{""birth_date"":""2007-12-08"",""birth_year"":2007,""draft_pick"":"""",""draft_type"":""IRE"",""draft_year"":2025,""legacy_key"":""kobe-mcdonald""}",draft_pick,False,no_current_or_historical_scoring_games+not_recent_unplayed_draftee
103,afl-player-v1-0fa22cd878479f034b34,koby-coulson,Koby Coulson,Carlton Blues,MID,matched,Koby Coulson,Gold Coast,MID,"{""birth_date"":""2007-07-31"",""birth_year"":2007,""draft_pick"":46,""draft_type"":""ND"",""draft_year"":2025,""legacy_key"":""koby-coulson""}",,True,
229,afl-player-v1-baed67cf85334ee2b9d8,koby-evans,Koby Evans,Free agents,MID,matched,Koby Evans,Brisbane,G-FWD,"{""birth_date"":""2007-09-08"",""birth_year"":2007,""draft_pick"":38,""draft_type"":""ND"",""draft_year"":2025,""legacy_key"":""koby-evans""}",,True,
142,afl-player-v1-b2c51a63fc373bb833ac,koltyn-tholstrup,Koltyn Tholstrup,Collingwood Magpies,"G-FWD,G-DEF",matched,Koltyn Tholstrup,Melbourne,G-DEF,"{""birth_date"":""2005-06-28"",""birth_year"":2005,""draft_pick"":13,""draft_type"":""ND"",""draft_year"":2023,""legacy_key"":""koltyn-tholstrup""}",,True,
117,afl-player-v1-a224d4377faae8f072fe,kye-annand,Kye Annand,Carlton Blues,"K-DEF,G-DEF",matched,Kye Annand,Richmond,K-DEF,"{""birth_date"":""2003-10-14"",""birth_year"":2003,""draft_pick"":2,""draft_type"":""MSD"",""draft_year"":2026,""legacy_key"":""kye-annand""}",,True,
429,afl-player-v1-e96690ef130d34b1cb13,kye-fincher,Kye Fincher,Hawthorn Hawks,"G-DEF,MID",matched,Kye Fincher,St Kilda,MID,"{""birth_date"":""2007-11-18"",""birth_year"":2007,""draft_pick"":52,""draft_type"":""ND"",""draft_year"":2025,""legacy_key"":""kye-fincher""}",,True,
644,afl-player-v1-32a991d4c02188914ecf,kyle-langford,Kyle Langford,St Kilda Saints,"G-FWD,K-FWD,MID",matched,Kyle Langford,Essendon,K-FWD,"{""birth_date"":""1996-12-01"",""birth_year"":1996,""draft_pick"":18,""draft_type"":""ND"",""draft_year"":2014,""legacy_key"":""kyle-langford""}",,True,
595,afl-player-v1-1e375a8a1f94f8a23dfd,kysaiah-pickett,Kysaiah Pickett,Richmond Tigers,"MID,G-FWD",matched,Kysaiah Pickett,Melbourne,G-FWD,"{""birth_date"":""2001-06-02"",""birth_year"":2001,""draft_pick"":12,""draft_type"":""ND"",""draft_year"":2019,""legacy_key"":""kysaiah-pickett""}",,True,
469,afl-player-v1-73f8a199b2442c4ea5e5,lachie-jaques,Lachie Jaques,Melbourne Demons,G-DEF,matched,Lachie Jaques,Western Bulldogs,G-DEF,"{""birth_date"":""2006-06-01"",""birth_year"":2006,""draft_pick"":29,""draft_type"":""ND"",""draft_year"":2024,""legacy_key"":""lachie-jaques""}",,True,
706,afl-player-v1-d16ccdb3fe877363eb06,lachie-neale,Lachie Neale,Sydney Swans,MID,matched,Lachie Neale,Fremantle,MID,"{""birth_date"":""1993-05-24"",""birth_year"":1993,""draft_pick"":73,""draft_type"":""ND"",""draft_year"":2011,""legacy_key"":""lachie-neale""}",,True,
293,afl-player-v1-0b95f7bd2062dce45d7e,lachie-sullivan,Lachie Sullivan,Free agents,G-FWD,matched,Lachie Sullivan,Collingwood,G-FWD,"{""birth_date"":""1997-09-25"",""birth_year"":1997,""draft_pick"":"""",""draft_type"":""SSP"",""draft_year"":2023,""legacy_key"":""lachie-sullivan""}",draft_pick,True,
521,afl-player-v1-98d4447a6c6e8af946e8,lachie-whitfield,Lachie Whitfield,North Melbourne Kangaroos,G-DEF,matched,Lachie Whitfield,GWS,G-DEF,"{""birth_date"":""1994-07-18"",""birth_year"":1994,""draft_pick"":1,""draft_type"":""ND"",""draft_year"":2012,""legacy_key"":""lachie-whitfield""}",,True,
472,afl-player-v1-ce22c3da857dc9f69e14,lachlan-ash,Lachlan Ash,Melbourne Demons,G-DEF,matched,Lachlan Ash,GWS,G-DEF,"{""birth_date"":""2001-06-21"",""birth_year"":2001,""draft_pick"":4,""draft_type"":""ND"",""draft_year"":2019,""legacy_key"":""lachlan-ash""}",,True,
720,afl-player-v1-cc78415bed17cab3d6d7,lachlan-blakiston,Lachlan Blakiston,West Coast Eagles,"G-DEF,K-DEF,RUCK",matched,Lachlan Blakiston,Essendon,K-DEF,"{""birth_date"":""1998-09-09"",""birth_year"":1998,""draft_pick"":13,""draft_type"":""MSD"",""draft_year"":2025,""legacy_key"":""lachlan-blakiston""}",,True,
158,afl-player-v1-b98529f9eca3cbf471fd,lachlan-bramble,Lachlan Bramble,Collingwood Magpies,"G-DEF,G-FWD",matched,Lachlan Bramble,Western Bulldogs,G-FWD,"{""birth_date"":"""",""birth_year"":1998,""draft_pick"":"""",""draft_type"":""SSP"",""draft_year"":2020,""legacy_key"":""lachlan-bramble""}","birth_date,draft_pick",True,
396,afl-player-v1-b2ae5922a33d3679421d,lachlan-carmichael,Lachlan Carmichael,Hawthorn Hawks,"G-DEF,MID",matched,Lachlan Carmichael,Western Bulldogs,G-DEF,"{""birth_date"":""2007-08-27"",""birth_year"":2007,""draft_pick"":21,""draft_type"":""ND"",""draft_year"":2025,""legacy_key"":""lachlan-carmichael""}",,True,
737,afl-player-v1-33ada8ecaa565e9336c2,lachlan-cowan,Lachlan Cowan,Essendon Bombers,G-DEF,matched,Lachlan Cowan,Carlton,G-DEF,"{""birth_date"":""2004-12-01"",""birth_year"":2004,""draft_pick"":30,""draft_type"":""ND"",""draft_year"":2022,""legacy_key"":""lachlan-cowan""}",,True,
254,afl-player-v1-d36af4e0c575a42a4a34,lachlan-fogarty,Lachlan Fogarty,Free agents,G-FWD,matched,Lachlan Fogarty,Geelong,G-FWD,"{""birth_date"":""1999-04-01"",""birth_year"":1999,""draft_pick"":22,""draft_type"":""ND"",""draft_year"":2017,""legacy_key"":""lachlan-fogarty""}",,True,
715,afl-player-v1-720fb343b3fe75fb92c5,lachlan-gulbin,Lachlan Gulbin,Sydney Swans,G-FWD,matched,Lachlan Gulbin,Gold Coast,G-FWD,"{""birth_date"":""2006-11-24"",""birth_year"":2006,""draft_pick"":"""",""draft_type"":""PDA"",""draft_year"":2024,""legacy_key"":""lachlan-gulbin""}",draft_pick,True,
7,afl-player-v1-5609057abdfa7ac6b0b7,lachlan-jones,Lachlan Jones,Adelaide Crows,G-DEF,matched,Lachlan Jones,Port Adelaide,G-DEF,"{""birth_date"":""2002-04-09"",""birth_year"":2002,""draft_pick"":16,""draft_type"":""ND"",""draft_year"":2020,""legacy_key"":""lachlan-jones""}",,True,
55,afl-player-v1-df9f00b1d0c9ef2defb9,lachlan-mcandrew,Lachlan McAndrew,Brisbane Lions,RUCK,matched,Lachlan McAndrew,Sydney,RUCK,"{""birth_date"":"""",""birth_year"":1999,""draft_pick"":12,""draft_type"":""SSP"",""draft_year"":2024,""legacy_key"":""lachlan-mcandrew""}",birth_date,True,
280,afl-player-v1-4b9fabee253c2cb820fe,lachlan-mcneil,Lachlan McNeil,Free agents,G-FWD,matched,Lachlan McNeil,Western Bulldogs,G-FWD,"{""birth_date"":""2001-09-02"",""birth_year"":2001,""draft_pick"":7,""draft_type"":""RD"",""draft_year"":2020,""legacy_key"":""lachlan-mcneil""}",,True,
5,afl-player-v1-a632c601617e8e666e07,lachlan-schultz,Lachlan Schultz,Adelaide Crows,G-FWD,matched,Lachlan Schultz,Fremantle,G-FWD,"{""birth_date"":""1997-11-30"",""birth_year"":1997,""draft_pick"":57,""draft_type"":""ND"",""draft_year"":2018,""legacy_key"":""lachlan-schultz""}",,True,
289,afl-player-v1-1743f45ca1b92f8fcc22,lachlan-sholl,Lachlan Sholl,Free agents,MID,matched,Lachlan Sholl,Adelaide,MID,"{""birth_date"":""2000-03-07"",""birth_year"":2000,""draft_pick"":64,""draft_type"":""ND"",""draft_year"":2018,""legacy_key"":""lachlan-sholl""}",,True,
181,afl-player-v1-4cc77402f9bb05a25f98,lachlan-smith,Lachlan Smith,Collingwood Magpies,RUCK,matched,Lachlan Smith,Western Bulldogs,RUCK,"{""birth_date"":""2005-10-05"",""birth_year"":2005,""draft_pick"":47,""draft_type"":""ND"",""draft_year"":2023,""legacy_key"":""lachlan-smith""}",,True,
89,afl-player-v1-a9361201965061c8f4a0,lachlan-weller,Lachlan Weller,Brisbane Lions,MID,matched,Lachlan Weller,Fremantle,MID,"{""birth_date"":""1996-02-23"",""birth_year"":1996,""draft_pick"":14,""draft_type"":""ND"",""draft_year"":2014,""legacy_key"":""lachlan-weller""}",,True,
330,afl-player-v1-c59fa0756ba5dab93e77,lachy-dovaston,Lachy Dovaston,Fremantle Dockers,G-FWD,matched,Lachy Dovaston,North Melbourne,G-FWD,"{""birth_date"":""2007-05-29"",""birth_year"":2007,""draft_pick"":16,""draft_type"":""ND"",""draft_year"":2025,""legacy_key"":""lachy-dovaston""}",,True,
298,afl-player-v1-d7abc18c5d395b3a2c74,laitham-vandermeer,Laitham Vandermeer,Free agents,G-FWD,matched,Laitham Vandermeer,Western Bulldogs,G-FWD,"{""birth_date"":""1999-02-03"",""birth_year"":1999,""draft_pick"":37,""draft_type"":""ND"",""draft_year"":2018,""legacy_key"":""laitham-vandermeer""}",,True,
412,afl-player-v1-6634f3a777ee80f1652f,lance-collard,Lance Collard,Hawthorn Hawks,G-FWD,matched,Lance Collard,St Kilda,G-FWD,"{""birth_date"":""2005-03-26"",""birth_year"":2005,""draft_pick"":28,""draft_type"":""ND"",""draft_year"":2023,""legacy_key"":""lance-collard""}",,True,
172,afl-player-v1-b742ee37ea9fdb64884a,latrelle-pickett,Latrelle Pickett,Collingwood Magpies,G-FWD,matched,Latrelle Pickett,Melbourne,G-FWD,"{""birth_date"":""2005-12-28"",""birth_year"":2005,""draft_pick"":12,""draft_type"":""ND"",""draft_year"":2025,""legacy_key"":""latrelle-pickett""}",,True,
389,afl-player-v1-5550d94242e784ca1c3d,lawson-humphries,Lawson Humphries,Geelong Cats,G-DEF,matched,Lawson Humphries,Geelong,G-DEF,"{""birth_date"":""2003-04-24"",""birth_year"":2003,""draft_pick"":63,""draft_type"":""ND"",""draft_year"":2023,""legacy_key"":""lawson-humphries""}",,True,
576,afl-player-v1-ae0a6dee92e088eeb71e,leek-aleer,Leek Aleer,Port Adelaide Power,"G-DEF,K-DEF",matched,Leek Aleer,GWS,K-DEF,"{""birth_date"":""2001-08-21"",""birth_year"":2001,""draft_pick"":15,""draft_type"":""ND"",""draft_year"":2021,""legacy_key"":""leek-aleer""}",,True,
632,afl-player-v1-90ebece285dc4910fe5d,lennox-hoffman,Lennox Hoffman,St Kilda Saints,G-DEF,matched,Lennox Hoffman,Geelong,G-DEF,"{""birth_date"":""2006-08-08"",""birth_year"":2006,""draft_pick"":66,""draft_type"":""ND"",""draft_year"":2024,""legacy_key"":""lennox-hoffman""}",,True,
327,afl-player-v1-a96ccbd720e3cb6dd786,leo-lombard,Leo Lombard,Fremantle Dockers,G-FWD,matched,Leo Lombard,Gold Coast,G-FWD,"{""birth_date"":""2006-10-05"",""birth_year"":2006,""draft_pick"":9,""draft_type"":""ND"",""draft_year"":2024,""legacy_key"":""leo-lombard""}",,True,
269,afl-player-v1-6bdb2a468ec0c05a2248,leon-kickett,Leon Kickett,Free agents,G-FWD,matched,Leon Kickett,Fremantle,G-FWD,"{""birth_date"":""2000-01-01"",""birth_year"":2000,""draft_pick"":4,""draft_type"":""RD"",""draft_year"":2025,""legacy_key"":""leon-kickett""}",,True,
209,afl-player-v1-f3c64c36039d81bd8c9b,levi-ashcroft,Levi Ashcroft,Essendon Bombers,MID,matched,Levi Ashcroft,Brisbane,MID,"{""birth_date"":""2006-12-18"",""birth_year"":2006,""draft_pick"":5,""draft_type"":""ND"",""draft_year"":2024,""legacy_key"":""levi-ashcroft""}",,True,
764,afl-player-v1-9b35e246d25b14d3c682,lewis-hayes,Lewis Hayes,Western Bulldogs,G-DEF,matched,Lewis Hayes,Essendon,K-DEF,"{""birth_date"":""2004-12-17"",""birth_year"":2004,""draft_pick"":25,""draft_type"":""ND"",""draft_year"":2022,""legacy_key"":""lewis-hayes""}",,True,
71,afl-player-v1-b504db15773d5f3d2b26,lewis-melican,Lewis Melican,Brisbane Lions,"G-DEF,K-DEF",matched,Lewis Melican,Sydney,K-DEF,"{""birth_date"":""1996-11-04"",""birth_year"":1996,""draft_pick"":37,""draft_type"":""RD"",""draft_year"":2014,""legacy_key"":""lewis-melican""}",,True,
130,afl-player-v1-472b105de05f27cd1365,lewis-young,Lewis Young,Carlton Blues,"G-DEF,K-FWD,K-DEF",matched,Lewis Young,Western Bulldogs,K-DEF,"{""birth_date"":""1998-12-20"",""birth_year"":1998,""draft_pick"":49,""draft_type"":""ND"",""draft_year"":2016,""legacy_key"":""lewis-young""}",,True,
127,afl-player-v1-5b86577d1ec0d6159e9c,liam-baker,Liam Baker,Carlton Blues,G-DEF,matched,Liam Baker,Richmond,G-DEF,"{""birth_date"":""1998-01-27"",""birth_year"":1998,""draft_pick"":16,""draft_type"":""RD"",""draft_year"":2017,""legacy_key"":""liam-baker""}",,True,
16,afl-player-v1-7c293250cf8dbc3b45e4,liam-duggan,Liam Duggan,Adelaide Crows,G-DEF,matched,Liam Duggan,West Coast,G-DEF,"{""birth_date"":""1996-12-11"",""birth_year"":1996,""draft_pick"":12,""draft_type"":""ND"",""draft_year"":2014,""legacy_key"":""liam-duggan""}",,True,
107,afl-player-v1-725861673894096d4885,liam-fawcett,Liam Fawcett,Carlton Blues,"G-FWD,K-FWD",matched,Liam Fawcett,Richmond,K-FWD,"{""birth_date"":""2005-04-22"",""birth_year"":2005,""draft_pick"":43,""draft_type"":""ND"",""draft_year"":2023,""legacy_key"":""liam-fawcett""}",,True,
202,afl-player-v1-d3f770bb1b952d27e053,liam-henry,Liam Henry,Essendon Bombers,G-FWD,matched,Liam Henry,Fremantle,G-FWD,"{""birth_date"":""2001-08-28"",""birth_year"":2001,""draft_pick"":9,""draft_type"":""ND"",""draft_year"":2019,""legacy_key"":""liam-henry""}",,True,
627,afl-player-v1-31584a51caeba8f403f7,liam-hetherton,Liam Hetherton,St Kilda Saints,"G-FWD,K-FWD",matched,Liam Hetherton,Sydney,K-FWD,"{""birth_date"":""2007-05-02"",""birth_year"":2007,""draft_pick"":"""",""draft_type"":""PDA"",""draft_year"":2025,""legacy_key"":""liam-hetherton""}",draft_pick,False,no_current_or_historical_scoring_games+not_recent_unplayed_draftee
279,afl-player-v1-4089c1bea0a3694d9ca3,liam-mcmahon,Liam McMahon,Free agents,"K-FWD,G-FWD",matched,Liam McMahon,Collingwood,K-FWD,"{""birth_date"":""2002-05-02"",""birth_year"":2002,""draft_pick"":33,""draft_type"":""ND"",""draft_year"":2020,""legacy_key"":""liam-mcmahon""}",,True,
743,afl-player-v1-8699d0ef02651920ee05,liam-o-connell,Liam O'Connell,West Coast Eagles,G-DEF,matched,Liam O'Connell,St Kilda,G-DEF,"{""birth_date"":""2003-03-04"",""birth_year"":2003,""draft_pick"":"""",""draft_type"":""IRE"",""draft_year"":2023,""legacy_key"":""liam-o-connell""}",draft_pick,True,
531,afl-player-v1-6f5aa4b28abbf250bdc8,liam-puncher,Liam Puncher,North Melbourne Kangaroos,K-DEF,matched,Liam Puncher,Collingwood,K-DEF,"{""birth_date"":""2003-08-26"",""birth_year"":2003,""draft_pick"":15,""draft_type"":""MSD"",""draft_year"":2026,""legacy_key"":""liam-puncher""}",,False,no_current_or_historical_scoring_games+not_recent_unplayed_draftee
771,afl-player-v1-070a151b7d62bca35dfa,liam-reidy,Liam Reidy,Western Bulldogs,"RUCK,G-FWD,K-FWD",matched,Liam Reidy,Fremantle,RUCK,"{""birth_date"":""2000-06-14"",""birth_year"":2000,""draft_pick"":5,""draft_type"":""RD"",""draft_year"":2022,""legacy_key"":""liam-reidy""}",,True,
453,afl-player-v1-1ec0eff1df6b8670aa5a,liam-ryan,Liam Ryan,Melbourne Demons,G-FWD,matched,Liam Ryan,West Coast,G-FWD,"{""birth_date"":""1996-10-02"",""birth_year"":1996,""draft_pick"":26,""draft_type"":""ND"",""draft_year"":2017,""legacy_key"":""liam-ryan""}",,True,
373,afl-player-v1-da036863cc3d8fb50812,liam-stocker,Liam Stocker,Free Agents,G-DEF,matched,Liam Stocker,Carlton,G-DEF,"{""birth_date"":""2000-01-23"",""birth_year"":2000,""draft_pick"":19,""draft_type"":""ND"",""draft_year"":2018,""legacy_key"":""liam-stocker""}",,True,
227,afl-player-v1-6eb4e78e45737f63df6e,lincoln-mccarthy,Lincoln McCarthy,Essendon Bombers,"G-FWD,G-DEF",matched,Lincoln McCarthy,Geelong,G-FWD,"{""birth_date"":""1993-10-22"",""birth_year"":1993,""draft_pick"":80,""draft_type"":""ND"",""draft_year"":2011,""legacy_key"":""lincoln-mccarthy""}",,True,
106,afl-player-v1-c6bb2d8cdbc03d55b932,lloyd-meek,Lloyd Meek,Carlton Blues,RUCK,matched,Lloyd Meek,Fremantle,RUCK,"{""birth_date"":""1998-04-22"",""birth_year"":1998,""draft_pick"":68,""draft_type"":""ND"",""draft_year"":2017,""legacy_key"":""lloyd-meek""}",,True,
700,afl-player-v1-176755335d1a57e4c462,logan-evans,Logan Evans,Sydney Swans,G-DEF,matched,Logan Evans,Port Adelaide,G-DEF,"{""birth_date"":""2005-10-07"",""birth_year"":2005,""draft_pick"":12,""draft_type"":""MSD"",""draft_year"":2024,""legacy_key"":""logan-evans""}",,True,
203,afl-player-v1-38abe5a7440120376727,logan-mcdonald,Logan McDonald,Essendon Bombers,"G-FWD,K-FWD",matched,Logan McDonald,Sydney,K-FWD,"{""birth_date"":""2002-04-04"",""birth_year"":2002,""draft_pick"":4,""draft_type"":""ND"",""draft_year"":2020,""legacy_key"":""logan-mcdonald""}",,True,
690,afl-player-v1-65668cce074d71131911,logan-morris,Logan Morris,Sydney Swans,"G-FWD,K-FWD",matched,Logan Morris,Brisbane,K-FWD,"{""birth_date"":""2005-05-10"",""birth_year"":2005,""draft_pick"":31,""draft_type"":""ND"",""draft_year"":2023,""legacy_key"":""logan-morris""}",,True,
321,afl-player-v1-de2d5ebfc791372d1128,logan-smith,Logan Smith,Fremantle Dockers,RUCK,matched,Logan Smith,GWS,RUCK,"{""birth_date"":""2006-09-24"",""birth_year"":2006,""draft_pick"":71,""draft_type"":""ND"",""draft_year"":2024,""legacy_key"":""logan-smith""}",,True,
19,afl-player-v1-95fa45c52eff59104176,louis-emmett,Louis Emmett,Adelaide Crows,RUCK,matched,Louis Emmett,Western Bulldogs,RUCK,"{""birth_date"":""2007-03-23"",""birth_year"":2007,""draft_pick"":27,""draft_type"":""ND"",""draft_year"":2025,""legacy_key"":""louis-emmett""}",,True,
329,afl-player-v1-beade612d1fba85a3b4a,lucas-camporeale,Lucas Camporeale,Fremantle Dockers,MID,matched,Lucas Camporeale,Carlton,MID,"{""birth_date"":""2006-07-21"",""birth_year"":2006,""draft_pick"":54,""draft_type"":""ND"",""draft_year"":2024,""legacy_key"":""lucas-camporeale""}",,True,
442,afl-player-v1-d6bfe6d5d7c7622aa16c,lucca-grego,Lucca Grego,Melbourne Demons,G-DEF,matched,Lucca Grego,West Coast,G-DEF,"{""birth_date"":""2006-08-15"",""birth_year"":2006,""draft_pick"":48,""draft_type"":""ND"",""draft_year"":2024,""legacy_key"":""lucca-grego""}",,True,
28,afl-player-v1-76288227686163efb60c,lukas-cooke,Lukas Cooke,Adelaide Crows,G-DEF,matched,Lukas Cooke,Melbourne,K-DEF,"{""birth_date"":""2003-09-26"",""birth_year"":2003,""draft_pick"":11,""draft_type"":""MSD"",""draft_year"":2026,""legacy_key"":""lukas-cooke""}",,True,
537,afl-player-v1-8a0b76cec5160934fed4,luke-beecken,Luke Beecken,Port Adelaide Power,MID,matched,Luke Beecken,Brisbane,MID,"{""birth_date"":""2001-04-18"",""birth_year"":2001,""draft_pick"":17,""draft_type"":""MSD"",""draft_year"":2024,""legacy_key"":""luke-beecken""}",,True,
675,afl-player-v1-a03a3c7f3924fa68f09e,luke-cleary,Luke Cleary,Sydney Swans,G-DEF,matched,Luke Cleary,Western Bulldogs,G-DEF,"{""birth_date"":""2002-03-05"",""birth_year"":2002,""draft_pick"":61,""draft_type"":""ND"",""draft_year"":2021,""legacy_key"":""luke-cleary""}",,True,
598,afl-player-v1-8386ecd55aded8f8e1ab,luke-davies-uniacke,Luke Davies-Uniacke,Richmond Tigers,MID,matched,Luke Davies-Uniacke,North Melbourne,MID,"{""birth_date"":""1999-06-08"",""birth_year"":1999,""draft_pick"":4,""draft_type"":""ND"",""draft_year"":2017,""legacy_key"":""luke-davies-uniacke""}",,True,
647,afl-player-v1-a0647984be62bcc3cab3,luke-jackson,Luke Jackson,St Kilda Saints,RUCK,matched,Luke Jackson,Melbourne,RUCK,"{""birth_date"":""2001-09-29"",""birth_year"":2001,""draft_pick"":3,""draft_type"":""ND"",""draft_year"":2019,""legacy_key"":""luke-jackson""}",,True,
508,afl-player-v1-9f218ad5a6a2be1b4a35,luke-kennedy,Luke Kennedy,North Melbourne Kangaroos,MID,matched,Luke Kennedy,Western Bulldogs,MID,"{""birth_date"":""2006-10-11"",""birth_year"":2006,""draft_pick"":62,""draft_type"":""ND"",""draft_year"":2024,""legacy_key"":""luke-kennedy""}",,True,
272,afl-player-v1-191d7ba9aeb6eac18da2,luke-lloyd,Luke Lloyd,Free agents,"K-FWD,G-FWD",matched,Luke Lloyd,Brisbane,K-FWD,"{""birth_date"":""2005-08-08"",""birth_year"":2005,""draft_pick"":42,""draft_type"":""ND"",""draft_year"":2023,""legacy_key"":""luke-lloyd""}",,False,no_current_or_historical_scoring_games+no_recent_activity_signal+not_recent_unplayed_draftee
356,afl-player-v1-a934cbd848b889e3b90a,luke-mcdonald,Luke McDonald,Geelong Cats,G-DEF,matched,Luke McDonald,North Melbourne,G-DEF,"{""birth_date"":""1995-02-09"",""birth_year"":1995,""draft_pick"":8,""draft_type"":""ND"",""draft_year"":2013,""legacy_key"":""luke-mcdonald""}",,True,
786,afl-player-v1-20a8e6ffe097f0b92cfc,luke-nankervis,Luke Nankervis,Western Bulldogs,MID,matched,Luke Nankervis,Adelaide,G-DEF,"{""birth_date"":""2003-05-25"",""birth_year"":2003,""draft_pick"":1,""draft_type"":""RD"",""draft_year"":2021,""legacy_key"":""luke-nankervis""}",,True,
511,afl-player-v1-58bbb663005700d953dd,luke-parker,Luke Parker,North Melbourne Kangaroos,"MID,G-DEF",matched,Luke Parker,Sydney,G-DEF,"{""birth_date"":""1992-10-25"",""birth_year"":1992,""draft_pick"":49,""draft_type"":""ND"",""draft_year"":2010,""legacy_key"":""luke-parker""}",,True,
204,afl-player-v1-ae7cd4e5e53c5f32cdee,luke-pedlar,Luke Pedlar,Essendon Bombers,G-FWD,matched,Luke Pedlar,Adelaide,G-FWD,"{""birth_date"":""2002-05-17"",""birth_year"":2002,""draft_pick"":11,""draft_type"":""ND"",""draft_year"":2020,""legacy_key"":""luke-pedlar""}",,True,
756,afl-player-v1-e3408506362c67321cf8,luke-ryan,Luke Ryan,West Coast Eagles,G-DEF,matched,Luke Ryan,Fremantle,G-DEF,"{""birth_date"":""1996-02-06"",""birth_year"":1996,""draft_pick"":65,""draft_type"":""ND"",""draft_year"":2016,""legacy_key"":""luke-ryan""}",,True,
109,afl-player-v1-8e328cd4f9bc35e7e371,luke-trainor,Luke Trainor,Carlton Blues,G-DEF,matched,Luke Trainor,Richmond,K-DEF,"{""birth_date"":""2006-04-10"",""birth_year"":2006,""draft_pick"":21,""draft_type"":""ND"",""draft_year"":2024,""legacy_key"":""luke-trainor""}",,True,
443,afl-player-v1-05fc64bf74c2bf8c3d92,luke-urquhart,Luke Urquhart,Melbourne Demons,MID,matched,Luke Urquhart,North Melbourne,MID,"{""birth_date"":""2006-09-19"",""birth_year"":2006,""draft_pick"":57,""draft_type"":""ND"",""draft_year"":2024,""legacy_key"":""luke-urquhart""}",,True,
116,afl-player-v1-e6a21ffc57987919564e,luker-kentfield,Luker Kentfield,Carlton Blues,"G-FWD,K-FWD",matched,Luker Kentfield,Melbourne,K-FWD,"{""birth_date"":""2005-09-10"",""birth_year"":2005,""draft_pick"":11,""draft_type"":""MSD"",""draft_year"":2024,""legacy_key"":""luker-kentfield""}",,True,
145,afl-player-v1-514bd6a202ed9e0c5ec5,mabior-chol,Mabior Chol,Collingwood Magpies,"G-FWD,K-FWD",matched,Mabior Chol,Richmond,K-FWD,"{""birth_date"":""1997-01-29"",""birth_year"":1997,""draft_pick"":26,""draft_type"":""RD"",""draft_year"":2015,""legacy_key"":""mabior-chol""}",,True,
784,afl-player-v1-62d2d5acac0d15a15a79,mac-andrew,Mac Andrew,Western Bulldogs,"G-DEF,K-DEF",matched,Mac Andrew,Gold Coast,K-DEF,"{""birth_date"":""2003-12-04"",""birth_year"":2003,""draft_pick"":5,""draft_type"":""ND"",""draft_year"":2021,""legacy_key"":""mac-andrew""}",,True,
480,afl-player-v1-c60baecc88fb4fe722b5,malakai-champion,Malakai Champion,Melbourne Demons,G-FWD,matched,Malakai Champion,West Coast,G-FWD,"{""birth_date"":""2006-05-17"",""birth_year"":2006,""draft_pick"":"""",""draft_type"":""PDN"",""draft_year"":2024,""legacy_key"":""malakai-champion""}",draft_pick,True,
464,afl-player-v1-646eff37a6b61875e2a2,malcolm-rosas,Malcolm Rosas,Melbourne Demons,G-FWD,matched,Malcolm Rosas,Gold Coast,G-FWD,"{""birth_date"":""2001-06-27"",""birth_year"":2001,""draft_pick"":17,""draft_type"":""RD"",""draft_year"":2019,""legacy_key"":""malcolm-rosas""}",,True,
493,afl-player-v1-7ef419f8d3794f401551,mani-liddy,Mani Liddy,North Melbourne Kangaroos,MID,matched,Mani Liddy,Port Adelaide,MID,"{""birth_date"":""2002-02-20"",""birth_year"":2002,""draft_pick"":16,""draft_type"":""MSD"",""draft_year"":2025,""legacy_key"":""mani-liddy""}",,True,
695,afl-player-v1-8614727698f7e9af562e,marc-pittonet,Marc Pittonet,Sydney Swans,RUCK,matched,Marc Pittonet,Hawthorn,RUCK,"{""birth_date"":""1996-06-03"",""birth_year"":1996,""draft_pick"":50,""draft_type"":""ND"",""draft_year"":2014,""legacy_key"":""marc-pittonet""}",,True,
749,afl-player-v1-52b76fe3c9cc2b8183b7,marcus-bontempelli,Marcus Bontempelli,West Coast Eagles,MID,matched,Marcus Bontempelli,Western Bulldogs,MID,"{""birth_date"":""1995-11-24"",""birth_year"":1995,""draft_pick"":4,""draft_type"":""ND"",""draft_year"":2013,""legacy_key"":""marcus-bontempelli""}",,True,
191,afl-player-v1-a91d721458a8af9477df,marcus-herbert,Marcus Herbert,Essendon Bombers,MID,matched,Marcus Herbert,West Coast,G-DEF,"{""birth_date"":""2002-08-13"",""birth_year"":2002,""draft_pick"":13,""draft_type"":""MSD"",""draft_year"":2026,""legacy_key"":""marcus-herbert""}",,True,
766,afl-player-v1-f64a092d53ea034a531f,marcus-windhager,Marcus Windhager,Western Bulldogs,"MID,G-DEF",matched,Marcus Windhager,St Kilda,MID,"{""birth_date"":""2003-05-16"",""birth_year"":2003,""draft_pick"":47,""draft_type"":""ND"",""draft_year"":2021,""legacy_key"":""marcus-windhager""}",,True,
369,afl-player-v1-96e4afac65663a792290,mark-blicavs,Mark Blicavs,Geelong Cats,"RUCK,MID",matched,Mark Blicavs,Geelong,MID,"{""birth_date"":""1991-03-28"",""birth_year"":1991,""draft_pick"":"""",""draft_type"":""UNR"",""draft_year"":2011,""legacy_key"":""mark-blicavs""}",draft_pick,True,
43,afl-player-v1-0161f6e4e64f66732e03,mark-keane,Mark Keane,Adelaide Crows,"G-DEF,K-DEF",matched,Mark Keane,Collingwood,K-DEF,"{""birth_date"":"""",""birth_year"":2000,""draft_pick"":"""",""draft_type"":""SSP"",""draft_year"":2022,""legacy_key"":""mark-keane""}","birth_date,draft_pick",True,
77,afl-player-v1-b9731120bd8796d03337,mark-o-connor,Mark O'Connor,Brisbane Lions,"G-DEF,MID",matched,Mark O'Connor,Geelong,G-DEF,"{""birth_date"":""1997-01-17"",""birth_year"":1997,""draft_pick"":"""",""draft_type"":""IRE"",""draft_year"":2016,""legacy_key"":""mark-o-connor""}",draft_pick,True,
379,afl-player-v1-5ded124c3073357f49b3,mason-cox,Mason Cox,Geelong Cats,"RUCK,G-FWD,K-FWD",matched,Mason Cox,Collingwood,K-FWD,"{""birth_date"":""1991-03-14"",""birth_year"":1991,""draft_pick"":"""",""draft_type"":""UNR"",""draft_year"":2014,""legacy_key"":""mason-cox""}",draft_pick,True,
154,afl-player-v1-76808420035e6a8b6706,mason-redman,Mason Redman,Collingwood Magpies,G-DEF,matched,Mason Redman,Essendon,G-DEF,"{""birth_date"":""1997-08-26"",""birth_year"":1997,""draft_pick"":30,""draft_type"":""ND"",""draft_year"":2015,""legacy_key"":""mason-redman""}",,True,
557,afl-player-v1-b82cb6d7d94c9cfeabbc,mason-wood,Mason Wood,Port Adelaide Power,"MID,G-FWD",matched,Mason Wood,North Melbourne,G-FWD,"{""birth_date"":""1993-09-13"",""birth_year"":1993,""draft_pick"":44,""draft_type"":""ND"",""draft_year"":2012,""legacy_key"":""mason-wood""}",,True,
350,afl-player-v1-ae71cd9397d333f81257,massimo-d-ambrosio,Massimo D'Ambrosio,Geelong Cats,MID,matched,Massimo D'Ambrosio,Essendon,MID,"{""birth_date"":""2003-06-05"",""birth_year"":2003,""draft_pick"":3,""draft_type"":""MSD"",""draft_year"":2022,""legacy_key"":""massimo-d-ambrosio""}",,True,
799,afl-player-v1-3b90ae2e238770e20777,matt-carroll,Matt Carroll,Western Bulldogs,"G-DEF,MID",matched,Matt Carroll,Carlton,MID,"{""birth_date"":""2005-11-28"",""birth_year"":2005,""draft_pick"":8,""draft_type"":""RD"",""draft_year"":2023,""legacy_key"":""matt-carroll""}",,True,
34,afl-player-v1-9753c5a65f8ab7ff3101,matt-cottrell,Matt Cottrell,Adelaide Crows,"MID,G-FWD",matched,Matt Cottrell,Carlton,MID,"{""birth_date"":""2000-02-29"",""birth_year"":2000,""draft_pick"":"""",""draft_type"":""SSP"",""draft_year"":2018,""legacy_key"":""matt-cottrell""}",draft_pick,True,
515,afl-player-v1-9186b21cf6ec11f9140a,matt-duffy,Matt Duffy,North Melbourne Kangaroos,"G-DEF,K-DEF",matched,Matt Duffy,Carlton,G-DEF,"{""birth_date"":""2004-01-02"",""birth_year"":2004,""draft_pick"":"""",""draft_type"":""IRE"",""draft_year"":2024,""legacy_key"":""matt-duffy""}",draft_pick,False,no_current_or_historical_scoring_games+not_recent_unplayed_draftee
257,afl-player-v1-1ce21cd3f5b5fbbc7ea5,matt-guelfi,Matt Guelfi,Free agents,G-FWD,matched,Matt Guelfi,Essendon,G-FWD,"{""birth_date"":""1997-08-14"",""birth_year"":1997,""draft_pick"":75,""draft_type"":""ND"",""draft_year"":2017,""legacy_key"":""matt-guelfi""}",,True,
261,afl-player-v1-5990557d50150e6d1dc8,matt-hill,Matt Hill,Free agents,G-DEF,matched,Matt Hill,Hawthorn,G-FWD,"{""birth_date"":""2004-01-01"",""birth_year"":2004,""draft_pick"":"""",""draft_type"":""UNR"",""draft_year"":2024,""legacy_key"":""matt-hill""}",draft_pick,False,no_current_or_historical_scoring_games+not_recent_unplayed_draftee
788,afl-player-v1-dbcfd02a2c1fe7172bcd,matt-johnson-1,Matt Johnson,Western Bulldogs,MID,matched,Matt Johnson,Fremantle,MID,"{""birth_date"":""2003-03-16"",""birth_year"":2003,""draft_pick"":21,""draft_type"":""ND"",""draft_year"":2021,""legacy_key"":""matt-johnson-1""}",,True,
285,afl-player-v1-ebdf837d2a23b1282f44,matt-owies,Matt Owies,Free agents,G-FWD,matched,Matt Owies,Carlton,G-FWD,"{""birth_date"":""1997-03-19"",""birth_year"":1997,""draft_pick"":"""",""draft_type"":""UNR"",""draft_year"":2018,""legacy_key"":""matt-owies""}",draft_pick,True,
153,afl-player-v1-1d1e35bfd48a45849e03,matt-rowell,Matt Rowell,Collingwood Magpies,MID,matched,Matt Rowell,Gold Coast,MID,"{""birth_date"":""2001-07-01"",""birth_year"":2001,""draft_pick"":1,""draft_type"":""ND"",""draft_year"":2019,""legacy_key"":""matt-rowell""}",,True,
1,afl-player-v1-f51ef64a2881f2ca2690,matt-whitlock,Matt Whitlock,Adelaide Crows,"G-DEF,G-FWD,K-DEF",matched,Matt Whitlock,North Melbourne,K-FWD,"{""birth_date"":""2006-05-16"",""birth_year"":2006,""draft_pick"":27,""draft_type"":""ND"",""draft_year"":2024,""legacy_key"":""matt-whitlock""}",,True,
51,afl-player-v1-3e40163dcc0b002a3106,mattaes-phillipou,Mattaes Phillipou,Brisbane Lions,"G-FWD,MID",matched,Mattaes Phillipou,St Kilda,MID,"{""birth_date"":""2004-12-27"",""birth_year"":2004,""draft_pick"":10,""draft_type"":""ND"",""draft_year"":2022,""legacy_key"":""mattaes-phillipou""}",,True,
693,afl-player-v1-9929a9b8322b37c5952f,matthew-flynn,Matthew Flynn,Sydney Swans,RUCK,matched,Matthew Flynn,GWS,RUCK,"{""birth_date"":""1997-09-13"",""birth_year"":1997,""draft_pick"":41,""draft_type"":""ND"",""draft_year"":2015,""legacy_key"":""matthew-flynn""}",,True,
118,afl-player-v1-d3c8074362c09f68d3b3,matthew-jefferson,Matthew Jefferson,Carlton Blues,"G-FWD,K-FWD",matched,Matthew Jefferson,Melbourne,K-FWD,"{""birth_date"":""2004-03-08"",""birth_year"":2004,""draft_pick"":15,""draft_type"":""ND"",""draft_year"":2022,""legacy_key"":""matthew-jefferson""}",,True,
636,afl-player-v1-fdbc309b0faa58c33480,matthew-kennedy-1,Matthew Kennedy,St Kilda Saints,MID,matched,Matthew Kennedy,GWS,MID,"{""birth_date"":""1997-04-06"",""birth_year"":1997,""draft_pick"":13,""draft_type"":""ND"",""draft_year"":2015,""legacy_key"":""matthew-kennedy-1""}",,True,
406,afl-player-v1-5aa354b3399ef0643a4f,matthew-leray,Matthew LeRay,Hawthorn Hawks,MID,matched,Matthew LeRay,Hawthorn,MID,"{""birth_date"":""2007-02-22"",""birth_year"":2007,""draft_pick"":56,""draft_type"":""ND"",""draft_year"":2025,""legacy_key"":""matthew-leray""}",,True,
782,afl-player-v1-2f116f7f4f97a6bf192a,matthew-roberts,Matthew Roberts,Western Bulldogs,"G-DEF,MID",matched,Matthew Roberts,Sydney,G-DEF,"{""birth_date"":""2003-07-31"",""birth_year"":2003,""draft_pick"":34,""draft_type"":""ND"",""draft_year"":2021,""legacy_key"":""matthew-roberts""}",,True,
671,afl-player-v1-8e35dd8ce06e18a7a07b,maurice-rioli-1,Maurice Rioli,Sydney Swans,G-FWD,matched,Maurice Rioli,Richmond,G-FWD,"{""birth_date"":""2002-09-01"",""birth_year"":2002,""draft_pick"":53,""draft_type"":""ND"",""draft_year"":2020,""legacy_key"":""maurice-rioli-1""}",,True,
97,afl-player-v1-bba889f13399d9b9ee78,max-beattie,Max Beattie,Carlton Blues,"MID,G-FWD",matched,Max Beattie,Hawthorn,G-FWD,"{""birth_date"":""2003-11-18"",""birth_year"":2003,""draft_pick"":12,""draft_type"":""MSD"",""draft_year"":2026,""legacy_key"":""max-beattie""}",,False,no_current_or_historical_scoring_games+not_recent_unplayed_draftee
522,afl-player-v1-ed822a4e2051b799eded,max-gawn,Max Gawn,North Melbourne Kangaroos,RUCK,matched,Max Gawn,Melbourne,RUCK,"{""birth_date"":""1991-12-30"",""birth_year"":1991,""draft_pick"":33,""draft_type"":""ND"",""draft_year"":2009,""legacy_key"":""max-gawn""}",,True,
188,afl-player-v1-e2da1b01bb1f552e8dcf,max-gruzewski,Max Gruzewski,Essendon Bombers,"G-FWD,K-FWD",matched,Max Gruzewski,GWS,K-FWD,"{""birth_date"":""2004-07-21"",""birth_year"":2004,""draft_pick"":22,""draft_type"":""ND"",""draft_year"":2022,""legacy_key"":""max-gruzewski""}",,True,
781,afl-player-v1-a79de63b596184ec6aa8,max-hall,Max Hall,Western Bulldogs,"G-FWD,MID",matched,Max Hall,St Kilda,G-FWD,"{""birth_date"":""2002-04-15"",""birth_year"":2002,""draft_pick"":4,""draft_type"":""MSD"",""draft_year"":2024,""legacy_key"":""max-hall""}",,True,
691,afl-player-v1-3cd41ae70e67f1401076,max-heath,Max Heath,Sydney Swans,"RUCK,G-FWD,K-FWD",matched,Max Heath,St Kilda,RUCK,"{""birth_date"":""2002-10-24"",""birth_year"":2002,""draft_pick"":7,""draft_type"":""MSD"",""draft_year"":2021,""legacy_key"":""max-heath""}",,True,
390,afl-player-v1-41dcbd971cb800328d08,max-holmes,Max Holmes,Geelong Cats,MID,matched,Max Holmes,Geelong,MID,"{""birth_date"":""2002-08-29"",""birth_year"":2002,""draft_pick"":21,""draft_type"":""ND"",""draft_year"":2020,""legacy_key"":""max-holmes""}",,True,
432,afl-player-v1-f2d8efef518ca2749612,max-king-stk,Max King,Hawthorn Hawks,"K-FWD,G-FWD",matched,Max King,St Kilda,K-FWD,"{""birth_date"":""2007-01-09"",""birth_year"":2007,""draft_pick"":4,""draft_type"":""ND"",""draft_year"":2018,""legacy_key"":""max-king-stk""}",,True,
303,afl-player-v1-3becb857d4b323989b82,max-knobel,Max Knobel,Fremantle Dockers,RUCK,matched,Max Knobel,Fremantle,RUCK,"{""birth_date"":""2004-06-27"",""birth_year"":2004,""draft_pick"":42,""draft_type"":""ND"",""draft_year"":2022,""legacy_key"":""max-knobel""}",,False,no_current_or_historical_scoring_games+no_recent_activity_signal+not_recent_unplayed_draftee
420,afl-player-v1-770aaa73c350c53af8f8,max-kondogiannis,Max Kondogiannis,Hawthorn Hawks,G-DEF,matched,Max Kondogiannis,Essendon,G-DEF,"{""birth_date"":""2007-11-14"",""birth_year"":2007,""draft_pick"":36,""draft_type"":""ND"",""draft_year"":2025,""legacy_key"":""max-kondogiannis""}",,True,
692,afl-player-v1-b8023c8175b394310187,max-mapley,Max Mapley,Sydney Swans,RUCK,matched,Max Mapley,Melbourne,RUCK,"{""birth_date"":""2005-10-27"",""birth_year"":2005,""draft_pick"":18,""draft_type"":""MSD"",""draft_year"":2026,""legacy_key"":""max-mapley""}",,False,no_current_or_historical_scoring_games+not_recent_unplayed_draftee
100,afl-player-v1-0a868f1cf4977fe59a3d,max-michalanney,Max Michalanney,Carlton Blues,G-DEF,matched,Max Michalanney,Adelaide,G-DEF,"{""birth_date"":""2004-02-26"",""birth_year"":2004,""draft_pick"":17,""draft_type"":""ND"",""draft_year"":2022,""legacy_key"":""max-michalanney""}",,True,
397,afl-player-v1-a90d32b3027114a2544b,max-ramsden,Max Ramsden,Hawthorn Hawks,"G-FWD,K-FWD",matched,Max Ramsden,Hawthorn,K-FWD,"{""birth_date"":""2003-04-19"",""birth_year"":2003,""draft_pick"":6,""draft_type"":""MSD"",""draft_year"":2022,""legacy_key"":""max-ramsden""}",,True,
593,afl-player-v1-5f43c9c902f7780ce789,max-king-syd,Maxwell King,Richmond Tigers,"G-FWD,K-FWD",matched,Maxwell King,Sydney,G-FWD,"{""birth_date"":""2007-01-09"",""birth_year"":2007,""draft_pick"":49,""draft_type"":""ND"",""draft_year"":2025,""legacy_key"":""max-king-syd""}",,True,
547,afl-player-v1-c05999000f6adcc37825,michael-frederick,Michael Frederick,Port Adelaide Power,"G-FWD,MID",matched,Michael Frederick,Fremantle,G-FWD,"{""birth_date"":""2000-05-17"",""birth_year"":2000,""draft_pick"":61,""draft_type"":""ND"",""draft_year"":2019,""legacy_key"":""michael-frederick""}",,True,
48,afl-player-v1-219cd64a18526bc82a23,michael-sellwood,Michael Sellwood,Brisbane Lions,G-DEF,matched,Michael Sellwood,Western Bulldogs,G-DEF,"{""birth_date"":""2003-10-02"",""birth_year"":2003,""draft_pick"":5,""draft_type"":""MSD"",""draft_year"":2025,""legacy_key"":""michael-sellwood""}",,True,
582,afl-player-v1-716f1eabdf51d799d667,milan-murdock,Milan Murdock,Richmond Tigers,"MID,G-FWD",matched,Milan Murdock,West Coast,G-FWD,"{""birth_date"":""2000-06-30"",""birth_year"":2000,""draft_pick"":"""",""draft_type"":""SSP"",""draft_year"":2025,""legacy_key"":""milan-murdock""}",draft_pick,True,
774,afl-player-v1-f822e70b2df2c17d0328,miles-bergman,Miles Bergman,Western Bulldogs,G-DEF,matched,Miles Bergman,Port Adelaide,G-DEF,"{""birth_date"":""2001-10-18"",""birth_year"":2001,""draft_pick"":14,""draft_type"":""ND"",""draft_year"":2019,""legacy_key"":""miles-bergman""}",,True,
497,afl-player-v1-55d24843de9c3958ab7b,mitch-georgiades,Mitch Georgiades,North Melbourne Kangaroos,"G-FWD,K-FWD",matched,Mitch Georgiades,Port Adelaide,K-FWD,"{""birth_date"":""2001-09-28"",""birth_year"":2001,""draft_pick"":18,""draft_type"":""ND"",""draft_year"":2019,""legacy_key"":""mitch-georgiades""}",,True,
361,afl-player-v1-46e08b85a52fdc2973b1,mitch-mcgovern,Mitch McGovern,Geelong Cats,"G-DEF,G-FWD",matched,Mitch McGovern,Adelaide,G-DEF,"{""birth_date"":""1994-10-11"",""birth_year"":1994,""draft_pick"":43,""draft_type"":""ND"",""draft_year"":2014,""legacy_key"":""mitch-mcgovern""}",,True,
404,afl-player-v1-d918d8964003f39a3025,mitch-podhajski,Mitch Podhajski,Hawthorn Hawks,"G-FWD,K-FWD",matched,Mitch Podhajski,Collingwood,K-FWD,"{""birth_date"":""1999-01-04"",""birth_year"":1999,""draft_pick"":17,""draft_type"":""MSD"",""draft_year"":2026,""legacy_key"":""mitch-podhajski""}",,True,
534,afl-player-v1-f07600e2849bc4a2ed87,mitch-zadow,Mitch Zadow,Port Adelaide Power,G-FWD,matched,Mitch Zadow,Port Adelaide,G-FWD,"{""birth_date"":""2004-03-11"",""birth_year"":2004,""draft_pick"":"""",""draft_type"":""SSP"",""draft_year"":2025,""legacy_key"":""mitch-zadow""}",draft_pick,True,
804,afl-player-v1-14f592be6d47ac00f7ed,mitchell-edwards,Mitchell Edwards,Western Bulldogs,RUCK,matched,Mitchell Edwards,Geelong,RUCK,"{""birth_date"":""2005-06-02"",""birth_year"":2005,""draft_pick"":32,""draft_type"":""ND"",""draft_year"":2023,""legacy_key"":""mitchell-edwards""}",,True,
175,afl-player-v1-caac261627e427ecf9de,mitchell-hinge,Mitchell Hinge,Collingwood Magpies,G-DEF,matched,Mitchell Hinge,Brisbane,G-DEF,"{""birth_date"":""1998-06-28"",""birth_year"":1998,""draft_pick"":17,""draft_type"":""RD"",""draft_year"":2016,""legacy_key"":""mitchell-hinge""}",,True,
597,afl-player-v1-12bb68135bc18d700f1f,mitchell-knevitt,Mitchell Knevitt,Richmond Tigers,MID,matched,Mitchell Knevitt,Geelong,MID,"{""birth_date"":""2003-01-08"",""birth_year"":2003,""draft_pick"":25,""draft_type"":""ND"",""draft_year"":2021,""legacy_key"":""mitchell-knevitt""}",,True,
486,afl-player-v1-f24a5a22059c4d196165,mitchell-lewis,Mitchell Lewis,North Melbourne Kangaroos,"G-FWD,K-FWD",matched,Mitchell Lewis,Hawthorn,K-FWD,"{""birth_date"":""1998-10-14"",""birth_year"":1998,""draft_pick"":75,""draft_type"":""ND"",""draft_year"":2016,""legacy_key"":""mitchell-lewis""}",,True,
419,afl-player-v1-4d39af42b1b14e098249,mitchell-marsh,Mitchell Marsh,Hawthorn Hawks,"G-FWD,K-FWD",matched,Mitchell Marsh,Adelaide,K-FWD,"{""birth_date"":""2007-02-15"",""birth_year"":2007,""draft_pick"":22,""draft_type"":""ND"",""draft_year"":2025,""legacy_key"":""mitchell-marsh""}",,True,
797,afl-player-v1-8ac286831260b0b7d6fc,mitchito-owens,Mitchito Owens,Western Bulldogs,K-FWD,matched,Mitchito Owens,St Kilda,K-FWD,"{""birth_date"":""2003-09-24"",""birth_year"":2003,""draft_pick"":33,""draft_type"":""ND"",""draft_year"":2021,""legacy_key"":""mitchito-owens""}",,True,
331,afl-player-v1-a7b458195fd4ad591d40,murphy-reid,Murphy Reid,Fremantle Dockers,G-FWD,matched,Murphy Reid,Fremantle,G-FWD,"{""birth_date"":""2006-07-30"",""birth_year"":2006,""draft_pick"":17,""draft_type"":""ND"",""draft_year"":2024,""legacy_key"":""murphy-reid""}",,True,
105,afl-player-v1-7ba5a1ae80798c88d4a4,mykelti-lefau,Mykelti Lefau,Carlton Blues,"G-FWD,K-FWD",matched,Mykelti Lefau,Richmond,K-FWD,"{""birth_date"":""1998-06-22"",""birth_year"":1998,""draft_pick"":"""",""draft_type"":""SSP"",""draft_year"":2023,""legacy_key"":""mykelti-lefau""}",draft_pick,True,
744,afl-player-v1-3a6df4b9ca059308ea0d,nasiah-wanganeen-milera,Nasiah Wanganeen-Milera,Brisbane Lions,"G-DEF,MID",matched,Nasiah Wanganeen-Milera,St Kilda,MID,"{""birth_date"":""2003-02-22"",""birth_year"":2003,""draft_pick"":11,""draft_type"":""ND"",""draft_year"":2021,""legacy_key"":""nasiah-wanganeen-milera""}",,True,
183,afl-player-v1-4d27655cd6fbc59ff72e,nate-caddy,Nate Caddy,Essendon Bombers,"G-FWD,K-FWD",matched,Nate Caddy,Essendon,K-FWD,"{""birth_date"":""2005-07-14"",""birth_year"":2005,""draft_pick"":10,""draft_type"":""ND"",""draft_year"":2023,""legacy_key"":""nate-caddy""}",,True,
614,afl-player-v1-5ee1939ad38f451c9839,nathan-broad,Nathan Broad,Richmond Tigers,G-DEF,matched,Nathan Broad,Richmond,G-DEF,"{""birth_date"":""1993-04-15"",""birth_year"":1993,""draft_pick"":65,""draft_type"":""ND"",""draft_year"":2015,""legacy_key"":""nathan-broad""}",,True,
184,afl-player-v1-70e2d14ebd8405ca773d,nathan-o-driscoll,Nathan O'Driscoll,Essendon Bombers,MID,matched,Nathan O'Driscoll,Fremantle,MID,"{""birth_date"":""2002-05-17"",""birth_year"":2002,""draft_pick"":28,""draft_type"":""ND"",""draft_year"":2020,""legacy_key"":""nathan-o-driscoll""}",,True,
793,afl-player-v1-ec3f691537531ffedcf2,nathan-wardius,Nathan Wardius,Western Bulldogs,G-FWD,matched,Nathan Wardius,GWS,G-FWD,"{""birth_date"":""2004-10-12"",""birth_year"":2004,""draft_pick"":"""",""draft_type"":""PDA"",""draft_year"":2023,""legacy_key"":""nathan-wardius""}",draft_pick,False,no_current_or_historical_scoring_games+no_recent_activity_signal+not_recent_unplayed_draftee
242,afl-player-v1-658634afd21b318408dd,ned-bowman,Ned Bowman,Free agents,G-FWD,matched,Ned Bowman,Sydney,G-FWD,"{""birth_date"":""2006-09-12"",""birth_year"":2006,""draft_pick"":26,""draft_type"":""ND"",""draft_year"":2024,""legacy_key"":""ned-bowman""}",,True,
731,afl-player-v1-f19f835c12df6ed8917b,ned-long,Ned Long,Brisbane Lions,"MID,G-FWD",matched,Ned Long,Hawthorn,MID,"{""birth_date"":""2003-02-05"",""birth_year"":2003,""draft_pick"":4,""draft_type"":""RD"",""draft_year"":2021,""legacy_key"":""ned-long""}",,True,
652,afl-player-v1-b0f136f33ad07b15d6d8,ned-moyle,Ned Moyle,St Kilda Saints,RUCK,matched,Ned Moyle,Gold Coast,RUCK,"{""birth_date"":""2002-02-15"",""birth_year"":2002,""draft_pick"":5,""draft_type"":""MSD"",""draft_year"":2021,""legacy_key"":""ned-moyle""}",,True,
580,afl-player-v1-7e55cca73bb1024b34e5,ned-reeves,Ned Reeves,Richmond Tigers,RUCK,matched,Ned Reeves,Hawthorn,RUCK,"{""birth_date"":""1998-10-31"",""birth_year"":1998,""draft_pick"":"""",""draft_type"":""SSP"",""draft_year"":2018,""legacy_key"":""ned-reeves""}",draft_pick,True,
198,afl-player-v1-9ae326b5449328a2e0de,neil-erasmus,Neil Erasmus,Essendon Bombers,MID,matched,Neil Erasmus,Fremantle,MID,"{""birth_date"":""2003-12-02"",""birth_year"":2003,""draft_pick"":10,""draft_type"":""ND"",""draft_year"":2021,""legacy_key"":""neil-erasmus""}",,True,
758,afl-player-v1-e00ed08737cf8ea26baa,nic-newman,Nic Newman,West Coast Eagles,G-DEF,matched,Nic Newman,Sydney,G-DEF,"{""birth_date"":""1993-01-15"",""birth_year"":1993,""draft_pick"":29,""draft_type"":""RD"",""draft_year"":2014,""legacy_key"":""nic-newman""}",,True,
725,afl-player-v1-72cf2a6d4a4c62d627af,nicholas-coffield,Nicholas Coffield,West Coast Eagles,G-DEF,matched,Nicholas Coffield,St Kilda,G-DEF,"{""birth_date"":""1999-10-23"",""birth_year"":1999,""draft_pick"":8,""draft_type"":""ND"",""draft_year"":2017,""legacy_key"":""nicholas-coffield""}",,True,
263,afl-player-v1-34a8a44afb07bd5a046d,nicholas-holman,Nicholas Holman,Free agents,G-FWD,matched,Nicholas Holman,Carlton,G-FWD,"{""birth_date"":""1995-05-29"",""birth_year"":1995,""draft_pick"":49,""draft_type"":""ND"",""draft_year"":2013,""legacy_key"":""nicholas-holman""}",,True,
455,afl-player-v1-289911b71c417a06fb30,nicholas-martin,Nicholas Martin,Melbourne Demons,"MID,G-FWD",matched,Nicholas Martin,Essendon,MID,"{""birth_date"":""2001-04-03"",""birth_year"":2001,""draft_pick"":"""",""draft_type"":""SSP"",""draft_year"":2021,""legacy_key"":""nicholas-martin""}",draft_pick,True,
146,afl-player-v1-b256e4d9e5432a4e53a4,nick-blakey,Nick Blakey,Collingwood Magpies,G-DEF,matched,Nick Blakey,Sydney,G-DEF,"{""birth_date"":""2000-02-27"",""birth_year"":2000,""draft_pick"":10,""draft_type"":""ND"",""draft_year"":2018,""legacy_key"":""nick-blakey""}",,True,
763,afl-player-v1-9b15397e2d34aa5dc01c,nick-bryan,Nick Bryan,Western Bulldogs,RUCK,matched,Nick Bryan,Essendon,RUCK,"{""birth_date"":""2001-10-22"",""birth_year"":2001,""draft_pick"":38,""draft_type"":""ND"",""draft_year"":2019,""legacy_key"":""nick-bryan""}",,True,
530,afl-player-v1-25c90ee89147d316c6b8,nick-daicos,Nick Daicos,North Melbourne Kangaroos,MID,matched,Nick Daicos,Collingwood,MID,"{""birth_date"":""2003-01-03"",""birth_year"":2003,""draft_pick"":4,""draft_type"":""ND"",""draft_year"":2021,""legacy_key"":""nick-daicos""}",,True,
577,afl-player-v1-c9130ccf04e0cd0474b0,nick-driscoll,Nick Driscoll,Port Adelaide Power,G-FWD,matched,Nick Driscoll,Geelong,MID,"{""birth_date"":""2000-01-01"",""birth_year"":2000,""draft_pick"":6,""draft_type"":""RD"",""draft_year"":2025,""legacy_key"":""nick-driscoll""}",,True,
732,afl-player-v1-2df5772a1446de4f16bf,nick-haynes,Nick Haynes,West Coast Eagles,G-DEF,matched,Nick Haynes,GWS,G-DEF,"{""birth_date"":""1992-05-18"",""birth_year"":1992,""draft_pick"":10,""draft_type"":""ND"",""draft_year"":2011,""legacy_key"":""nick-haynes""}",,True,
66,afl-player-v1-daa646e163644de88154,nick-larkey,Nick Larkey,Brisbane Lions,"G-FWD,K-FWD",matched,Nick Larkey,North Melbourne,K-FWD,"{""birth_date"":""1998-06-06"",""birth_year"":1998,""draft_pick"":72,""draft_type"":""ND"",""draft_year"":2016,""legacy_key"":""nick-larkey""}",,True,
413,afl-player-v1-1abf46c80f3799c0d483,nick-madden,Nick Madden,Hawthorn Hawks,RUCK,matched,Nick Madden,GWS,RUCK,"{""birth_date"":""2004-05-17"",""birth_year"":2004,""draft_pick"":"""",""draft_type"":""PDA"",""draft_year"":2022,""legacy_key"":""nick-madden""}",draft_pick,True,
342,afl-player-v1-f454cdc57bca55f25e29,nick-murray,Nick Murray,Fremantle Dockers,"G-DEF,K-DEF",matched,Nick Murray,Adelaide,K-DEF,"{""birth_date"":""2000-12-18"",""birth_year"":2000,""draft_pick"":"""",""draft_type"":""SSP"",""draft_year"":2020,""legacy_key"":""nick-murray""}",draft_pick,True,
638,afl-player-v1-3748d2d5901b55897f63,nick-vlastuin,Nick Vlastuin,St Kilda Saints,G-DEF,matched,Nick Vlastuin,Richmond,G-DEF,"{""birth_date"":""1994-04-19"",""birth_year"":1994,""draft_pick"":12,""draft_type"":""ND"",""draft_year"":2012,""legacy_key"":""nick-vlastuin""}",,True,
182,afl-player-v1-d4326256dc1cb8e54f15,nick-watson,Nick Watson,Collingwood Magpies,G-FWD,matched,Nick Watson,Hawthorn,G-FWD,"{""birth_date"":""2005-02-24"",""birth_year"":2005,""draft_pick"":5,""draft_type"":""ND"",""draft_year"":2023,""legacy_key"":""nick-watson""}",,True,
65,afl-player-v1-a6ca86baae9b97711590,nikolas-cox,Nikolas Cox,Essendon Bombers,MID,matched,Nikolas Cox,Essendon,K-FWD,"{""birth_date"":""2002-01-15"",""birth_year"":2002,""draft_pick"":8,""draft_type"":""ND"",""draft_year"":2020,""legacy_key"":""nikolas-cox""}",,True,
615,afl-player-v1-98009763e49092307d27,noah-anderson,Noah Anderson,Richmond Tigers,MID,matched,Noah Anderson,Gold Coast,MID,"{""birth_date"":""2001-02-17"",""birth_year"":2001,""draft_pick"":2,""draft_type"":""ND"",""draft_year"":2019,""legacy_key"":""noah-anderson""}",,True,
640,afl-player-v1-49df55e41314f434839b,noah-answerth,Noah Answerth,St Kilda Saints,G-DEF,matched,Noah Answerth,Brisbane,G-DEF,"{""birth_date"":""1999-08-06"",""birth_year"":1999,""draft_pick"":55,""draft_type"":""ND"",""draft_year"":2018,""legacy_key"":""noah-answerth""}",,True,
13,afl-player-v1-98f25927e2518d84b035,noah-balta,Noah Balta,Adelaide Crows,"G-DEF,G-FWD,K-FWD,K-DEF",matched,Noah Balta,Richmond,K-FWD,"{""birth_date"":""1999-10-23"",""birth_year"":1999,""draft_pick"":25,""draft_type"":""ND"",""draft_year"":2017,""legacy_key"":""noah-balta""}",,True,
666,afl-player-v1-fc6ac46f92c3b7b16ed5,noah-chamberlain,Noah Chamberlain,St Kilda Saints,"G-FWD,K-FWD",matched,Noah Chamberlain,Sydney,G-FWD,"{""birth_date"":""2007-03-21"",""birth_year"":2007,""draft_pick"":"""",""draft_type"":""PDA"",""draft_year"":2025,""legacy_key"":""noah-chamberlain""}",draft_pick,False,no_current_or_historical_scoring_games+not_recent_unplayed_draftee
716,afl-player-v1-eabf1f78acbf56714425,noah-howes,Noah Howes,Essendon Bombers,"G-FWD,K-FWD",matched,Noah Howes,Collingwood,K-FWD,"{""birth_date"":""2005-10-28"",""birth_year"":2005,""draft_pick"":15,""draft_type"":""MSD"",""draft_year"":2025,""legacy_key"":""noah-howes""}",,False,no_current_or_historical_scoring_games+not_recent_unplayed_draftee
273,afl-player-v1-8bf1408a62bb7de9cf9f,noah-long,Noah Long,Free agents,G-FWD,matched,Noah Long,West Coast,G-FWD,"{""birth_date"":""2004-08-23"",""birth_year"":2004,""draft_pick"":57,""draft_type"":""ND"",""draft_year"":2022,""legacy_key"":""noah-long""}",,True,
473,afl-player-v1-9f436a208f537d5d8e7e,noah-mraz,Noah Mraz,Melbourne Demons,"G-DEF,K-DEF",matched,Noah Mraz,Hawthorn,K-DEF,"{""birth_date"":""2006-02-20"",""birth_year"":2006,""draft_pick"":35,""draft_type"":""ND"",""draft_year"":2024,""legacy_key"":""noah-mraz""}",,True,
104,afl-player-v1-023276c69c07e6c60ab8,noah-roberts-thomson,Noah Roberts-Thomson,Carlton Blues,MID,matched,Noah Roberts-Thomson,Richmond,G-FWD,"{""birth_date"":""2007-03-29"",""birth_year"":2007,""draft_pick"":54,""draft_type"":""ND"",""draft_year"":2025,""legacy_key"":""noah-roberts-thomson""}",,True,
387,afl-player-v1-26ff1ee55b317fca0c0f,oisin-mullin,Oisin Mullin,Geelong Cats,"G-DEF,MID",matched,Oisin Mullin,Geelong,G-DEF,"{""birth_date"":""2000-02-11"",""birth_year"":2000,""draft_pick"":"""",""draft_type"":""IRE"",""draft_year"":2021,""legacy_key"":""oisin-mullin""}",draft_pick,True,
712,afl-player-v1-677d6d582c6d7170a62f,oliver-florent,Oliver Florent,Sydney Swans,"MID,G-DEF",matched,Oliver Florent,Sydney,G-DEF,"{""birth_date"":""1998-07-22"",""birth_year"":1998,""draft_pick"":11,""draft_type"":""ND"",""draft_year"":2016,""legacy_key"":""oliver-florent""}",,True,
310,afl-player-v1-558aaadecc21bf1b2489,oliver-francou,Oliver Francou,Fremantle Dockers,MID,matched,Oliver Francou,West Coast,MID,"{""birth_date"":""2006-02-27"",""birth_year"":2006,""draft_pick"":3,""draft_type"":""MSD"",""draft_year"":2026,""legacy_key"":""oliver-francou""}",,False,no_current_or_historical_scoring_games+not_recent_unplayed_draftee
216,afl-player-v1-5612c4af21b5a0e54a5c,oliver-griffin,Oliver Griffin,Essendon Bombers,G-FWD,matched,Oliver Griffin,North Melbourne,G-FWD,"{""birth_date"":""2007-06-04"",""birth_year"":2007,""draft_pick"":6,""draft_type"":""MSD"",""draft_year"":2026,""legacy_key"":""oliver-griffin""}",,False,no_current_or_historical_scoring_games+not_recent_unplayed_draftee
448,afl-player-v1-4b9df048d6043b396620,oliver-hannaford,Oliver Hannaford,Melbourne Demons,MID,matched,Oliver Hannaford,GWS,G-FWD,"{""birth_date"":""2006-09-01"",""birth_year"":2006,""draft_pick"":18,""draft_type"":""ND"",""draft_year"":2024,""legacy_key"":""oliver-hannaford""}",,True,
74,afl-player-v1-9d46c38c720869af0fa4,oliver-hayes-brown,Oliver Hayes-Brown,Brisbane Lions,RUCK,matched,Oliver Hayes-Brown,Richmond,RUCK,"{""birth_date"":""2000-04-28"",""birth_year"":2000,""draft_pick"":"""",""draft_type"":""UNR"",""draft_year"":2023,""legacy_key"":""oliver-hayes-brown""}",draft_pick,True,
88,afl-player-v1-7bf02b691759aa5668c1,oliver-henry,Oliver Henry,Brisbane Lions,"G-FWD,K-FWD",matched,Oliver Henry,Collingwood,G-FWD,"{""birth_date"":""2002-07-29"",""birth_year"":2002,""draft_pick"":18,""draft_type"":""ND"",""draft_year"":2020,""legacy_key"":""oliver-henry""}",,True,
694,afl-player-v1-145cb006483d7dd50196,oliver-hollands,Oliver Hollands,Sydney Swans,"G-DEF,MID",matched,Oliver Hollands,Carlton,G-DEF,"{""birth_date"":""2004-01-16"",""birth_year"":2004,""draft_pick"":11,""draft_type"":""ND"",""draft_year"":2022,""legacy_key"":""oliver-hollands""}",,True,
552,afl-player-v1-e3caf3a891bad7b64be2,oliver-wiltshire,Oliver Wiltshire,Port Adelaide Power,G-FWD,matched,Oliver Wiltshire,Geelong,G-FWD,"{""birth_date"":""2002-09-15"",""birth_year"":2002,""draft_pick"":61,""draft_type"":""ND"",""draft_year"":2023,""legacy_key"":""oliver-wiltshire""}",,True,
643,afl-player-v1-d4700d975a94bf33dfbb,oliver-wines,Oliver Wines,St Kilda Saints,MID,matched,Oliver Wines,Port Adelaide,MID,"{""birth_date"":""1994-10-07"",""birth_year"":1994,""draft_pick"":10,""draft_type"":""ND"",""draft_year"":2012,""legacy_key"":""oliver-wines""}",,True,
349,afl-player-v1-7424aadbc9d795413bb8,ollie-dempsey,Ollie Dempsey,Geelong Cats,MID,matched,Ollie Dempsey,Geelong,MID,"{""birth_date"":""2003-01-07"",""birth_year"":2003,""draft_pick"":8,""draft_type"":""RD"",""draft_year"":2021,""legacy_key"":""ollie-dempsey""}",,True,
418,afl-player-v1-28bb25f3b0444604b010,ollie-greeves,Ollie Greeves,Hawthorn Hawks,MID,matched,Ollie Greeves,Hawthorn,MID,"{""birth_date"":""2007-02-07"",""birth_year"":2007,""draft_pick"":5,""draft_type"":""RD"",""draft_year"":2025,""legacy_key"":""ollie-greeves""}",,True,
723,afl-player-v1-c8794f93f4aae9611841,ollie-lord,Ollie Lord,West Coast Eagles,"G-FWD,K-FWD",matched,Ollie Lord,Port Adelaide,K-FWD,"{""birth_date"":""2002-01-02"",""birth_year"":2002,""draft_pick"":51,""draft_type"":""ND"",""draft_year"":2020,""legacy_key"":""ollie-lord""}",,True,
648,afl-player-v1-b6c5a9b9541eb90c22ac,ollie-murphy,Ollie Murphy,St Kilda Saints,"G-DEF,K-DEF",matched,Ollie Murphy,Fremantle,K-DEF,"{""birth_date"":""2005-09-16"",""birth_year"":2005,""draft_pick"":41,""draft_type"":""ND"",""draft_year"":2023,""legacy_key"":""ollie-murphy""}",,False,no_current_or_historical_scoring_games+no_recent_activity_signal+not_recent_unplayed_draftee
474,afl-player-v1-27b92ed0b5135eaec321,oscar-adams,Oscar Adams,Melbourne Demons,"G-DEF,K-DEF",matched,Oscar Adams,St Kilda,G-DEF,"{""birth_date"":""2003-07-23"",""birth_year"":2003,""draft_pick"":51,""draft_type"":""ND"",""draft_year"":2021,""legacy_key"":""oscar-adams""}",,True,
110,afl-player-v1-00338d87a98ae8165ce5,oscar-allen,Oscar Allen,Carlton Blues,"G-FWD,K-FWD",matched,Oscar Allen,West Coast,K-FWD,"{""birth_date"":""1999-03-19"",""birth_year"":1999,""draft_pick"":21,""draft_type"":""ND"",""draft_year"":2017,""legacy_key"":""oscar-allen""}",,True,
238,afl-player-v1-44edbd90969b5c4373c3,oscar-berry,Oscar Berry,Free agents,"K-DEF,G-DEF",matched,Oscar Berry,,K-DEF,"{""birth_date"":""2002-01-04"",""birth_year"":2002,""draft_pick"":"""",""draft_type"":""UNR"",""draft_year"":2025,""legacy_key"":""oscar-berry""}",draft_pick,False,no_current_or_historical_scoring_games+not_recent_unplayed_draftee
277,afl-player-v1-449b339597a1555d5372,oscar-mcdonald,Oscar McDonald,Free agents,"K-DEF,G-DEF",matched,Oscar McDonald,Melbourne,K-DEF,"{""birth_date"":""1996-03-18"",""birth_year"":1996,""draft_pick"":53,""draft_type"":""ND"",""draft_year"":2014,""legacy_key"":""oscar-mcdonald""}",,True,
205,afl-player-v1-5c3ac2d1c84ea9110fe4,oscar-ryan,Oscar Ryan,Adelaide Crows,G-DEF,matched,Oscar Ryan,Adelaide,G-DEF,"{""birth_date"":""2005-05-15"",""birth_year"":2005,""draft_pick"":27,""draft_type"":""ND"",""draft_year"":2023,""legacy_key"":""oscar-ryan""}",,False,no_current_or_historical_scoring_games+no_recent_activity_signal+not_recent_unplayed_draftee
6,afl-player-v1-650b0c72bb3082a86c14,oscar-steene,Oscar Steene,Adelaide Crows,"RUCK,G-FWD,K-FWD",matched,Oscar Steene,Collingwood,RUCK,"{""birth_date"":""2003-08-23"",""birth_year"":2003,""draft_pick"":"""",""draft_type"":""SSP"",""draft_year"":2022,""legacy_key"":""oscar-steene""}",draft_pick,True,
70,afl-player-v1-9593a2d2734002e0b1d5,oskar-baker,Oskar Baker,Brisbane Lions,"G-DEF,MID,G-FWD",matched,Oskar Baker,Melbourne,G-FWD,"{""birth_date"":""1998-05-25"",""birth_year"":1998,""draft_pick"":48,""draft_type"":""ND"",""draft_year"":2017,""legacy_key"":""oskar-baker""}",,True,
425,afl-player-v1-a73efb3e3e613ef91d32,oskar-taylor,Oskar Taylor,Hawthorn Hawks,G-DEF,matched,Oskar Taylor,GWS,G-DEF,"{""birth_date"":""2007-08-01"",""birth_year"":2007,""draft_pick"":15,""draft_type"":""ND"",""draft_year"":2025,""legacy_key"":""oskar-taylor""}",,True,
619,afl-player-v1-0006090cd55e28d1a258,paddy-cross,Paddy Cross,Richmond Tigers,G-FWD,matched,Paddy Cross,Melbourne,G-FWD,"{""birth_date"":""2003-02-14"",""birth_year"":2003,""draft_pick"":"""",""draft_type"":""SSP"",""draft_year"":2025,""legacy_key"":""paddy-cross""}",draft_pick,True,
64,afl-player-v1-38775e374c8599ccc338,paddy-dow,Paddy Dow,Brisbane Lions,MID,matched,Paddy Dow,Carlton,MID,"{""birth_date"":""1999-10-16"",""birth_year"":1999,""draft_pick"":3,""draft_type"":""ND"",""draft_year"":2017,""legacy_key"":""paddy-dow""}",,True,
245,afl-player-v1-a8d4c0c54b6acab698c5,patrick-carr,Patrick Carr,Free agents,RUCK,matched,Patrick Carr,,RUCK,"{""birth_date"":""2005-08-10"",""birth_year"":2005,""draft_pick"":"""",""draft_type"":""UNR"",""draft_year"":2025,""legacy_key"":""patrick-carr""}",draft_pick,False,no_current_or_historical_scoring_games+not_recent_unplayed_draftee
532,afl-player-v1-3c4dfebabc0d54a341af,patrick-cripps,Patrick Cripps,Port Adelaide Power,MID,matched,Patrick Cripps,Carlton,MID,"{""birth_date"":""1995-03-18"",""birth_year"":1995,""draft_pick"":13,""draft_type"":""ND"",""draft_year"":2013,""legacy_key"":""patrick-cripps""}",,True,
546,afl-player-v1-f000210c809f7128d817,patrick-dangerfield,Patrick Dangerfield,Port Adelaide Power,G-FWD,matched,Patrick Dangerfield,Adelaide,G-FWD,"{""birth_date"":""1990-04-05"",""birth_year"":1990,""draft_pick"":10,""draft_type"":""ND"",""draft_year"":2007,""legacy_key"":""patrick-dangerfield""}",,True,
138,afl-player-v1-601df8b42b8a60750b20,patrick-lipinski,Patrick Lipinski,Collingwood Magpies,"MID,G-FWD",matched,Patrick Lipinski,Western Bulldogs,G-FWD,"{""birth_date"":""1998-07-17"",""birth_year"":1998,""draft_pick"":28,""draft_type"":""ND"",""draft_year"":2016,""legacy_key"":""patrick-lipinski""}",,True,
132,afl-player-v1-c809cc39851ac68c9a8e,patrick-retschko,Patrick Retschko,Carlton Blues,MID,matched,Patrick Retschko,Geelong,MID,"{""birth_date"":""2006-02-28"",""birth_year"":2006,""draft_pick"":9,""draft_type"":""RD"",""draft_year"":2024,""legacy_key"":""patrick-retschko""}",,True,
287,afl-player-v1-f282c24b119aa18a481a,patrick-said,Patrick Said,Free agents,G-FWD,matched,Patrick Said,St Kilda,G-FWD,"{""birth_date"":""2006-04-24"",""birth_year"":2006,""draft_pick"":60,""draft_type"":""ND"",""draft_year"":2024,""legacy_key"":""patrick-said""}",,True,
428,afl-player-v1-ea08f8634f12c893cac8,patrick-snell,Patrick Snell,Hawthorn Hawks,"G-DEF,G-FWD,K-FWD,K-DEF",matched,Patrick Snell,Sydney,K-DEF,"{""birth_date"":""2005-07-18"",""birth_year"":2005,""draft_pick"":53,""draft_type"":""ND"",""draft_year"":2023,""legacy_key"":""patrick-snell""}",,False,no_current_or_historical_scoring_games+no_recent_activity_signal+not_recent_unplayed_draftee
336,afl-player-v1-c70559b9eceef976b9ab,patrick-voss,Patrick Voss,Fremantle Dockers,"G-FWD,K-FWD",matched,Patrick Voss,Essendon,K-FWD,"{""birth_date"":""2003-06-29"",""birth_year"":2003,""draft_pick"":6,""draft_type"":""RD"",""draft_year"":2021,""legacy_key"":""patrick-voss""}",,True,
616,afl-player-v1-2f5bb7529c45ed8b1c79,paul-curtis,Paul Curtis,Richmond Tigers,G-FWD,matched,Paul Curtis,North Melbourne,G-FWD,"{""birth_date"":""2003-03-04"",""birth_year"":2003,""draft_pick"":35,""draft_type"":""ND"",""draft_year"":2021,""legacy_key"":""paul-curtis""}",,True,
664,afl-player-v1-e28761609cc2957874ad,peter-ladhams,Peter Ladhams,St Kilda Saints,"RUCK,G-FWD,K-FWD",matched,Peter Ladhams,Port Adelaide,RUCK,"{""birth_date"":""1998-01-14"",""birth_year"":1998,""draft_pick"":8,""draft_type"":""RD"",""draft_year"":2016,""legacy_key"":""peter-ladhams""}",,True,
559,afl-player-v1-bae70ee809d6cfc18464,peter-wright,Peter Wright,Port Adelaide Power,"G-FWD,K-FWD,RUCK",matched,Peter Wright,Gold Coast,K-FWD,"{""birth_date"":""1996-09-08"",""birth_year"":1996,""draft_pick"":10,""draft_type"":""ND"",""draft_year"":2014,""legacy_key"":""peter-wright""}",,True,
414,afl-player-v1-9d054a45418ba5797f44,phoenix-gothard,Phoenix Gothard,Hawthorn Hawks,G-FWD,matched,Phoenix Gothard,GWS,G-FWD,"{""birth_date"":""2005-09-07"",""birth_year"":2005,""draft_pick"":12,""draft_type"":""ND"",""draft_year"":2023,""legacy_key"":""phoenix-gothard""}",,True,
294,afl-player-v1-04a9ccd2af626ff315a2,reece-torrent,Reece Torrent,Free agents,MID,matched,Reece Torrent,Brisbane,MID,"{""birth_date"":""2005-08-03"",""birth_year"":2005,""draft_pick"":64,""draft_type"":""ND"",""draft_year"":2023,""legacy_key"":""reece-torrent""}",,False,no_current_or_historical_scoring_games+no_recent_activity_signal+not_recent_unplayed_draftee
528,afl-player-v1-47fc3fea377757910ec4,reef-mcinnes,Reef McInnes,North Melbourne Kangaroos,"G-DEF,K-DEF",matched,Reef McInnes,Collingwood,K-DEF,"{""birth_date"":""2002-12-12"",""birth_year"":2002,""draft_pick"":24,""draft_type"":""ND"",""draft_year"":2020,""legacy_key"":""reef-mcinnes""}",,True,
348,afl-player-v1-246485594049e2517cdf,reilly-o-brien,Reilly O'Brien,Geelong Cats,RUCK,matched,Reilly O'Brien,Adelaide,RUCK,"{""birth_date"":""1995-08-20"",""birth_year"":1995,""draft_pick"":8,""draft_type"":""RD"",""draft_year"":2014,""legacy_key"":""reilly-o-brien""}",,True,
468,afl-player-v1-413b1edfe188fa8c778c,reuben-ginbey,Reuben Ginbey,Melbourne Demons,G-DEF,matched,Reuben Ginbey,West Coast,K-DEF,"{""birth_date"":""2004-09-10"",""birth_year"":2004,""draft_pick"":9,""draft_type"":""ND"",""draft_year"":2022,""legacy_key"":""reuben-ginbey""}",,True,
113,afl-player-v1-6a7269c5c5368cf36265,rhett-bazzo,Rhett Bazzo,Carlton Blues,"G-DEF,K-DEF",matched,Rhett Bazzo,West Coast,K-DEF,"{""birth_date"":""2003-10-17"",""birth_year"":2003,""draft_pick"":37,""draft_type"":""ND"",""draft_year"":2021,""legacy_key"":""rhett-bazzo""}",,True,
659,afl-player-v1-1ca96839896a3417dbcd,rhyan-mansell,Rhyan Mansell,St Kilda Saints,G-FWD,matched,Rhyan Mansell,Richmond,G-FWD,"{""birth_date"":""2000-06-04"",""birth_year"":2000,""draft_pick"":"""",""draft_type"":""SSP"",""draft_year"":2020,""legacy_key"":""rhyan-mansell""}",draft_pick,True,
517,afl-player-v1-82123073102a52f26b3f,rhylee-west,Rhylee West,North Melbourne Kangaroos,G-FWD,matched,Rhylee West,Western Bulldogs,G-FWD,"{""birth_date"":""2000-07-12"",""birth_year"":2000,""draft_pick"":26,""draft_type"":""ND"",""draft_year"":2018,""legacy_key"":""rhylee-west""}",,True,
352,afl-player-v1-24528d3a9decf5f0337c,rhys-stanley,Rhys Stanley,Geelong Cats,RUCK,matched,Rhys Stanley,St Kilda,RUCK,"{""birth_date"":""1990-12-01"",""birth_year"":1990,""draft_pick"":47,""draft_type"":""ND"",""draft_year"":2008,""legacy_key"":""rhys-stanley""}",,True,
297,afl-player-v1-c1c939d32cb20e307db2,rhys-unwin,Rhys Unwin,Free agents,G-FWD,matched,Rhys Unwin,Essendon,G-FWD,"{""birth_date"":""2006-10-11"",""birth_year"":2006,""draft_pick"":61,""draft_type"":""ND"",""draft_year"":2024,""legacy_key"":""rhys-unwin""}",,True,
555,afl-player-v1-eb27d6dadeb1a9bc5774,riak-andrew,Riak Andrew,Port Adelaide Power,"G-DEF,K-DEF",matched,Riak Andrew,Sydney,K-DEF,"{""birth_date"":""2005-02-17"",""birth_year"":2005,""draft_pick"":55,""draft_type"":""ND"",""draft_year"":2024,""legacy_key"":""riak-andrew""}",,True,
772,afl-player-v1-1e48a475f30de9837e3d,ricky-mentha,Ricky Mentha,Western Bulldogs,"G-DEF,G-FWD",matched,Ricky Mentha,Melbourne,G-FWD,"{""birth_date"":""2006-09-04"",""birth_year"":2006,""draft_pick"":"""",""draft_type"":""PDN"",""draft_year"":2024,""legacy_key"":""ricky-mentha""}",draft_pick,False,no_current_or_historical_scoring_games+not_recent_unplayed_draftee
147,afl-player-v1-937133d2dc41d511ffe3,riley-bice,Riley Bice,Collingwood Magpies,G-DEF,matched,Riley Bice,Sydney,G-DEF,"{""birth_date"":""2000-09-26"",""birth_year"":2000,""draft_pick"":41,""draft_type"":""ND"",""draft_year"":2024,""legacy_key"":""riley-bice""}",,True,
220,afl-player-v1-fa4da742489a33e816d0,riley-garcia,Riley Garcia,Essendon Bombers,"MID,G-FWD",matched,Riley Garcia,Western Bulldogs,G-FWD,"{""birth_date"":""2001-01-30"",""birth_year"":2001,""draft_pick"":62,""draft_type"":""ND"",""draft_year"":2019,""legacy_key"":""riley-garcia""}",,True,
258,afl-player-v1-c13e1f14b2b069c3f78f,riley-hamilton,Riley Hamilton,Free agents,"G-FWD,MID",matched,Riley Hamilton,GWS,G-FWD,"{""birth_date"":""2006-08-15"",""birth_year"":2006,""draft_pick"":"""",""draft_type"":""PDA"",""draft_year"":2025,""legacy_key"":""riley-hamilton""}",draft_pick,False,no_current_or_historical_scoring_games+not_recent_unplayed_draftee
683,afl-player-v1-f292ff8cfcb27ae2b30a,riley-hardeman,Riley Hardeman,Sydney Swans,G-DEF,matched,Riley Hardeman,North Melbourne,G-DEF,"{""birth_date"":""2005-02-27"",""birth_year"":2005,""draft_pick"":23,""draft_type"":""ND"",""draft_year"":2023,""legacy_key"":""riley-hardeman""}",,True,
368,afl-player-v1-e77509535621c2f18fc4,riley-onley,Riley Onley,Geelong Cats,MID,matched,Riley Onley,Melbourne,MID,"{""birth_date"":""2000-01-01"",""birth_year"":2000,""draft_pick"":2,""draft_type"":""RD"",""draft_year"":2025,""legacy_key"":""riley-onley""}",,True,
449,afl-player-v1-a2337d2b6345bdb9ed5e,riley-thilthorpe,Riley Thilthorpe,Melbourne Demons,"G-FWD,K-FWD",matched,Riley Thilthorpe,Adelaide,K-FWD,"{""birth_date"":""2002-07-07"",""birth_year"":2002,""draft_pick"":2,""draft_type"":""ND"",""draft_year"":2020,""legacy_key"":""riley-thilthorpe""}",,True,
291,afl-player-v1-e771eb4c731c953b5b51,river-stevens,River Stevens,Free agents,"G-FWD,MID",matched,River Stevens,North Melbourne,G-FWD,"{""birth_date"":""2006-06-26"",""birth_year"":2006,""draft_pick"":67,""draft_type"":""ND"",""draft_year"":2024,""legacy_key"":""river-stevens""}",,True,
500,afl-player-v1-451494af145a38fdb298,roan-steele,Roan Steele,North Melbourne Kangaroos,MID,matched,Roan Steele,Collingwood,MID,"{""birth_date"":""2001-10-22"",""birth_year"":2001,""draft_pick"":8,""draft_type"":""MSD"",""draft_year"":2025,""legacy_key"":""roan-steele""}",,True,
282,afl-player-v1-3a8550ac8af5ca190c13,rob-monahan,Rob Monahan,Free agents,G-DEF,matched,Rob Monahan,Carlton,G-DEF,"{""birth_date"":""2004-06-29"",""birth_year"":2004,""draft_pick"":"""",""draft_type"":""IRE"",""draft_year"":2023,""legacy_key"":""rob-monahan""}",draft_pick,False,no_current_or_historical_scoring_games+no_recent_activity_signal+not_recent_unplayed_draftee
717,afl-player-v1-10a5ccc7fb51a2b2e034,robert-hansen,Robert Hansen,West Coast Eagles,"MID,G-FWD",matched,Robert Hansen,North Melbourne,G-FWD,"{""birth_date"":""2004-03-13"",""birth_year"":2004,""draft_pick"":2,""draft_type"":""MSD"",""draft_year"":2023,""legacy_key"":""robert-hansen""}",,True,
526,afl-player-v1-e3e6c7a99658440d99ac,rory-laird,Rory Laird,North Melbourne Kangaroos,G-DEF,matched,Rory Laird,Adelaide,G-DEF,"{""birth_date"":""1993-12-29"",""birth_year"":1993,""draft_pick"":11,""draft_type"":""RD"",""draft_year"":2011,""legacy_key"":""rory-laird""}",,True,
551,afl-player-v1-e354e8f4a32723da0375,rory-lobb,Rory Lobb,Port Adelaide Power,"G-DEF,K-DEF",matched,Rory Lobb,GWS,K-DEF,"{""birth_date"":""1993-02-09"",""birth_year"":1993,""draft_pick"":29,""draft_type"":""ND"",""draft_year"":2013,""legacy_key"":""rory-lobb""}",,True,
561,afl-player-v1-0dbc2d44e3412f13c2b1,rowan-marshall,Rowan Marshall,Port Adelaide Power,"RUCK,K-FWD",matched,Rowan Marshall,St Kilda,RUCK,"{""birth_date"":""1995-11-24"",""birth_year"":1995,""draft_pick"":9,""draft_type"":""RD"",""draft_year"":2016,""legacy_key"":""rowan-marshall""}",,True,
424,afl-player-v1-608669769f22160e551f,ryan-angwin,Ryan Angwin,Hawthorn Hawks,MID,matched,Ryan Angwin,GWS,MID,"{""birth_date"":""2002-12-12"",""birth_year"":2002,""draft_pick"":19,""draft_type"":""ND"",""draft_year"":2020,""legacy_key"":""ryan-angwin""}",,True,
10,afl-player-v1-cf1d0b8f5a720a46c06a,ryan-byrnes,Ryan Byrnes,Adelaide Crows,G-DEF,matched,Ryan Byrnes,St Kilda,G-DEF,"{""birth_date"":""2001-05-03"",""birth_year"":2001,""draft_pick"":52,""draft_type"":""ND"",""draft_year"":2019,""legacy_key"":""ryan-byrnes""}",,True,
255,afl-player-v1-9978daa48563b378b50f,ryan-gardner,Ryan Gardner,Free agents,"K-DEF,G-DEF",matched,Ryan Gardner,Geelong,K-DEF,"{""birth_date"":""1997-06-01"",""birth_year"":1997,""draft_pick"":58,""draft_type"":""ND"",""draft_year"":2015,""legacy_key"":""ryan-gardner""}",,True,
709,afl-player-v1-ac26f9acafae5ca8384a,ryan-lester,Ryan Lester,Sydney Swans,G-DEF,matched,Ryan Lester,Brisbane,K-DEF,"{""birth_date"":""1992-08-26"",""birth_year"":1992,""draft_pick"":36,""draft_type"":""ND"",""draft_year"":2010,""legacy_key"":""ryan-lester""}",,True,
655,afl-player-v1-438c94669f1f15473874,ryan-maric,Ryan Maric,St Kilda Saints,"G-DEF,MID",matched,Ryan Maric,West Coast,MID,"{""birth_date"":""2004-09-06"",""birth_year"":2004,""draft_pick"":1,""draft_type"":""MSD"",""draft_year"":2023,""legacy_key"":""ryan-maric""}",,True,
274,afl-player-v1-18c64bc1a192b51aba1a,ryda-luke,Ryda Luke,Free agents,G-FWD,matched,Ryda Luke,Fremantle,G-FWD,"{""birth_date"":""2007-09-19"",""birth_year"":2007,""draft_pick"":"""",""draft_type"":""PDN"",""draft_year"":2025,""legacy_key"":""ryda-luke""}",draft_pick,False,no_current_or_historical_scoring_games+not_recent_unplayed_draftee
699,afl-player-v1-5691b6e2d0faf55f8715,ryley-sanders,Ryley Sanders,Sydney Swans,"MID,G-FWD",matched,Ryley Sanders,Western Bulldogs,MID,"{""birth_date"":""2005-01-21"",""birth_year"":2005,""draft_pick"":6,""draft_type"":""ND"",""draft_year"":2023,""legacy_key"":""ryley-sanders""}",,True,
518,afl-player-v1-6de2114eafbe620e3fd5,saad-el-hawli,Saad El-Hawli,North Melbourne Kangaroos,MID,matched,Saad El-Hawli,Essendon,G-DEF,"{""birth_date"":""2001-05-15"",""birth_year"":2001,""draft_pick"":13,""draft_type"":""MSD"",""draft_year"":2024,""legacy_key"":""saad-el-hawli""}",,True,
707,afl-player-v1-5aad4aa1e2445dd70350,sam-allen,Sam Allen,Sydney Swans,"MID,G-FWD",matched,Sam Allen,West Coast,MID,"{""birth_date"":""2007-01-13"",""birth_year"":2007,""draft_pick"":29,""draft_type"":""ND"",""draft_year"":2025,""legacy_key"":""sam-allen""}",,True,
119,afl-player-v1-7448a1c18180c1de59e0,sam-banks,Sam Banks,Carlton Blues,"G-DEF,MID",matched,Sam Banks,Richmond,G-DEF,"{""birth_date"":""2003-04-02"",""birth_year"":2003,""draft_pick"":29,""draft_type"":""ND"",""draft_year"":2021,""legacy_key"":""sam-banks""}",,True,
701,afl-player-v1-212726adeb014d2063cf,sam-berry,Sam Berry,Sydney Swans,MID,matched,Sam Berry,Adelaide,MID,"{""birth_date"":""2002-02-12"",""birth_year"":2002,""draft_pick"":29,""draft_type"":""ND"",""draft_year"":2020,""legacy_key"":""sam-berry""}",,True,
585,afl-player-v1-171fdad958760b98dbb8,sam-butler-1,Sam Butler,Richmond Tigers,"MID,G-FWD",matched,Sam Butler,Hawthorn,G-FWD,"{""birth_date"":""2003-02-10"",""birth_year"":2003,""draft_pick"":23,""draft_type"":""ND"",""draft_year"":2021,""legacy_key"":""sam-butler-1""}",,True,
680,afl-player-v1-363a1efca11403c36771,sam-clohesy,Sam Clohesy,Sydney Swans,MID,matched,Sam Clohesy,Gold Coast,MID,"{""birth_date"":""2002-12-12"",""birth_year"":2002,""draft_pick"":3,""draft_type"":""RD"",""draft_year"":2023,""legacy_key"":""sam-clohesy""}",,True,
458,afl-player-v1-234a98bedf9e30668ee1,sam-cumming,Sam Cumming,Carlton Blues,MID,matched,Sam Cumming,Richmond,MID,"{""birth_date"":""2007-07-27"",""birth_year"":2007,""draft_pick"":7,""draft_type"":""ND"",""draft_year"":2025,""legacy_key"":""sam-cumming""}",,True,
3,afl-player-v1-762b0db67968a431f13b,sam-darcy,Sam Darcy,Adelaide Crows,"G-FWD,K-FWD",matched,Sam Darcy,Western Bulldogs,K-FWD,"{""birth_date"":""2003-07-19"",""birth_year"":2003,""draft_pick"":2,""draft_type"":""ND"",""draft_year"":2021,""legacy_key"":""sam-darcy""}",,True,
58,afl-player-v1-8623aaa7eb9f7e2a20e4,sam-davidson,Sam Davidson,Brisbane Lions,"MID,G-FWD",matched,Sam Davidson,Western Bulldogs,G-FWD,"{""birth_date"":""2001-12-13"",""birth_year"":2001,""draft_pick"":51,""draft_type"":""ND"",""draft_year"":2024,""legacy_key"":""sam-davidson""}",,True,
386,afl-player-v1-b1dc7c77c2ab6e66207d,sam-de-koning,Sam De Koning,Geelong Cats,"G-DEF,K-DEF",matched,Sam De Koning,Geelong,K-DEF,"{""birth_date"":""2001-02-26"",""birth_year"":2001,""draft_pick"":19,""draft_type"":""ND"",""draft_year"":2019,""legacy_key"":""sam-de-koning""}",,True,
514,afl-player-v1-a0b3ea7bd6d63a63235c,sam-draper,Sam Draper,North Melbourne Kangaroos,"RUCK,G-FWD,K-FWD",matched,Sam Draper,Essendon,RUCK,"{""birth_date"":""1998-09-28"",""birth_year"":1998,""draft_pick"":1,""draft_type"":""RD"",""draft_year"":2016,""legacy_key"":""sam-draper""}",,True,
739,afl-player-v1-dbd3e05880424b29dd77,sam-durham,Sam Durham,West Coast Eagles,"MID,G-FWD",matched,Sam Durham,Essendon,MID,"{""birth_date"":""2001-07-09"",""birth_year"":2001,""draft_pick"":9,""draft_type"":""MSD"",""draft_year"":2021,""legacy_key"":""sam-durham""}",,True,
37,afl-player-v1-225c5c03a81a8580efd3,sam-flanders,Sam Flanders,Adelaide Crows,"G-FWD,MID,G-DEF",matched,Sam Flanders,Gold Coast,MID,"{""birth_date"":""2001-07-24"",""birth_year"":2001,""draft_pick"":11,""draft_type"":""ND"",""draft_year"":2019,""legacy_key"":""sam-flanders""}",,True,
123,afl-player-v1-b797a7fefb7394990338,sam-lalor,Sam Lalor,Carlton Blues,"G-FWD,MID",matched,Sam Lalor,Richmond,MID,"{""birth_date"":""2006-08-30"",""birth_year"":2006,""draft_pick"":1,""draft_type"":""ND"",""draft_year"":2024,""legacy_key"":""sam-lalor""}",,True,
761,afl-player-v1-ed0abced88b9c67d7279,sam-marshall,Sam Marshall,Western Bulldogs,MID,matched,Sam Marshall,Brisbane,MID,"{""birth_date"":""2006-01-19"",""birth_year"":2006,""draft_pick"":25,""draft_type"":""ND"",""draft_year"":2024,""legacy_key"":""sam-marshall""}",,True,
33,afl-player-v1-9643ed01b474bed53c3a,sam-powell-pepper,Sam Powell-Pepper,Adelaide Crows,G-FWD,matched,Sam Powell-Pepper,Port Adelaide,G-FWD,"{""birth_date"":""1998-01-08"",""birth_year"":1998,""draft_pick"":18,""draft_type"":""ND"",""draft_year"":2016,""legacy_key"":""sam-powell-pepper""}",,True,
292,afl-player-v1-7d0919e8b1e6bb67a1a8,sam-sturt,Sam Sturt,Free agents,G-FWD,matched,Sam Sturt,Fremantle,G-FWD,"{""birth_date"":""2000-05-12"",""birth_year"":2000,""draft_pick"":17,""draft_type"":""ND"",""draft_year"":2018,""legacy_key"":""sam-sturt""}",,True,
702,afl-player-v1-b5939f9f51392e0dedbb,sam-switkowski,Sam Switkowski,Sydney Swans,G-FWD,matched,Sam Switkowski,Fremantle,G-FWD,"{""birth_date"":""1996-11-20"",""birth_year"":1996,""draft_pick"":72,""draft_type"":""ND"",""draft_year"":2017,""legacy_key"":""sam-switkowski""}",,True,
513,afl-player-v1-857aa1779d3df97c9dfc,sam-taylor,Sam Taylor,North Melbourne Kangaroos,"G-DEF,K-DEF",matched,Sam Taylor,GWS,K-DEF,"{""birth_date"":""1999-05-05"",""birth_year"":1999,""draft_pick"":28,""draft_type"":""ND"",""draft_year"":2017,""legacy_key"":""sam-taylor""}",,True,
45,afl-player-v1-77a1b0f46d9b5f8726c7,sam-walsh,Sam Walsh,Brisbane Lions,MID,matched,Sam Walsh,Carlton,MID,"{""birth_date"":""2000-07-02"",""birth_year"":2000,""draft_pick"":1,""draft_type"":""ND"",""draft_year"":2018,""legacy_key"":""sam-walsh""}",,True,
140,afl-player-v1-fb132efc63e911fae6c0,sam-wicks,Sam Wicks,Collingwood Magpies,G-DEF,matched,Sam Wicks,Sydney,G-DEF,"{""birth_date"":""1999-09-14"",""birth_year"":1999,""draft_pick"":"""",""draft_type"":""PDA"",""draft_year"":2018,""legacy_key"":""sam-wicks""}",draft_pick,True,
208,afl-player-v1-537ae4bc02e76416ccca,samson-ryan,Samson Ryan,West Coast Eagles,RUCK,matched,Samson Ryan,Richmond,RUCK,"{""birth_date"":""2000-12-09"",""birth_year"":2000,""draft_pick"":42,""draft_type"":""ND"",""draft_year"":2020,""legacy_key"":""samson-ryan""}",,True,
631,afl-player-v1-d67bc7b09cde11708fcd,samuel-collins,Samuel Collins,St Kilda Saints,"G-DEF,K-DEF",matched,Samuel Collins,Fremantle,K-DEF,"{""birth_date"":""1994-06-15"",""birth_year"":1994,""draft_pick"":54,""draft_type"":""ND"",""draft_year"":2015,""legacy_key"":""samuel-collins""}",,True,
143,afl-player-v1-896343cd9a0c539cb6e0,samuel-grlj,Samuel Grlj,Collingwood Magpies,"G-DEF,MID",matched,Samuel Grlj,Richmond,MID,"{""birth_date"":""2007-07-26"",""birth_year"":2007,""draft_pick"":8,""draft_type"":""ND"",""draft_year"":2025,""legacy_key"":""samuel-grlj""}",,True,
228,afl-player-v1-72d1e9ef09766768bcd4,samuel-swadling,Samuel Swadling,Essendon Bombers,MID,matched,Samuel Swadling,Collingwood,MID,"{""birth_date"":""2007-01-16"",""birth_year"":2007,""draft_pick"":37,""draft_type"":""ND"",""draft_year"":2025,""legacy_key"":""samuel-swadling""}",,True,
676,afl-player-v1-0b6733fa38a15da624bc,sandy-brock,Sandy Brock,Sydney Swans,"G-DEF,K-DEF",matched,Sandy Brock,Gold Coast,K-DEF,"{""birth_date"":""2002-12-14"",""birth_year"":2002,""draft_pick"":"""",""draft_type"":""PDA"",""draft_year"":2021,""legacy_key"":""sandy-brock""}",draft_pick,True,
487,afl-player-v1-7330b581090f31547712,scott-pendlebury,Scott Pendlebury,North Melbourne Kangaroos,MID,matched,Scott Pendlebury,,MID,"{""birth_date"":""1988-01-07"",""birth_year"":1988,""draft_pick"":5,""draft_type"":""ND"",""draft_year"":2005,""legacy_key"":""scott-pendlebury""}",,True,
144,afl-player-v1-83b07dc4285196c7239b,sean-darcy,Sean Darcy,Collingwood Magpies,RUCK,matched,Sean Darcy,Fremantle,RUCK,"{""birth_date"":""1998-06-12"",""birth_year"":1998,""draft_pick"":38,""draft_type"":""ND"",""draft_year"":2016,""legacy_key"":""sean-darcy""}",,True,
658,afl-player-v1-dba401cbb0209af741a0,seth-campbell,Seth Campbell,St Kilda Saints,G-FWD,matched,Seth Campbell,Richmond,G-FWD,"{""birth_date"":""2004-12-29"",""birth_year"":2004,""draft_pick"":4,""draft_type"":""RD"",""draft_year"":2022,""legacy_key"":""seth-campbell""}",,True,
226,afl-player-v1-328187a2e40f373c2a1e,shadeau-brain,Shadeau Brain,Essendon Bombers,G-DEF,matched,Shadeau Brain,Brisbane,G-DEF,"{""birth_date"":""2004-02-13"",""birth_year"":2004,""draft_pick"":"""",""draft_type"":""PDA"",""draft_year"":2022,""legacy_key"":""shadeau-brain""}",draft_pick,True,
651,afl-player-v1-6dc14b7a0d0df05565c8,shai-bolton,Shai Bolton,St Kilda Saints,"MID,G-FWD",matched,Shai Bolton,Richmond,G-FWD,"{""birth_date"":""1998-12-08"",""birth_year"":1998,""draft_pick"":29,""draft_type"":""ND"",""draft_year"":2016,""legacy_key"":""shai-bolton""}",,True,
374,afl-player-v1-945c3ad0f520c0dd489a,shannon-neale,Shannon Neale,Geelong Cats,"G-FWD,K-FWD",matched,Shannon Neale,Geelong,K-FWD,"{""birth_date"":""2002-07-25"",""birth_year"":2002,""draft_pick"":35,""draft_type"":""ND"",""draft_year"":2020,""legacy_key"":""shannon-neale""}",,True,
721,afl-player-v1-97a49cb582ddb5aeaaa1,shaun-mannagh,Shaun Mannagh,West Coast Eagles,G-FWD,matched,Shaun Mannagh,Geelong,G-FWD,"{""birth_date"":""1997-08-06"",""birth_year"":1997,""draft_pick"":36,""draft_type"":""ND"",""draft_year"":2023,""legacy_key"":""shaun-mannagh""}",,True,
447,afl-player-v1-384fa24082f2e4292c71,sid-draper,Sid Draper,Melbourne Demons,"MID,G-FWD",matched,Sid Draper,Adelaide,MID,"{""birth_date"":""2006-07-05"",""birth_year"":2006,""draft_pick"":4,""draft_type"":""ND"",""draft_year"":2024,""legacy_key"":""sid-draper""}",,True,
729,afl-player-v1-3a1a32f650dfcc82c760,steele-sidebottom,Steele Sidebottom,West Coast Eagles,MID,matched,Steele Sidebottom,Collingwood,MID,"{""birth_date"":""1991-01-02"",""birth_year"":1991,""draft_pick"":11,""draft_type"":""ND"",""draft_year"":2008,""legacy_key"":""steele-sidebottom""}",,True,
697,afl-player-v1-3793f7fb33c2d9e92cc8,steely-green,Steely Green,Sydney Swans,G-FWD,matched,Steely Green,Richmond,G-FWD,"{""birth_date"":""2004-01-09"",""birth_year"":2004,""draft_pick"":55,""draft_type"":""ND"",""draft_year"":2022,""legacy_key"":""steely-green""}",,True,
544,afl-player-v1-7fa57669a2ceda593183,stephen-coniglio,Stephen Coniglio,Port Adelaide Power,"MID,G-FWD",matched,Stephen Coniglio,GWS,MID,"{""birth_date"":""1993-12-15"",""birth_year"":1993,""draft_pick"":3,""draft_type"":""ND"",""draft_year"":2011,""legacy_key"":""stephen-coniglio""}",,True,
317,afl-player-v1-b80306d235d7edf322ad,sullivan-robey,Sullivan Robey,Fremantle Dockers,"MID,G-FWD",matched,Sullivan Robey,Essendon,MID,"{""birth_date"":""2007-10-04"",""birth_year"":2007,""draft_pick"":9,""draft_type"":""ND"",""draft_year"":2025,""legacy_key"":""sullivan-robey""}",,True,
405,afl-player-v1-8e2e6a62b231249ed929,tai-hayes,Tai Hayes,Hawthorn Hawks,"MID,G-FWD",matched,Tai Hayes,Brisbane,G-FWD,"{""birth_date"":""2004-11-18"",""birth_year"":2004,""draft_pick"":44,""draft_type"":""ND"",""draft_year"":2025,""legacy_key"":""tai-hayes""}",,True,
426,afl-player-v1-e902ab3fc23a7170ff83,taj-hotton,Taj Hotton,Hawthorn Hawks,G-FWD,matched,Taj Hotton,Richmond,MID,"{""birth_date"":""2006-06-17"",""birth_year"":2006,""draft_pick"":12,""draft_type"":""ND"",""draft_year"":2024,""legacy_key"":""taj-hotton""}",,True,
787,afl-player-v1-f23f5d01a5ebc72d7028,talor-byrne,Talor Byrne,Western Bulldogs,"MID,G-FWD",matched,Talor Byrne,Carlton,G-FWD,"{""birth_date"":""2007-11-14"",""birth_year"":2007,""draft_pick"":45,""draft_type"":""ND"",""draft_year"":2025,""legacy_key"":""talor-byrne""}",,True,
762,afl-player-v1-94cc915f2822092427ea,tanner-bruhn,Tanner Bruhn,Western Bulldogs,MID,matched,Tanner Bruhn,GWS,MID,"{""birth_date"":""2002-05-27"",""birth_year"":2002,""draft_pick"":12,""draft_type"":""ND"",""draft_year"":2020,""legacy_key"":""tanner-bruhn""}",,True,
623,afl-player-v1-cfdb2d66b7d42fbb410c,taylor-goad,Taylor Goad,Richmond Tigers,RUCK,matched,Taylor Goad,North Melbourne,RUCK,"{""birth_date"":""2005-04-28"",""birth_year"":2005,""draft_pick"":20,""draft_type"":""ND"",""draft_year"":2023,""legacy_key"":""taylor-goad""}",,True,
367,afl-player-v1-9d55ae026e35b795f6a5,taylor-walker,Taylor Walker,Geelong Cats,"G-FWD,K-FWD",matched,Taylor Walker,Adelaide,K-FWD,"{""birth_date"":""1990-04-25"",""birth_year"":1990,""draft_pick"":64,""draft_type"":""ND"",""draft_year"":2007,""legacy_key"":""taylor-walker""}",,True,
423,afl-player-v1-f1d2fecc3caa09a5302a,tew-jiath,Tew Jiath,Hawthorn Hawks,G-DEF,matched,Tew Jiath,Collingwood,G-DEF,"{""birth_date"":""2005-03-02"",""birth_year"":2005,""draft_pick"":37,""draft_type"":""ND"",""draft_year"":2023,""legacy_key"":""tew-jiath""}",,True,
102,afl-player-v1-441ecf4754260c89227e,thomas-burton,Thomas Burton,Carlton Blues,MID,matched,Thomas Burton,Richmond,G-FWD,"{""birth_date"":""2007-01-09"",""birth_year"":2007,""draft_pick"":"""",""draft_type"":""SSP"",""draft_year"":2025,""legacy_key"":""thomas-burton""}",draft_pick,True,
748,afl-player-v1-f470c8be8364b306c0bc,thomas-liberatore,Thomas Liberatore,West Coast Eagles,MID,matched,Thomas Liberatore,Western Bulldogs,MID,"{""birth_date"":""1992-05-16"",""birth_year"":1992,""draft_pick"":28,""draft_type"":""ND"",""draft_year"":2010,""legacy_key"":""thomas-liberatore""}",,True,
459,afl-player-v1-53f60d044b28fa287bb8,thomas-matthews,Thomas Matthews,Melbourne Demons,G-FWD,matched,Thomas Matthews,Melbourne,G-FWD,"{""birth_date"":""2007-02-28"",""birth_year"":2007,""draft_pick"":30,""draft_type"":""ND"",""draft_year"":2025,""legacy_key"":""thomas-matthews""}",,True,
439,afl-player-v1-9fd2c97e984a4411497b,thomas-sims,Thomas Sims,Hawthorn Hawks,"G-FWD,K-FWD",matched,Thomas Sims,Richmond,K-FWD,"{""birth_date"":""2006-05-12"",""birth_year"":2006,""draft_pick"":28,""draft_type"":""ND"",""draft_year"":2024,""legacy_key"":""thomas-sims""}",,True,
564,afl-player-v1-c746361adb86ff960c48,thomas-stewart,Thomas Stewart,Port Adelaide Power,G-DEF,matched,Thomas Stewart,Geelong,G-DEF,"{""birth_date"":""1993-03-15"",""birth_year"":1993,""draft_pick"":40,""draft_type"":""ND"",""draft_year"":2016,""legacy_key"":""thomas-stewart""}",,True,
625,afl-player-v1-f7adb7c2cf1d0b3af926,tim-kelly,Tim Kelly,St Kilda Saints,"MID,G-FWD",matched,Tim Kelly,Geelong,MID,"{""birth_date"":""1994-07-26"",""birth_year"":1994,""draft_pick"":24,""draft_type"":""ND"",""draft_year"":2017,""legacy_key"":""tim-kelly""}",,True,
538,afl-player-v1-2f8f4a2bfa1014ab44a3,tim-membrey,Tim Membrey,Port Adelaide Power,"G-FWD,K-FWD",matched,Tim Membrey,Sydney,K-FWD,"{""birth_date"":""1994-05-26"",""birth_year"":1994,""draft_pick"":49,""draft_type"":""ND"",""draft_year"":2012,""legacy_key"":""tim-membrey""}",,True,
757,afl-player-v1-54454854204fc68ab355,tim-taranto,Tim Taranto,West Coast Eagles,MID,matched,Tim Taranto,GWS,MID,"{""birth_date"":""1998-01-28"",""birth_year"":1998,""draft_pick"":2,""draft_type"":""ND"",""draft_year"":2016,""legacy_key"":""tim-taranto""}",,True,
36,afl-player-v1-6d1a84a432c2cd83dd4a,timothy-english,Timothy English,Adelaide Crows,RUCK,matched,Timothy English,Western Bulldogs,RUCK,"{""birth_date"":""1997-08-10"",""birth_year"":1997,""draft_pick"":19,""draft_type"":""ND"",""draft_year"":2016,""legacy_key"":""timothy-english""}",,True,
463,afl-player-v1-fd58640c5c54f6f75fdf,tobie-travaglia,Tobie Travaglia,Melbourne Demons,"G-DEF,MID",matched,Tobie Travaglia,St Kilda,G-DEF,"{""birth_date"":""2006-10-26"",""birth_year"":2006,""draft_pick"":8,""draft_type"":""ND"",""draft_year"":2024,""legacy_key"":""tobie-travaglia""}",,True,
67,afl-player-v1-d31ac1b67446aee6f5bc,toby-bedford,Toby Bedford,Brisbane Lions,"MID,G-FWD",matched,Toby Bedford,Melbourne,G-FWD,"{""birth_date"":""2000-05-27"",""birth_year"":2000,""draft_pick"":75,""draft_type"":""ND"",""draft_year"":2018,""legacy_key"":""toby-bedford""}",,True,
222,afl-player-v1-ebb0d070891ccae50bb0,toby-conway,Toby Conway,Essendon Bombers,RUCK,matched,Toby Conway,Geelong,RUCK,"{""birth_date"":""2003-04-24"",""birth_year"":2003,""draft_pick"":24,""draft_type"":""ND"",""draft_year"":2021,""legacy_key"":""toby-conway""}",,True,
501,afl-player-v1-d26e334058cc256353fa,toby-greene,Toby Greene,North Melbourne Kangaroos,"G-FWD,MID",matched,Toby Greene,GWS,G-FWD,"{""birth_date"":""1993-09-25"",""birth_year"":1993,""draft_pick"":18,""draft_type"":""ND"",""draft_year"":2011,""legacy_key"":""toby-greene""}",,True,
465,afl-player-v1-69c7ff7f3226b9bbf10b,toby-mcmullin,Toby McMullin,Melbourne Demons,MID,matched,Toby McMullin,GWS,G-FWD,"{""birth_date"":""2004-08-06"",""birth_year"":2004,""draft_pick"":34,""draft_type"":""ND"",""draft_year"":2022,""legacy_key"":""toby-mcmullin""}",,True,
41,afl-player-v1-5bb790d99ccfd80d2422,toby-murray,Toby Murray,Adelaide Crows,"G-FWD,K-FWD,RUCK",matched,Toby Murray,Adelaide,K-FWD,"{""birth_date"":""2003-11-03"",""birth_year"":2003,""draft_pick"":7,""draft_type"":""MSD"",""draft_year"":2024,""legacy_key"":""toby-murray""}",,True,
223,afl-player-v1-be68446913746449d2a2,toby-nankervis,Toby Nankervis,West Coast Eagles,RUCK,matched,Toby Nankervis,Sydney,RUCK,"{""birth_date"":""1994-08-12"",""birth_year"":1994,""draft_pick"":35,""draft_type"":""ND"",""draft_year"":2013,""legacy_key"":""toby-nankervis""}",,True,
286,afl-player-v1-ac916c5a414684518bb0,toby-pink,Toby Pink,Free agents,"K-DEF,G-DEF",matched,Toby Pink,Sydney,K-DEF,"{""birth_date"":""1998-08-11"",""birth_year"":1998,""draft_pick"":38,""draft_type"":""RD"",""draft_year"":2016,""legacy_key"":""toby-pink""}",,True,
622,afl-player-v1-91f9428225d3cfc1cd51,toby-whan,Toby Whan,Richmond Tigers,MID,matched,Toby Whan,Fremantle,G-FWD,"{""birth_date"":""2007-05-09"",""birth_year"":2007,""draft_pick"":"""",""draft_type"":""PDN"",""draft_year"":2025,""legacy_key"":""toby-whan""}",draft_pick,False,no_current_or_historical_scoring_games+not_recent_unplayed_draftee
186,afl-player-v1-0ba4f535cce6ff129607,tobyn-murray,Tobyn Murray,West Coast Eagles,G-FWD,matched,Tobyn Murray,Fremantle,G-FWD,"{""birth_date"":""2005-05-05"",""birth_year"":2005,""draft_pick"":40,""draft_type"":""ND"",""draft_year"":2025,""legacy_key"":""tobyn-murray""}",,True,
29,afl-player-v1-362f152fd27e70a71f51,todd-marshall,Todd Marshall,Adelaide Crows,"K-FWD,K-DEF",matched,Todd Marshall,Port Adelaide,K-FWD,"{""birth_date"":""1998-10-08"",""birth_year"":1998,""draft_pick"":16,""draft_type"":""ND"",""draft_year"":2016,""legacy_key"":""todd-marshall""}",,True,
231,afl-player-v1-3fc4eb156cc43a803d65,thomas-anastasopoulos,Tom Anastasopoulos,Free agents,G-FWD,matched,Tom Anastasopoulos,Port Adelaide,G-FWD,"{""birth_date"":""2005-05-31"",""birth_year"":2005,""draft_pick"":48,""draft_type"":""ND"",""draft_year"":2023,""legacy_key"":""thomas-anastasopoulos""}",,True,
563,afl-player-v1-9900e16ea0f47957de5c,tom-atkins,Tom Atkins,Port Adelaide Power,MID,matched,Tom Atkins,Geelong,MID,"{""birth_date"":""1995-09-18"",""birth_year"":1995,""draft_pick"":8,""draft_type"":""RD"",""draft_year"":2018,""legacy_key"":""tom-atkins""}",,True,
54,afl-player-v1-03bbba3884d3b4e86743,tom-barrass,Tom Barrass,Brisbane Lions,"G-DEF,K-DEF",matched,Tom Barrass,West Coast,K-DEF,"{""birth_date"":""1995-10-08"",""birth_year"":1995,""draft_pick"":43,""draft_type"":""ND"",""draft_year"":2013,""legacy_key"":""tom-barrass""}",,True,
599,afl-player-v1-4af5ff1d6c0a57d3f39a,tom-blamires,Tom Blamires,Richmond Tigers,"G-DEF,MID",matched,Tom Blamires,North Melbourne,G-DEF,"{""birth_date"":""2002-08-13"",""birth_year"":2002,""draft_pick"":"""",""draft_type"":""SSP"",""draft_year"":2025,""legacy_key"":""tom-blamires""}",draft_pick,True,
125,afl-player-v1-ee139bbbe6a42b1463b1,tom-brown,Tom Brown,Carlton Blues,G-DEF,matched,Tom Brown,Richmond,G-DEF,"{""birth_date"":""2003-07-30"",""birth_year"":2003,""draft_pick"":17,""draft_type"":""ND"",""draft_year"":2021,""legacy_key"":""tom-brown""}",,True,
189,afl-player-v1-278353acbb4f3993808e,tom-cochrane,Tom Cochrane,Essendon Bombers,G-FWD,matched,Tom Cochrane,Port Adelaide,G-FWD,"{""birth_date"":""2006-01-27"",""birth_year"":2006,""draft_pick"":6,""draft_type"":""RD"",""draft_year"":2024,""legacy_key"":""tom-cochrane""}",,True,
558,afl-player-v1-c3ab45a033553100f573,tom-cole,Tom Cole,Port Adelaide Power,G-DEF,matched,Tom Cole,West Coast,G-DEF,"{""birth_date"":""1997-05-28"",""birth_year"":1997,""draft_pick"":36,""draft_type"":""ND"",""draft_year"":2015,""legacy_key"":""tom-cole""}",,True,
207,afl-player-v1-f264b9550d46c3b1d3f6,tom-de-koning,Tom De Koning,Essendon Bombers,RUCK,matched,Tom De Koning,Carlton,RUCK,"{""birth_date"":""1999-07-16"",""birth_year"":1999,""draft_pick"":30,""draft_type"":""ND"",""draft_year"":2017,""legacy_key"":""tom-de-koning""}",,True,
249,afl-player-v1-b3b7c6ccc9df2c916e34,tom-doedee,Tom Doedee,Free agents,G-DEF,matched,Tom Doedee,Adelaide,G-DEF,"{""birth_date"":""1997-03-01"",""birth_year"":1997,""draft_pick"":17,""draft_type"":""ND"",""draft_year"":2015,""legacy_key"":""tom-doedee""}",,True,
251,afl-player-v1-c04d11ebfbfcc241e844,tom-edwards,Tom Edwards,Free agents,"K-FWD,G-FWD",matched,Tom Edwards,Essendon,K-FWD,"{""birth_date"":""2000-05-20"",""birth_year"":2000,""draft_pick"":"""",""draft_type"":""SSP"",""draft_year"":2024,""legacy_key"":""tom-edwards""}",draft_pick,True,
201,afl-player-v1-f2cb672f595be33fd283,tom-green,Tom Green,Essendon Bombers,MID,matched,Tom Green,GWS,MID,"{""birth_date"":""2001-01-23"",""birth_year"":2001,""draft_pick"":10,""draft_type"":""ND"",""draft_year"":2019,""legacy_key"":""tom-green""}",,True,
482,afl-player-v1-49320c2b53b16d7c4195,tom-gross,Tom Gross,Melbourne Demons,"MID,G-FWD",matched,Tom Gross,West Coast,MID,"{""birth_date"":""2006-09-15"",""birth_year"":2006,""draft_pick"":46,""draft_type"":""ND"",""draft_year"":2024,""legacy_key"":""tom-gross""}",,True,
605,afl-player-v1-dcc2ca577262469eb75b,tom-hanily,Tom Hanily,Richmond Tigers,G-FWD,matched,Tom Hanily,Sydney,G-FWD,"{""birth_date"":""2005-05-31"",""birth_year"":2005,""draft_pick"":14,""draft_type"":""MSD"",""draft_year"":2024,""legacy_key"":""tom-hanily""}",,True,
31,afl-player-v1-2f78d22f48bc1dcda5da,tom-lynch-1,Tom Lynch,Adelaide Crows,"G-FWD,K-FWD",matched,Tom Lynch,Gold Coast,K-FWD,"{""birth_date"":""1992-10-31"",""birth_year"":1992,""draft_pick"":12,""draft_type"":""ND"",""draft_year"":2010,""legacy_key"":""tom-lynch-1""}",,True,
441,afl-player-v1-f6b273b240ecc1e56ea8,tom-mccarthy,Tom McCarthy,Melbourne Demons,G-DEF,matched,Tom McCarthy,West Coast,G-DEF,"{""birth_date"":""2000-07-12"",""birth_year"":2000,""draft_pick"":1,""draft_type"":""MSD"",""draft_year"":2025,""legacy_key"":""tom-mccarthy""}",,True,
698,afl-player-v1-109270d490b83c704afb,tom-mccartin,Tom McCartin,Sydney Swans,"G-DEF,K-DEF",matched,Tom McCartin,Sydney,K-DEF,"{""birth_date"":""1999-12-30"",""birth_year"":1999,""draft_pick"":33,""draft_type"":""ND"",""draft_year"":2017,""legacy_key"":""tom-mccartin""}",,True,
358,afl-player-v1-3c835dd107884340772b,tom-mcdonald,Tom McDonald,Geelong Cats,"G-DEF,K-DEF",matched,Tom McDonald,Melbourne,K-DEF,"{""birth_date"":""1992-09-18"",""birth_year"":1992,""draft_pick"":65,""draft_type"":""ND"",""draft_year"":2010,""legacy_key"":""tom-mcdonald""}",,True,
355,afl-player-v1-895ed18bb574e12877aa,tom-papley,Tom Papley,Geelong Cats,G-FWD,matched,Tom Papley,Sydney,G-FWD,"{""birth_date"":""1996-07-13"",""birth_year"":1996,""draft_pick"":11,""draft_type"":""RD"",""draft_year"":2015,""legacy_key"":""tom-papley""}",,True,
108,afl-player-v1-00c3832708c5db482c28,tom-powell,Tom Powell,Carlton Blues,"MID,G-FWD",matched,Tom Powell,North Melbourne,G-FWD,"{""birth_date"":""2002-03-02"",""birth_year"":2002,""draft_pick"":13,""draft_type"":""ND"",""draft_year"":2020,""legacy_key"":""tom-powell""}",,True,
684,afl-player-v1-255d45ce53af9a6a07e4,tom-sparrow,Tom Sparrow,Sydney Swans,"G-FWD,MID",matched,Tom Sparrow,Melbourne,MID,"{""birth_date"":""2000-05-31"",""birth_year"":2000,""draft_pick"":27,""draft_type"":""ND"",""draft_year"":2018,""legacy_key"":""tom-sparrow""}",,True,
372,afl-player-v1-c61603f67b0ce6706e05,touk-miller,Touk Miller,Geelong Cats,"MID,G-FWD",matched,Touk Miller,Gold Coast,MID,"{""birth_date"":""1996-02-22"",""birth_year"":1996,""draft_pick"":29,""draft_type"":""ND"",""draft_year"":2014,""legacy_key"":""touk-miller""}",,True,
767,afl-player-v1-92c19d79435c34d4b286,trent-rivers,Trent Rivers,Western Bulldogs,G-DEF,matched,Trent Rivers,Melbourne,G-DEF,"{""birth_date"":""2001-07-30"",""birth_year"":2001,""draft_pick"":32,""draft_type"":""ND"",""draft_year"":2019,""legacy_key"":""trent-rivers""}",,True,
672,afl-player-v1-925ceac71aac412ace23,tristan-xerri,Tristan Xerri,Sydney Swans,RUCK,matched,Tristan Xerri,North Melbourne,RUCK,"{""birth_date"":""1999-03-15"",""birth_year"":1999,""draft_pick"":71,""draft_type"":""ND"",""draft_year"":2017,""legacy_key"":""tristan-xerri""}",,True,
4,afl-player-v1-d81b5ca8e2ca0494ccfa,ty-gallop,Ty Gallop,Adelaide Crows,"G-FWD,K-FWD,K-DEF,G-DEF",matched,Ty Gallop,Brisbane,K-FWD,"{""birth_date"":""2006-02-09"",""birth_year"":2006,""draft_pick"":42,""draft_type"":""ND"",""draft_year"":2024,""legacy_key"":""ty-gallop""}",,True,
305,afl-player-v1-06d57f98203becdb27a7,tyan-prindable,Tyan Prindable,Fremantle Dockers,MID,matched,Tyan Prindable,Collingwood,MID,"{""birth_date"":""2007-01-25"",""birth_year"":2007,""draft_pick"":32,""draft_type"":""ND"",""draft_year"":2025,""legacy_key"":""tyan-prindable""}",,True,
81,afl-player-v1-6ee5771dc5cb49ab69e0,tylah-williams,Tylah Williams,Melbourne Demons,"MID,G-FWD",matched,Tylah Williams,West Coast,G-FWD,"{""birth_date"":""2007-02-22"",""birth_year"":2007,""draft_pick"":39,""draft_type"":""ND"",""draft_year"":2025,""legacy_key"":""tylah-williams""}",,True,
617,afl-player-v1-7d7158ee81a3adbb37f2,tylar-young,Tylar Young,Richmond Tigers,"G-DEF,K-DEF",matched,Tylar Young,Richmond,K-DEF,"{""birth_date"":""1998-09-05"",""birth_year"":1998,""draft_pick"":11,""draft_type"":""RD"",""draft_year"":2022,""legacy_key"":""tylar-young""}",,True,
457,afl-player-v1-422fa02891468213fe42,tyler-brockman,Tyler Brockman,Free Agents,G-FWD,matched,Tyler Brockman,Hawthorn,G-FWD,"{""birth_date"":""2002-11-22"",""birth_year"":2002,""draft_pick"":48,""draft_type"":""ND"",""draft_year"":2020,""legacy_key"":""tyler-brockman""}",,True,
214,afl-player-v1-19af711156146e5fdfa9,tyler-sonsie,Tyler Sonsie,Essendon Bombers,"MID,G-FWD",matched,Tyler Sonsie,Richmond,MID,"{""birth_date"":""2003-01-27"",""birth_year"":2003,""draft_pick"":28,""draft_type"":""ND"",""draft_year"":2021,""legacy_key"":""tyler-sonsie""}",,True,
481,afl-player-v1-e835a8155b9ccf6abc14,tyler-welsh,Tyler Welsh,Melbourne Demons,"G-FWD,K-FWD",matched,Tyler Welsh,Adelaide,K-FWD,"{""birth_date"":""2006-08-15"",""birth_year"":2006,""draft_pick"":59,""draft_type"":""ND"",""draft_year"":2024,""legacy_key"":""tyler-welsh""}",,True,
483,afl-player-v1-c239986e76a611a9b0a9,tyrell-dewar,Tyrell Dewar,Melbourne Demons,"G-DEF,MID",matched,Tyrell Dewar,West Coast,G-DEF,"{""birth_date"":""2004-03-27"",""birth_year"":2004,""draft_pick"":"""",""draft_type"":""PDN"",""draft_year"":2022,""legacy_key"":""tyrell-dewar""}",draft_pick,True,
641,afl-player-v1-784487b132fbd42fc311,tyson-stengle,Tyson Stengle,St Kilda Saints,G-FWD,matched,Tyson Stengle,Richmond,G-FWD,"{""birth_date"":""1998-10-19"",""birth_year"":1998,""draft_pick"":5,""draft_type"":""RD"",""draft_year"":2016,""legacy_key"":""tyson-stengle""}",,True,
114,afl-player-v1-a09b83c45ebe68a91de0,vigo-visentini,Vigo Visentini,Carlton Blues,RUCK,matched,Vigo Visentini,Essendon,RUCK,"{""birth_date"":""2005-09-05"",""birth_year"":2005,""draft_pick"":6,""draft_type"":""RD"",""draft_year"":2023,""legacy_key"":""vigo-visentini""}",,True,
780,afl-player-v1-72c73d5280805d2ddd58,wade-derksen,Wade Derksen,Western Bulldogs,"G-DEF,K-DEF",matched,Wade Derksen,GWS,K-DEF,"{""birth_date"":""2001-06-18"",""birth_year"":2001,""draft_pick"":5,""draft_type"":""MSD"",""draft_year"":2022,""legacy_key"":""wade-derksen""}",,True,
714,afl-player-v1-c45c54f44f4a8a49409b,wayne-milera,Wayne Milera,Sydney Swans,G-DEF,matched,Wayne Milera,Adelaide,G-DEF,"{""birth_date"":""1997-09-14"",""birth_year"":1997,""draft_pick"":11,""draft_type"":""ND"",""draft_year"":2015,""legacy_key"":""wayne-milera""}",,True,
168,afl-player-v1-788b838249581ccea794,wil-dawson,Wil Dawson,Collingwood Magpies,"G-DEF,K-DEF",matched,Wil Dawson,North Melbourne,K-DEF,"{""birth_date"":""2005-12-20"",""birth_year"":2005,""draft_pick"":22,""draft_type"":""ND"",""draft_year"":2023,""legacy_key"":""wil-dawson""}",,True,
765,afl-player-v1-bbc4fa1d66b431694808,wil-parker,Wil Parker,Western Bulldogs,G-DEF,matched,Wil Parker,,G-DEF,"{""birth_date"":""2002-05-29"",""birth_year"":2002,""draft_pick"":"""",""draft_type"":""UNR"",""draft_year"":2023,""legacy_key"":""wil-parker""}",draft_pick,True,
24,afl-player-v1-f6c1419e3347c583c2bb,wil-powell,Wil Powell,Adelaide Crows,"G-DEF,MID",matched,Wil Powell,Gold Coast,G-DEF,"{""birth_date"":""1999-08-26"",""birth_year"":1999,""draft_pick"":19,""draft_type"":""ND"",""draft_year"":2017,""legacy_key"":""wil-powell""}",,True,
135,afl-player-v1-12cdb476c70ab6740733,will-ashcroft,Will Ashcroft,Carlton Blues,MID,matched,Will Ashcroft,Brisbane,MID,"{""birth_date"":""2004-05-06"",""birth_year"":2004,""draft_pick"":2,""draft_type"":""ND"",""draft_year"":2022,""legacy_key"":""will-ashcroft""}",,True,
76,afl-player-v1-6b93a2ceea43974fa1bd,will-brodie,Will Brodie,Brisbane Lions,MID,matched,Will Brodie,Gold Coast,MID,"{""birth_date"":""1998-08-23"",""birth_year"":1998,""draft_pick"":9,""draft_type"":""ND"",""draft_year"":2016,""legacy_key"":""will-brodie""}",,True,
315,afl-player-v1-5687d8e6e904034d48c6,will-darcy,Will Darcy,Fremantle Dockers,"G-DEF,G-FWD,K-FWD,K-DEF",matched,Will Darcy,Western Bulldogs,K-DEF,"{""birth_date"":""2007-03-14"",""birth_year"":2007,""draft_pick"":58,""draft_type"":""ND"",""draft_year"":2025,""legacy_key"":""will-darcy""}",,True,
612,afl-player-v1-db32b01dc9266718b9db,will-day,Will Day,Richmond Tigers,MID,matched,Will Day,Hawthorn,MID,"{""birth_date"":""2001-06-05"",""birth_year"":2001,""draft_pick"":13,""draft_type"":""ND"",""draft_year"":2019,""legacy_key"":""will-day""}",,True,
211,afl-player-v1-c422d50e8bcb629acb87,will-edwards,Will Edwards,Essendon Bombers,"G-DEF,K-DEF",matched,Will Edwards,Sydney,K-DEF,"{""birth_date"":""2003-05-08"",""birth_year"":2003,""draft_pick"":"""",""draft_type"":""PDA"",""draft_year"":2022,""legacy_key"":""will-edwards""}",draft_pick,True,
395,afl-player-v1-41f3419530669bee00b4,will-graham,Will Graham,Hawthorn Hawks,"G-FWD,MID",matched,Will Graham,Gold Coast,G-FWD,"{""birth_date"":""2005-07-27"",""birth_year"":2005,""draft_pick"":26,""draft_type"":""ND"",""draft_year"":2023,""legacy_key"":""will-graham""}",,True,
206,afl-player-v1-844e63ee5e564d6a075a,will-green,Will Green,Essendon Bombers,RUCK,matched,Will Green,Sydney,RUCK,"{""birth_date"":""2005-09-08"",""birth_year"":2005,""draft_pick"":16,""draft_type"":""ND"",""draft_year"":2023,""legacy_key"":""will-green""}",,False,no_current_or_historical_scoring_games+no_recent_activity_signal+not_recent_unplayed_draftee
163,afl-player-v1-b9e8379037385c8cee5b,will-hayes-b,Will Hayes,Collingwood Magpies,G-FWD,matched,Will Hayes,Collingwood,G-FWD,"{""birth_date"":""2006-05-16"",""birth_year"":2006,""draft_pick"":56,""draft_type"":""ND"",""draft_year"":2024,""legacy_key"":""will-hayes-b""}",,True,
35,afl-player-v1-f5c68ed3e427786f2d4b,will-hayward,Will Hayward,Adelaide Crows,G-FWD,matched,Will Hayward,Sydney,G-FWD,"{""birth_date"":""1998-10-26"",""birth_year"":1998,""draft_pick"":21,""draft_type"":""ND"",""draft_year"":2016,""legacy_key"":""will-hayward""}",,True,
678,afl-player-v1-01667c9cd5c02dca5a97,will-lewis,Will Lewis,Sydney Swans,"G-FWD,K-FWD",matched,Will Lewis,Western Bulldogs,K-FWD,"{""birth_date"":""1999-05-05"",""birth_year"":1999,""draft_pick"":"""",""draft_type"":""SSP"",""draft_year"":2025,""legacy_key"":""will-lewis""}",draft_pick,True,
588,afl-player-v1-864a3f3dc5570a8b459a,will-lorenz,Will Lorenz,Richmond Tigers,MID,matched,Will Lorenz,Port Adelaide,MID,"{""birth_date"":""2005-02-19"",""birth_year"":2005,""draft_pick"":57,""draft_type"":""ND"",""draft_year"":2023,""legacy_key"":""will-lorenz""}",,True,
278,afl-player-v1-c73511bdd0f0c794b14b,will-mclachlan,Will McLachlan,Free agents,G-FWD,matched,Will McLachlan,Brisbane,G-FWD,"{""birth_date"":""2005-04-13"",""birth_year"":2005,""draft_pick"":6,""draft_type"":""MSD"",""draft_year"":2024,""legacy_key"":""will-mclachlan""}",,True,
84,afl-player-v1-8a3c5b55484488853e0b,will-setterfield,Will Setterfield,Brisbane Lions,MID,matched,Will Setterfield,GWS,MID,"{""birth_date"":""1998-02-05"",""birth_year"":1998,""draft_pick"":5,""draft_type"":""ND"",""draft_year"":2016,""legacy_key"":""will-setterfield""}",,True,
40,afl-player-v1-c0e33467ecaecc45a77a,willem-drew,Willem Drew,Adelaide Crows,MID,matched,Willem Drew,Port Adelaide,MID,"{""birth_date"":""1998-10-01"",""birth_year"":1998,""draft_pick"":33,""draft_type"":""ND"",""draft_year"":2016,""legacy_key"":""willem-drew""}",,True,
338,afl-player-v1-0eb1e4c909a009f45d6e,willem-duursma,Willem Duursma,Fremantle Dockers,MID,matched,Willem Duursma,West Coast,MID,"{""birth_date"":""2007-06-21"",""birth_year"":2007,""draft_pick"":1,""draft_type"":""ND"",""draft_year"":2025,""legacy_key"":""willem-duursma""}",,True,
430,afl-player-v1-67e6cade08e751a52e59,william-mccabe,William McCabe,Hawthorn Hawks,"G-DEF,K-DEF",matched,William McCabe,Hawthorn,K-FWD,"{""birth_date"":""2005-09-29"",""birth_year"":2005,""draft_pick"":19,""draft_type"":""ND"",""draft_year"":2023,""legacy_key"":""william-mccabe""}",,True,
583,afl-player-v1-f1b93c65c9f4fcaec365,xavier-bamert,Xavier Bamert,Richmond Tigers,MID,matched,Xavier Bamert,Port Adelaide,G-FWD,"{""birth_date"":""2007-01-29"",""birth_year"":2007,""draft_pick"":5,""draft_type"":""MSD"",""draft_year"":2026,""legacy_key"":""xavier-bamert""}",,True,
519,afl-player-v1-b47e5cb1968d77000570,xavier-duursma,Xavier Duursma,North Melbourne Kangaroos,MID,matched,Xavier Duursma,Port Adelaide,MID,"{""birth_date"":""2000-07-07"",""birth_year"":2000,""draft_pick"":18,""draft_type"":""ND"",""draft_year"":2018,""legacy_key"":""xavier-duursma""}",,True,
778,afl-player-v1-279d78b79a766963d4c9,xavier-lindsay,Xavier Lindsay,Western Bulldogs,"MID,G-DEF",matched,Xavier Lindsay,Melbourne,G-DEF,"{""birth_date"":""2006-08-03"",""birth_year"":2006,""draft_pick"":11,""draft_type"":""ND"",""draft_year"":2024,""legacy_key"":""xavier-lindsay""}",,True,
679,afl-player-v1-5e8ea652229ac10e25c6,xavier-o-halloran,Xavier O'Halloran,Sydney Swans,"MID,G-FWD",matched,Xavier O'Halloran,GWS,G-FWD,"{""birth_date"":""2000-07-11"",""birth_year"":2000,""draft_pick"":22,""draft_type"":""ND"",""draft_year"":2018,""legacy_key"":""xavier-o-halloran""}",,True,
581,afl-player-v1-1f09c43ab0e1bffce94e,xavier-taylor,Xavier Taylor,Richmond Tigers,G-DEF,matched,Xavier Taylor,Melbourne,G-DEF,"{""birth_date"":""2007-01-30"",""birth_year"":2007,""draft_pick"":11,""draft_type"":""ND"",""draft_year"":2025,""legacy_key"":""xavier-taylor""}",,True,
300,afl-player-v1-05a96e95396f8da03c89,xavier-walsh,Xavier Walsh,Free agents,"K-FWD,G-FWD",matched,Xavier Walsh,Port Adelaide,K-DEF,"{""birth_date"":""2005-09-06"",""birth_year"":2005,""draft_pick"":7,""draft_type"":""RD"",""draft_year"":2023,""legacy_key"":""xavier-walsh""}",,False,no_current_or_historical_scoring_games+no_recent_activity_signal+not_recent_unplayed_draftee
507,afl-player-v1-7378cac294e3a212a182,zac-bailey,Zac Bailey,North Melbourne Kangaroos,"MID,G-FWD",matched,Zac Bailey,Brisbane,G-FWD,"{""birth_date"":""1999-09-23"",""birth_year"":1999,""draft_pick"":15,""draft_type"":""ND"",""draft_year"":2017,""legacy_key"":""zac-bailey""}",,True,
234,afl-player-v1-60766faf78e6bdf2be35,zac-banch,Zac Banch,Free agents,G-FWD,matched,Zac Banch,North Melbourne,G-FWD,"{""birth_date"":""2003-07-21"",""birth_year"":2003,""draft_pick"":2,""draft_type"":""MSD"",""draft_year"":2025,""legacy_key"":""zac-banch""}",,True,
569,afl-player-v1-0275b689ff4d0b651b11,zac-fisher,Zac Fisher,Port Adelaide Power,G-FWD,matched,Zac Fisher,Carlton,G-FWD,"{""birth_date"":""1998-06-15"",""birth_year"":1998,""draft_pick"":27,""draft_type"":""ND"",""draft_year"":2016,""legacy_key"":""zac-fisher""}",,True,
747,afl-player-v1-f1dd0d74e23a537ae659,zac-mccarthy,Zac McCarthy,West Coast Eagles,"RUCK,G-FWD,K-FWD",matched,Zac McCarthy,Collingwood,K-FWD,"{""birth_date"":""2007-10-27"",""birth_year"":2007,""draft_pick"":55,""draft_type"":""ND"",""draft_year"":2025,""legacy_key"":""zac-mccarthy""}",,True,
777,afl-player-v1-b61bed0bbace15b1aa56,zac-taylor,Zac Taylor,Western Bulldogs,G-FWD,matched,Zac Taylor,Adelaide,G-FWD,"{""birth_date"":""2003-01-31"",""birth_year"":2003,""draft_pick"":44,""draft_type"":""ND"",""draft_year"":2021,""legacy_key"":""zac-taylor""}",,True,
299,afl-player-v1-8ed1d0f2e2b3a1d83438,zac-walker,Zac Walker,Free agents,"K-DEF,G-DEF",matched,Zac Walker,Western Bulldogs,G-DEF,"{""birth_date"":""2006-03-03"",""birth_year"":2006,""draft_pick"":12,""draft_type"":""MSD"",""draft_year"":2025,""legacy_key"":""zac-walker""}",,False,no_current_or_historical_scoring_games+not_recent_unplayed_draftee
377,afl-player-v1-5427cd4da7218df98938,zach-guthrie,Zach Guthrie,Geelong Cats,G-DEF,matched,Zach Guthrie,Geelong,G-DEF,"{""birth_date"":""1998-06-30"",""birth_year"":1998,""draft_pick"":25,""draft_type"":""RD"",""draft_year"":2016,""legacy_key"":""zach-guthrie""}",,True,
407,afl-player-v1-232fe142fd503fe9ba47,zach-reid,Zach Reid,Hawthorn Hawks,"G-DEF,K-DEF",matched,Zach Reid,Essendon,K-DEF,"{""birth_date"":""2002-03-02"",""birth_year"":2002,""draft_pick"":10,""draft_type"":""ND"",""draft_year"":2020,""legacy_key"":""zach-reid""}",,True,
753,afl-player-v1-4a82f8ccfdbd058d9358,zachary-merrett,Zachary Merrett,West Coast Eagles,MID,matched,Zachary Merrett,Essendon,MID,"{""birth_date"":""1995-10-03"",""birth_year"":1995,""draft_pick"":26,""draft_type"":""ND"",""draft_year"":2013,""legacy_key"":""zachary-merrett""}",,True,
662,afl-player-v1-c429049c86bb22e10b9a,zachary-williams,Zachary Williams,St Kilda Saints,"G-FWD,G-DEF",matched,Zachary Williams,GWS,G-DEF,"{""birth_date"":""1994-09-20"",""birth_year"":1994,""draft_pick"":"""",""draft_type"":""PDA"",""draft_year"":2012,""legacy_key"":""zachary-williams""}",draft_pick,True,
366,afl-player-v1-c653d76482fdb79e1ef0,zak-butters,Zak Butters,Geelong Cats,MID,matched,Zak Butters,Port Adelaide,MID,"{""birth_date"":""2000-09-08"",""birth_year"":2000,""draft_pick"":12,""draft_type"":""ND"",""draft_year"":2018,""legacy_key"":""zak-butters""}",,True,
252,afl-player-v1-7eaa6baad537022a4c42,zak-evans,Zak Evans,Free agents,MID,matched,Zak Evans,Gold Coast,MID,"{""birth_date"":""2000-03-26"",""birth_year"":2000,""draft_pick"":"""",""draft_type"":""UNR"",""draft_year"":2024,""legacy_key"":""zak-evans""}",draft_pick,False,no_current_or_historical_scoring_games+not_recent_unplayed_draftee
618,afl-player-v1-d279ab89fc8d4fe8bde1,zak-johnson,Zak Johnson,Richmond Tigers,G-DEF,matched,Zak Johnson,Essendon,G-DEF,"{""birth_date"":""2006-12-24"",""birth_year"":2006,""draft_pick"":70,""draft_type"":""ND"",""draft_year"":2024,""legacy_key"":""zak-johnson""}",,True,
590,afl-player-v1-a2dce67dd6716ef00ac7,zane-duursma,Zane Duursma,Richmond Tigers,"G-DEF,G-FWD",matched,Zane Duursma,North Melbourne,G-FWD,"{""birth_date"":""2005-08-28"",""birth_year"":2005,""draft_pick"":4,""draft_type"":""ND"",""draft_year"":2023,""legacy_key"":""zane-duursma""}",,True,
94,afl-player-v1-9d46cc1ec1cb3092cfa7,zane-peucker,Zane Peucker,Carlton Blues,"MID,G-FWD",matched,Zane Peucker,Richmond,G-FWD,"{""birth_date"":""2007-12-04"",""birth_year"":2007,""draft_pick"":31,""draft_type"":""ND"",""draft_year"":2025,""legacy_key"":""zane-peucker""}",,True,
337,afl-player-v1-e30dbe4081998f54d1c8,zane-zakostelsky,Zane Zakostelsky,Fremantle Dockers,"G-DEF,RUCK,K-DEF",matched,Zane Zakostelsky,Brisbane,K-DEF,"{""birth_date"":""2005-12-14"",""birth_year"":2005,""draft_pick"":51,""draft_type"":""ND"",""draft_year"":2023,""legacy_key"":""zane-zakostelsky""}",,True,
344,afl-player-v1-6864d3b68960de314967,zeke-uwland,Zeke Uwland,Fremantle Dockers,"G-DEF,MID",matched,Zeke Uwland,Gold Coast,G-DEF,"{""birth_date"":""2007-04-24"",""birth_year"":2007,""draft_pick"":2,""draft_type"":""ND"",""draft_year"":2025,""legacy_key"":""zeke-uwland""}",,True,
