source_row,stable_player_id,legacy_key,player_name,affl_team,eligibilities,match_status,legacy_name,legacy_afl_club,legacy_eligibilities,identity_evidence_json,missing_identity_evidence,previous_vnext_included,previous_vnext_exclusion_reason
609,afl-player-v1-4e4aba980a507c437f78,aaron-cadman,Aaron Cadman,Richmond Tigers,"G-FWD,K-FWD",matched,Aaron Cadman,GWS,K-FWD,"{""birth_date"":""2004-03-03"",""birth_year"":2004,""draft_pick"":1,""draft_type"":""ND"",""draft_year"":2022,""legacy_key"":""aaron-cadman""}",,True,
705,afl-player-v1-8f3aa1080752eb0e534b,aaron-naughton,Aaron Naughton,Sydney Swans,"G-FWD,K-FWD",matched,Aaron Naughton,Western Bulldogs,K-FWD,"{""birth_date"":""1999-11-30"",""birth_year"":1999,""draft_pick"":9,""draft_type"":""ND"",""draft_year"":2017,""legacy_key"":""aaron-naughton""}",,True,
711,afl-player-v1-963c8126427fc70e52df,adam-sweid,Adam Sweid,Sydney Swans,MID,matched,Adam Sweid,Fremantle,G-FWD,"{""birth_date"":""2007-09-14"",""birth_year"":2007,""draft_pick"":25,""draft_type"":""ND"",""draft_year"":2025,""legacy_key"":""adam-sweid""}",,True,
735,afl-player-v1-f4e0edae401d0ec0c617,adam-treloar,Adam Treloar,West Coast Eagles,"MID,G-FWD",matched,Adam Treloar,GWS,MID,"{""birth_date"":""1993-03-09"",""birth_year"":1993,""draft_pick"":15,""draft_type"":""ND"",""draft_year"":2011,""legacy_key"":""adam-treloar""}",,True,
357,afl-player-v1-4296b7b2f29741debd64,aidan-corr,Aidan Corr,Geelong Cats,"G-DEF,K-DEF",matched,Aidan Corr,GWS,K-DEF,"{""birth_date"":""1994-05-17"",""birth_year"":1994,""draft_pick"":18,""draft_type"":""ND"",""draft_year"":2012,""legacy_key"":""aidan-corr""}",,True,
265,afl-player-v1-0a02f9846d125256999b,aidan-johnson,Aidan Johnson,Free agents,"K-FWD,G-FWD",matched,Aidan Johnson,Melbourne,K-FWD,"{""birth_date"":""2000-03-09"",""birth_year"":2000,""draft_pick"":68,""draft_type"":""ND"",""draft_year"":2024,""legacy_key"":""aidan-johnson""}",,True,
328,afl-player-v1-1bb3cfdf101d072c0ae7,aidan-schubert,Aidan Schubert,Fremantle Dockers,"RUCK,G-FWD,K-FWD",matched,Aidan Schubert,Hawthorn,K-FWD,"{""birth_date"":""2007-12-21"",""birth_year"":2007,""draft_pick"":23,""draft_type"":""ND"",""draft_year"":2025,""legacy_key"":""aidan-schubert""}",,True,
435,afl-player-v1-5324fc165b53ca98463b,alex-dodson,Alex Dodson,Hawthorn Hawks,K-FWD,matched,Alex Dodson,St Kilda,RUCK,"{""birth_date"":""2006-06-15"",""birth_year"":2006,""draft_pick"":53,""draft_type"":""ND"",""draft_year"":2024,""legacy_key"":""alex-dodson""}",,True,
380,afl-player-v1-e8789b39cd0b6f475b7d,alex-pearce,Alex Pearce,Geelong Cats,"G-DEF,K-DEF",matched,Alex Pearce,Fremantle,K-DEF,"{""birth_date"":""1995-06-09"",""birth_year"":1995,""draft_pick"":37,""draft_type"":""ND"",""draft_year"":2013,""legacy_key"":""alex-pearce""}",,True,
520,afl-player-v1-331b344b0d63646c51eb,aliir-aliir,Aliir Aliir,North Melbourne Kangaroos,"G-DEF,K-DEF",matched,Aliir Aliir,Sydney,K-DEF,"{""birth_date"":""1994-09-05"",""birth_year"":1994,""draft_pick"":44,""draft_type"":""ND"",""draft_year"":2013,""legacy_key"":""aliir-aliir""}",,True,
779,afl-player-v1-adec4d952bcbc52767f5,alix-tauru,Alix Tauru,Western Bulldogs,"G-DEF,K-DEF,K-FWD,G-FWD",matched,Alix Tauru,St Kilda,K-DEF,"{""birth_date"":""2006-11-16"",""birth_year"":2006,""draft_pick"":10,""draft_type"":""ND"",""draft_year"":2024,""legacy_key"":""alix-tauru""}",,True,
129,afl-player-v1-c399795725e17c13dffb,angus-clarke,Angus Clarke,Carlton Blues,"G-DEF,MID",matched,Angus Clarke,Essendon,G-DEF,"{""birth_date"":""2006-05-08"",""birth_year"":2006,""draft_pick"":39,""draft_type"":""ND"",""draft_year"":2024,""legacy_key"":""angus-clarke""}",,True,
152,afl-player-v1-0c5db9d8bac56d9b7fa4,anthony-caminiti,Anthony Caminiti,Collingwood Magpies,"G-DEF,K-DEF,K-FWD,G-FWD",matched,Anthony Caminiti,St Kilda,K-FWD,"{""birth_date"":""2003-12-09"",""birth_year"":2003,""draft_pick"":"""",""draft_type"":""SSP"",""draft_year"":2022,""legacy_key"":""anthony-caminiti""}",draft_pick,True,
32,afl-player-v1-bccb2c78d58984d7d91d,archer-day-wicks,Archer Day-Wicks,Adelaide Crows,"G-FWD,MID",matched,Archer Day-Wicks,Essendon,G-FWD,"{""birth_date"":""2006-05-13"",""birth_year"":2006,""draft_pick"":2,""draft_type"":""RD"",""draft_year"":2024,""legacy_key"":""archer-day-wicks""}",,True,
452,afl-player-v1-5543420881712362758e,archer-reid,Archer Reid,Melbourne Demons,"G-FWD,K-FWD",matched,Archer Reid,West Coast,K-FWD,"{""birth_date"":""2005-09-19"",""birth_year"":2005,""draft_pick"":30,""draft_type"":""ND"",""draft_year"":2023,""legacy_key"":""archer-reid""}",,True,
309,afl-player-v1-d5ca041c63ab84bc8fd8,archie-ludowyke,Archie Ludowyke,Fremantle Dockers,"G-FWD,K-FWD",matched,Archie Ludowyke,Adelaide,K-FWD,"{""birth_date"":""2007-11-19"",""birth_year"":2007,""draft_pick"":50,""draft_type"":""ND"",""draft_year"":2025,""legacy_key"":""archie-ludowyke""}",,True,
18,afl-player-v1-6ed18956cf1378582d16,arthur-jones,Arthur Jones,Adelaide Crows,"MID,G-FWD",matched,Arthur Jones,Western Bulldogs,G-FWD,"{""birth_date"":""2003-07-18"",""birth_year"":2003,""draft_pick"":43,""draft_type"":""ND"",""draft_year"":2021,""legacy_key"":""arthur-jones""}",,True,
773,afl-player-v1-9f45e63fb7a10ebbb1d4,bailey-humphrey,Bailey Humphrey,Western Bulldogs,"MID,G-FWD",matched,Bailey Humphrey,Gold Coast,G-FWD,"{""birth_date"":""2004-09-11"",""birth_year"":2004,""draft_pick"":6,""draft_type"":""ND"",""draft_year"":2022,""legacy_key"":""bailey-humphrey""}",,True,
682,afl-player-v1-d8c86c5bdaf14f79a1b2,bailey-williams-wc,Bailey J. Williams,Sydney Swans,"RUCK,G-FWD,K-FWD",matched,Bailey J. Williams,West Coast,RUCK,"{""birth_date"":""2000-04-17"",""birth_year"":2000,""draft_pick"":35,""draft_type"":""ND"",""draft_year"":2018,""legacy_key"":""bailey-williams-wc""}",,True,
141,afl-player-v1-2bb1c4575ccd8c7ba202,bailey-williams-wb,Bailey Williams,Collingwood Magpies,"G-DEF,MID",matched,Bailey Williams,Western Bulldogs,G-DEF,"{""birth_date"":""1997-10-10"",""birth_year"":1997,""draft_pick"":48,""draft_type"":""ND"",""draft_year"":2015,""legacy_key"":""bailey-williams-wb""}",,True,
673,afl-player-v1-8aa63d4c934e87e4fb62,ben-king,Ben King,Sydney Swans,"G-FWD,K-FWD",matched,Ben King,Gold Coast,K-FWD,"{""birth_date"":""2000-07-07"",""birth_year"":2000,""draft_pick"":6,""draft_type"":""ND"",""draft_year"":2018,""legacy_key"":""ben-king""}",,True,
752,afl-player-v1-fa34fb409dec46427a9a,ben-mckay,Ben McKay,West Coast Eagles,"G-DEF,K-DEF",matched,Ben McKay,North Melbourne,K-DEF,"{""birth_date"":""1997-12-24"",""birth_year"":1997,""draft_pick"":21,""draft_type"":""ND"",""draft_year"":2015,""legacy_key"":""ben-mckay""}",,True,
687,afl-player-v1-b75b9dd65a15a8ffab49,ben-miller,Ben Miller,Sydney Swans,"G-DEF,K-DEF",matched,Ben Miller,Richmond,K-DEF,"{""birth_date"":""1999-08-31"",""birth_year"":1999,""draft_pick"":62,""draft_type"":""ND"",""draft_year"":2017,""legacy_key"":""ben-miller""}",,True,
190,afl-player-v1-d72d04026b85e58dfc06,billy-dowling,Billy Dowling,Essendon Bombers,"MID,G-FWD",matched,Billy Dowling,Adelaide,G-FWD,"{""birth_date"":""2004-07-01"",""birth_year"":2004,""draft_pick"":43,""draft_type"":""ND"",""draft_year"":2022,""legacy_key"":""billy-dowling""}",,True,
57,afl-player-v1-88cc3d546296baa70767,billy-frampton,Billy Frampton,Brisbane Lions,"G-DEF,K-DEF",matched,Billy Frampton,Port Adelaide,K-DEF,"{""birth_date"":""1996-11-20"",""birth_year"":1996,""draft_pick"":74,""draft_type"":""ND"",""draft_year"":2014,""legacy_key"":""billy-frampton""}",,True,
335,afl-player-v1-df6adfebbf5e3baac9a4,blake-thredgold,Blake Thredgold,Fremantle Dockers,"G-DEF,K-DEF",matched,Blake Thredgold,North Melbourne,K-DEF,"{""birth_date"":""2007-08-27"",""birth_year"":2007,""draft_pick"":26,""draft_type"":""ND"",""draft_year"":2025,""legacy_key"":""blake-thredgold""}",,True,
462,afl-player-v1-2dd3ccd0e1b4dff6e11a,bo-allan,Bo Allan,Melbourne Demons,"G-DEF,MID",matched,Bo Allan,West Coast,G-DEF,"{""birth_date"":""2006-02-16"",""birth_year"":2006,""draft_pick"":16,""draft_type"":""ND"",""draft_year"":2024,""legacy_key"":""bo-allan""}",,True,
549,afl-player-v1-1d780d19cc3efbbf3552,bradley-hill,Bradley Hill,Port Adelaide Power,"MID,G-FWD",matched,Bradley Hill,Hawthorn,G-FWD,"{""birth_date"":""1993-07-09"",""birth_year"":1993,""draft_pick"":45,""draft_type"":""ND"",""draft_year"":2011,""legacy_key"":""bradley-hill""}",,True,
215,afl-player-v1-819de384d7f62bc800da,brady-hough,Brady Hough,Essendon Bombers,"G-DEF,MID",matched,Brady Hough,West Coast,G-DEF,"{""birth_date"":""2003-03-05"",""birth_year"":2003,""draft_pick"":31,""draft_type"":""ND"",""draft_year"":2021,""legacy_key"":""brady-hough""}",,True,
221,afl-player-v1-f0d7b341f83d6023fd8b,braeden-campbell,Braeden Campbell,Essendon Bombers,G-FWD,matched,Braeden Campbell,Sydney,G-DEF,"{""birth_date"":""2002-02-04"",""birth_year"":2002,""draft_pick"":5,""draft_type"":""ND"",""draft_year"":2020,""legacy_key"":""braeden-campbell""}",,True,
301,afl-player-v1-43045f12f382767201cd,brandon-zerk-thatcher,Brandon Zerk-Thatcher,Free agents,"K-DEF,G-DEF",matched,Brandon Zerk-Thatcher,Essendon,K-DEF,"{""birth_date"":""1998-08-25"",""birth_year"":1998,""draft_pick"":65,""draft_type"":""ND"",""draft_year"":2017,""legacy_key"":""brandon-zerk-thatcher""}",,True,
491,afl-player-v1-e92e7da190d06a68ff04,brayden-cook,Brayden Cook,North Melbourne Kangaroos,"MID,G-FWD",matched,Brayden Cook,Adelaide,MID,"{""birth_date"":""2002-07-18"",""birth_year"":2002,""draft_pick"":26,""draft_type"":""ND"",""draft_year"":2020,""legacy_key"":""brayden-cook""}",,True,
685,afl-player-v1-445f7f59f6834b843fec,brennan-cox,Brennan Cox,Sydney Swans,"G-DEF,K-DEF",matched,Brennan Cox,Fremantle,K-DEF,"{""birth_date"":""1998-08-13"",""birth_year"":1998,""draft_pick"":41,""draft_type"":""ND"",""draft_year"":2016,""legacy_key"":""brennan-cox""}",,True,
759,afl-player-v1-da6f8389b5a659e1eabe,brent-daniels,Brent Daniels,Essendon Bombers,"G-FWD,MID",matched,Brent Daniels,GWS,G-FWD,"{""birth_date"":""1999-03-09"",""birth_year"":1999,""draft_pick"":27,""draft_type"":""ND"",""draft_year"":2017,""legacy_key"":""brent-daniels""}",,True,
382,afl-player-v1-8206dd775d932c66ff19,brodie-kemp,Brodie Kemp,Geelong Cats,"G-FWD,K-FWD",matched,Brodie Kemp,Carlton,K-FWD,"{""birth_date"":""2001-05-01"",""birth_year"":2001,""draft_pick"":17,""draft_type"":""ND"",""draft_year"":2019,""legacy_key"":""brodie-kemp""}",,True,
61,afl-player-v1-221530aa5e5039c05e58,brody-mihocek,Brody Mihocek,Brisbane Lions,"G-FWD,K-FWD",matched,Brody Mihocek,Collingwood,K-FWD,"{""birth_date"":""1993-02-04"",""birth_year"":1993,""draft_pick"":20,""draft_type"":""RD"",""draft_year"":2017,""legacy_key"":""brody-mihocek""}",,True,
50,afl-player-v1-5c33c0ae50436bf7207b,buku-khamis,Buku Khamis,Brisbane Lions,"G-DEF,G-FWD,K-FWD,K-DEF",matched,Buku Khamis,Western Bulldogs,K-DEF,"{""birth_date"":""2000-03-24"",""birth_year"":2000,""draft_pick"":"""",""draft_type"":""PDN"",""draft_year"":2018,""legacy_key"":""buku-khamis""}",draft_pick,True,
256,afl-player-v1-fafdbcbe6d6e92c5a664,caleb-graham,Caleb Graham,Free agents,"K-DEF,G-DEF",matched,Caleb Graham,Gold Coast,K-DEF,"{""birth_date"":""2000-09-12"",""birth_year"":2000,""draft_pick"":71,""draft_type"":""ND"",""draft_year"":2018,""legacy_key"":""caleb-graham""}",,False,no_recent_activity_signal+not_recent_unplayed_draftee
271,afl-player-v1-e282f2d56c5a18a5f8a7,caleb-lewis,Caleb Lewis,Free agents,"K-FWD,G-FWD",matched,Caleb Lewis,Gold Coast,K-FWD,"{""birth_date"":""2003-09-29"",""birth_year"":2003,""draft_pick"":14,""draft_type"":""MSD"",""draft_year"":2025,""legacy_key"":""caleb-lewis""}",,False,no_current_or_historical_scoring_games+not_recent_unplayed_draftee
791,afl-player-v1-71421bf17a2b7d51e376,caleb-windsor,Caleb Windsor,Western Bulldogs,"G-DEF,MID",matched,Caleb Windsor,Melbourne,MID,"{""birth_date"":""2005-06-09"",""birth_year"":2005,""draft_pick"":7,""draft_type"":""ND"",""draft_year"":2023,""legacy_key"":""caleb-windsor""}",,True,
246,afl-player-v1-17f0b755996b041b69f4,callum-coleman-jones,Callum Coleman-Jones,Free agents,RUCK,matched,Callum Coleman-Jones,Richmond,K-FWD,"{""birth_date"":""1999-06-13"",""birth_year"":1999,""draft_pick"":20,""draft_type"":""ND"",""draft_year"":2017,""legacy_key"":""callum-coleman-jones""}",,True,
527,afl-player-v1-126dfd2722f326d411fd,callum-wilkie,Callum Wilkie,North Melbourne Kangaroos,"G-DEF,K-DEF",matched,Callum Wilkie,St Kilda,K-DEF,"{""birth_date"":""1996-03-10"",""birth_year"":1996,""draft_pick"":2,""draft_type"":""RD"",""draft_year"":2018,""legacy_key"":""callum-wilkie""}",,True,
166,afl-player-v1-d03a41a0d6c2f19380f3,calsher-dear,Calsher Dear,Collingwood Magpies,"G-FWD,K-FWD",matched,Calsher Dear,Hawthorn,K-FWD,"{""birth_date"":""2005-08-04"",""birth_year"":2005,""draft_pick"":56,""draft_type"":""ND"",""draft_year"":2023,""legacy_key"":""calsher-dear""}",,True,
398,afl-player-v1-cd052426fa39db3f0120,cameron-nairn,Cameron Nairn,Hawthorn Hawks,"MID,G-FWD",matched,Cameron Nairn,Hawthorn,G-FWD,"{""birth_date"":""2007-10-15"",""birth_year"":2007,""draft_pick"":20,""draft_type"":""ND"",""draft_year"":2025,""legacy_key"":""cameron-nairn""}",,True,
613,afl-player-v1-397ef921c11641ab2a61,cameron-zurhaar,Cameron Zurhaar,Richmond Tigers,"G-FWD,G-DEF",matched,Cameron Zurhaar,North Melbourne,G-FWD,"{""birth_date"":""1998-05-22"",""birth_year"":1998,""draft_pick"":10,""draft_type"":""RD"",""draft_year"":2016,""legacy_key"":""cameron-zurhaar""}",,True,
96,afl-player-v1-af1e6384eb8bd0db99b6,campbell-gray,Campbell Gray,Carlton Blues,"G-DEF,K-DEF,RUCK",matched,Campbell Gray,Richmond,K-DEF,"{""birth_date"":""2003-08-01"",""birth_year"":2003,""draft_pick"":16,""draft_type"":""MSD"",""draft_year"":2024,""legacy_key"":""campbell-gray""}",,True,
603,afl-player-v1-4a2df595cb1ba12b7a45,campbell-lake,Campbell Lake,Richmond Tigers,"G-FWD,MID",matched,Campbell Lake,St Kilda,G-FWD,"{""birth_date"":""2004-08-11"",""birth_year"":2004,""draft_pick"":7,""draft_type"":""MSD"",""draft_year"":2026,""legacy_key"":""campbell-lake""}",,True,
509,afl-player-v1-95e6edb27f0d4ea676f1,chad-warner,Chad Warner,North Melbourne Kangaroos,"MID,G-FWD",matched,Chad Warner,Sydney,MID,"{""birth_date"":""2001-05-19"",""birth_year"":2001,""draft_pick"":39,""draft_type"":""ND"",""draft_year"":2019,""legacy_key"":""chad-warner""}",,True,
95,afl-player-v1-b8bb99a0c8d9a611efd0,charlie-ballard,Charlie Ballard,Carlton Blues,"G-DEF,K-DEF",matched,Charlie Ballard,Gold Coast,K-DEF,"{""birth_date"":""1999-07-23"",""birth_year"":1999,""draft_pick"":42,""draft_type"":""ND"",""draft_year"":2017,""legacy_key"":""charlie-ballard""}",,True,
484,afl-player-v1-87e4c971ec1689a965d6,charlie-banfield,Charlie Banfield,Melbourne Demons,"MID,G-FWD",matched,Charlie Banfield,St Kilda,MID,"{""birth_date"":""2007-07-18"",""birth_year"":2007,""draft_pick"":41,""draft_type"":""ND"",""draft_year"":2025,""legacy_key"":""charlie-banfield""}",,True,
9,afl-player-v1-a9f80c63a274e4e1bbb3,charlie-curnow,Charlie Curnow,Adelaide Crows,"G-FWD,K-FWD",matched,Charlie Curnow,Carlton,K-FWD,"{""birth_date"":""1997-02-03"",""birth_year"":1997,""draft_pick"":12,""draft_type"":""ND"",""draft_year"":2015,""legacy_key"":""charlie-curnow""}",,True,
437,afl-player-v1-e3101fd43facb6870d9a,charlie-edwards,Charlie Edwards,Hawthorn Hawks,"G-DEF,MID",matched,Charlie Edwards,Adelaide,MID,"{""birth_date"":""2005-05-18"",""birth_year"":2005,""draft_pick"":21,""draft_type"":""ND"",""draft_year"":2023,""legacy_key"":""charlie-edwards""}",,True,
400,afl-player-v1-6437310147a94494220e,charlie-nicholls,Charlie Nicholls,Hawthorn Hawks,"G-FWD,K-FWD",matched,Charlie Nicholls,Fremantle,K-FWD,"{""birth_date"":""2006-06-08"",""birth_year"":2006,""draft_pick"":34,""draft_type"":""ND"",""draft_year"":2024,""legacy_key"":""charlie-nicholls""}",,True,
789,afl-player-v1-d188bb0f21cc85bbd788,charlie-west,Charlie West,Western Bulldogs,"G-FWD,K-FWD",matched,Charlie West,Collingwood,K-FWD,"{""birth_date"":""2006-02-01"",""birth_year"":2006,""draft_pick"":50,""draft_type"":""ND"",""draft_year"":2024,""legacy_key"":""charlie-west""}",,True,
266,afl-player-v1-27b21d716a174d3d7a69,chayce-jones,Chayce Jones,Free agents,"G-DEF,MID",matched,Chayce Jones,Adelaide,MID,"{""birth_date"":""2000-01-14"",""birth_year"":2000,""draft_pick"":9,""draft_type"":""ND"",""draft_year"":2018,""legacy_key"":""chayce-jones""}",,True,
604,afl-player-v1-ce97654bb88ebc40ffe5,chris-scerri,Chris Scerri,Richmond Tigers,"G-FWD,MID",matched,Chris Scerri,Fremantle,G-FWD,"{""birth_date"":""2006-07-06"",""birth_year"":2006,""draft_pick"":"""",""draft_type"":""SSP"",""draft_year"":2025,""legacy_key"":""chris-scerri""}",draft_pick,True,
620,afl-player-v1-64ab25bfb0ad8838d8f5,christian-moraes,Christian Moraes,Richmond Tigers,"MID,G-FWD",matched,Christian Moraes,Port Adelaide,MID,"{""birth_date"":""2006-11-08"",""birth_year"":2006,""draft_pick"":38,""draft_type"":""ND"",""draft_year"":2024,""legacy_key"":""christian-moraes""}",,True,
750,afl-player-v1-fb186725cde9cc707a20,christian-petracca,Christian Petracca,West Coast Eagles,"MID,G-FWD",matched,Christian Petracca,Melbourne,MID,"{""birth_date"":""1996-01-04"",""birth_year"":1996,""draft_pick"":2,""draft_type"":""ND"",""draft_year"":2014,""legacy_key"":""christian-petracca""}",,True,
399,afl-player-v1-1567c17ff91df73eaaa2,cody-angove,Cody Angove,Hawthorn Hawks,G-FWD,matched,Cody Angove,GWS,MID,"{""birth_date"":""2006-05-28"",""birth_year"":2006,""draft_pick"":24,""draft_type"":""ND"",""draft_year"":2024,""legacy_key"":""cody-angove""}",,True,
628,afl-player-v1-fdb2a94cef6232ae9d2f,cody-curtin,Cody Curtin,St Kilda Saints,"G-FWD,K-FWD",matched,Cody Curtin,Brisbane,K-FWD,"{""birth_date"":""2007-05-18"",""birth_year"":2007,""draft_pick"":43,""draft_type"":""ND"",""draft_year"":2025,""legacy_key"":""cody-curtin""}",,True,
589,afl-player-v1-ec36ae407a5d9b9384e1,colby-mckercher,Colby McKercher,Richmond Tigers,"G-DEF,G-FWD",matched,Colby McKercher,North Melbourne,MID,"{""birth_date"":""2005-04-12"",""birth_year"":2005,""draft_pick"":2,""draft_type"":""ND"",""draft_year"":2023,""legacy_key"":""colby-mckercher""}",,True,
69,afl-player-v1-10478fc6854d4a00ac91,connor-budarick,Connor Budarick,Brisbane Lions,"G-FWD,G-DEF",matched,Connor Budarick,Gold Coast,G-DEF,"{""birth_date"":""2001-04-06"",""birth_year"":2001,""draft_pick"":11,""draft_type"":""RD"",""draft_year"":2019,""legacy_key"":""connor-budarick""}",,True,
768,afl-player-v1-6cade3f7f33048badf28,connor-o-sullivan,Connor O'Sullivan,Western Bulldogs,"G-DEF,K-DEF",matched,Connor O'Sullivan,Geelong,K-DEF,"{""birth_date"":""2005-05-19"",""birth_year"":2005,""draft_pick"":11,""draft_type"":""ND"",""draft_year"":2023,""legacy_key"":""connor-o-sullivan""}",,True,
38,afl-player-v1-03ee55a3db4377aa7023,connor-rozee,Connor Rozee,Adelaide Crows,"G-DEF,MID",matched,Connor Rozee,Port Adelaide,MID,"{""birth_date"":""2000-01-22"",""birth_year"":2000,""draft_pick"":5,""draft_type"":""ND"",""draft_year"":2018,""legacy_key"":""connor-rozee""}",,True,
237,afl-player-v1-bf7db2461bd138a98def,cooper-bell,Cooper Bell,Free agents,"K-FWD,K-DEF,G-FWD,G-DEF",matched,Cooper Bell,Gold Coast,K-DEF,"{""birth_date"":""2006-11-30"",""birth_year"":2006,""draft_pick"":49,""draft_type"":""ND"",""draft_year"":2024,""legacy_key"":""cooper-bell""}",,True,
343,afl-player-v1-966ce678436f2d41e439,cooper-duff-tytler,Cooper Duff-Tytler,Fremantle Dockers,"RUCK,G-FWD,K-FWD",matched,Cooper Duff-Tytler,West Coast,K-FWD,"{""birth_date"":""2007-08-22"",""birth_year"":2007,""draft_pick"":4,""draft_type"":""ND"",""draft_year"":2025,""legacy_key"":""cooper-duff-tytler""}",,True,
320,afl-player-v1-f7ee4c5cee3db83cf90b,cooper-hynes,Cooper Hynes,Fremantle Dockers,G-FWD,matched,Cooper Hynes,Western Bulldogs,MID,"{""birth_date"":""2006-02-28"",""birth_year"":2006,""draft_pick"":20,""draft_type"":""ND"",""draft_year"":2024,""legacy_key"":""cooper-hynes""}",,True,
42,afl-player-v1-49e7841acad14b2e2383,cooper-sharman,Cooper Sharman,Adelaide Crows,"G-FWD,K-FWD",matched,Cooper Sharman,St Kilda,K-FWD,"{""birth_date"":""2000-07-25"",""birth_year"":2000,""draft_pick"":20,""draft_type"":""MSD"",""draft_year"":2021,""legacy_key"":""cooper-sharman""}",,True,
594,afl-player-v1-4c67f2beca06a7bc6443,cooper-trembath,Cooper Trembath,Richmond Tigers,"G-FWD,K-FWD",matched,Cooper Trembath,North Melbourne,K-FWD,"{""birth_date"":""2005-10-17"",""birth_year"":2005,""draft_pick"":10,""draft_type"":""MSD"",""draft_year"":2025,""legacy_key"":""cooper-trembath""}",,True,
688,afl-player-v1-b863559cd3b5b300ab3e,corey-wagner,Corey Wagner,Sydney Swans,"MID,G-DEF",matched,Corey Wagner,North Melbourne,G-DEF,"{""birth_date"":""1997-03-23"",""birth_year"":1997,""draft_pick"":43,""draft_type"":""ND"",""draft_year"":2015,""legacy_key"":""corey-wagner""}",,True,
475,afl-player-v1-eac847169c7ae1525269,corey-warner,Corey Warner,Melbourne Demons,"MID,G-FWD",matched,Corey Warner,Sydney,G-FWD,"{""birth_date"":""2003-10-07"",""birth_year"":2003,""draft_pick"":40,""draft_type"":""ND"",""draft_year"":2021,""legacy_key"":""corey-warner""}",,True,
87,afl-player-v1-96295534a1df94d2044b,daniel-mcstay,Daniel McStay,Brisbane Lions,"G-FWD,K-FWD",matched,Daniel McStay,Brisbane,K-FWD,"{""birth_date"":""1995-06-24"",""birth_year"":1995,""draft_pick"":25,""draft_type"":""ND"",""draft_year"":2013,""legacy_key"":""daniel-mcstay""}",,True,
751,afl-player-v1-6bfc71843f2ecd457c94,daniel-turner,Daniel Turner,West Coast Eagles,"G-DEF,K-DEF",matched,Daniel Turner,Melbourne,K-DEF,"{""birth_date"":""2002-01-28"",""birth_year"":2002,""draft_pick"":22,""draft_type"":""MSD"",""draft_year"":2021,""legacy_key"":""daniel-turner""}",,True,
25,afl-player-v1-8406445026a762edd922,dante-visentini,Dante Visentini,Adelaide Crows,"RUCK,G-FWD,K-FWD",matched,Dante Visentini,Port Adelaide,RUCK,"{""birth_date"":""2003-02-13"",""birth_year"":2003,""draft_pick"":56,""draft_type"":""ND"",""draft_year"":2021,""legacy_key"":""dante-visentini""}",,True,
572,afl-player-v1-f2d3605fc71d7aa8d371,darcy-byrne-jones,Darcy Byrne-Jones,Port Adelaide Power,"G-FWD,G-DEF",matched,Darcy Byrne-Jones,Port Adelaide,G-DEF,"{""birth_date"":""1995-09-20"",""birth_year"":1995,""draft_pick"":50,""draft_type"":""ND"",""draft_year"":2013,""legacy_key"":""darcy-byrne-jones""}",,True,
568,afl-player-v1-258d2d81770b23a2a512,darcy-fogarty,Darcy Fogarty,Port Adelaide Power,"G-FWD,K-FWD",matched,Darcy Fogarty,Adelaide,K-FWD,"{""birth_date"":""1999-09-25"",""birth_year"":1999,""draft_pick"":12,""draft_type"":""ND"",""draft_year"":2017,""legacy_key"":""darcy-fogarty""}",,True,
354,afl-player-v1-58e657a00852c21c0ddf,darcy-gardiner,Darcy Gardiner,Geelong Cats,"G-DEF,K-FWD",matched,Darcy Gardiner,Brisbane,K-DEF,"{""birth_date"":""1995-09-22"",""birth_year"":1995,""draft_pick"":22,""draft_type"":""ND"",""draft_year"":2013,""legacy_key"":""darcy-gardiner""}",,True,
733,afl-player-v1-8cf5e493bdfae3733c6d,darcy-moore,Darcy Moore,Essendon Bombers,"G-DEF,K-DEF",matched,Darcy Moore,Collingwood,K-DEF,"{""birth_date"":""1996-01-25"",""birth_year"":1996,""draft_pick"":8,""draft_type"":""ND"",""draft_year"":2014,""legacy_key"":""darcy-moore""}",,True,
775,afl-player-v1-d06df65863958adcd922,darcy-wilson,Darcy Wilson,Western Bulldogs,"MID,G-FWD",matched,Darcy Wilson,St Kilda,G-FWD,"{""birth_date"":""2005-08-18"",""birth_year"":2005,""draft_pick"":18,""draft_type"":""ND"",""draft_year"":2023,""legacy_key"":""darcy-wilson""}",,True,
268,afl-player-v1-7555fe54ff67c19818b0,darragh-joyce,Darragh Joyce,Free agents,"K-DEF,G-DEF",matched,Darragh Joyce,St Kilda,K-DEF,"{""birth_date"":""1997-04-23"",""birth_year"":1997,""draft_pick"":"""",""draft_type"":""IRE"",""draft_year"":2016,""legacy_key"":""darragh-joyce""}",draft_pick,True,
466,afl-player-v1-eb806190ff707f002a41,deven-robertson,Deven Robertson,Melbourne Demons,"G-FWD,MID",matched,Deven Robertson,Brisbane,MID,"{""birth_date"":""2001-06-30"",""birth_year"":2001,""draft_pick"":22,""draft_type"":""ND"",""draft_year"":2019,""legacy_key"":""deven-robertson""}",,True,
689,afl-player-v1-7fe8fd54753702fa0287,dion-prestia,Dion Prestia,Sydney Swans,"MID,G-FWD",matched,Dion Prestia,Gold Coast,MID,"{""birth_date"":""1992-10-12"",""birth_year"":1992,""draft_pick"":10,""draft_type"":""ND"",""draft_year"":2010,""legacy_key"":""dion-prestia""}",,True,
567,afl-player-v1-185b7da86ed41cfa157e,dougal-howard,Dougal Howard,Port Adelaide Power,"G-DEF,K-DEF",matched,Dougal Howard,Port Adelaide,K-DEF,"{""birth_date"":""1996-03-25"",""birth_year"":1996,""draft_pick"":56,""draft_type"":""ND"",""draft_year"":2014,""legacy_key"":""dougal-howard""}",,True,
713,afl-player-v1-aa4d5b1969d471186a49,ed-langdon,Ed Langdon,Sydney Swans,"MID,G-FWD,G-DEF",matched,Ed Langdon,Fremantle,G-DEF,"{""birth_date"":""1996-02-01"",""birth_year"":1996,""draft_pick"":54,""draft_type"":""ND"",""draft_year"":2014,""legacy_key"":""ed-langdon""}",,True,
213,afl-player-v1-dc6b2cd7d48c8b4255bd,elijah-hollands,Elijah Hollands,Essendon Bombers,"G-FWD,MID",matched,Elijah Hollands,Gold Coast,G-FWD,"{""birth_date"":""2002-04-25"",""birth_year"":2002,""draft_pick"":7,""draft_type"":""ND"",""draft_year"":2020,""legacy_key"":""elijah-hollands""}",,True,
523,afl-player-v1-5ffdbf36d1697aac7ef8,elliot-yeo,Elliot Yeo,North Melbourne Kangaroos,"MID,G-FWD",matched,Elliot Yeo,Brisbane,MID,"{""birth_date"":""1993-10-01"",""birth_year"":1993,""draft_pick"":38,""draft_type"":""ND"",""draft_year"":2011,""legacy_key"":""elliot-yeo""}",,True,
262,afl-player-v1-a1ee363298e454ebcca4,elliot-himmelberg,Elliott Himmelberg,Free agents,"K-FWD,G-FWD",matched,Elliott Himmelberg,Adelaide,K-FWD,"{""birth_date"":""1998-06-04"",""birth_year"":1998,""draft_pick"":51,""draft_type"":""ND"",""draft_year"":2016,""legacy_key"":""elliot-himmelberg""}",,True,
49,afl-player-v1-b6a02cc47fed6efaa8c1,eric-hipwood,Eric Hipwood,Brisbane Lions,"G-FWD,K-FWD",matched,Eric Hipwood,Brisbane,K-FWD,"{""birth_date"":""1997-09-13"",""birth_year"":1997,""draft_pick"":14,""draft_type"":""ND"",""draft_year"":2015,""legacy_key"":""eric-hipwood""}",,True,
30,afl-player-v1-0b17edd7590d41b40abb,esava-ratugolea,Esava Ratugolea,Adelaide Crows,"G-DEF,K-DEF",matched,Esava Ratugolea,Geelong,K-DEF,"{""birth_date"":""1998-07-24"",""birth_year"":1998,""draft_pick"":43,""draft_type"":""ND"",""draft_year"":2016,""legacy_key"":""esava-ratugolea""}",,True,
635,afl-player-v1-a41bad0097cfdf996c85,ethan-read,Ethan Read,St Kilda Saints,"G-FWD,K-FWD",matched,Ethan Read,Gold Coast,K-FWD,"{""birth_date"":""2005-07-07"",""birth_year"":2005,""draft_pick"":9,""draft_type"":""ND"",""draft_year"":2023,""legacy_key"":""ethan-read""}",,True,
621,afl-player-v1-5693b0cd06fb01478444,ewan-mackinlay,Ewan Mackinlay,Richmond Tigers,"MID,G-FWD",matched,Ewan Mackinlay,Port Adelaide,G-FWD,"{""birth_date"":""2003-07-18"",""birth_year"":2003,""draft_pick"":11,""draft_type"":""MSD"",""draft_year"":2025,""legacy_key"":""ewan-mackinlay""}",,True,
393,afl-player-v1-0003b04679076982c85a,finlay-macrae,Finlay Macrae,Geelong Cats,"G-FWD,MID",matched,Finlay Macrae,Collingwood,MID,"{""birth_date"":""2002-03-13"",""birth_year"":2002,""draft_pick"":20,""draft_type"":""ND"",""draft_year"":2020,""legacy_key"":""finlay-macrae""}",,True,
170,afl-player-v1-fe72527f019221062fb2,finn-o-sullivan,Finn O'Sullivan,Collingwood Magpies,"G-DEF,MID",matched,Finn O'Sullivan,North Melbourne,MID,"{""birth_date"":""2006-05-30"",""birth_year"":2006,""draft_pick"":2,""draft_type"":""ND"",""draft_year"":2024,""legacy_key"":""finn-o-sullivan""}",,True,
212,afl-player-v1-4a32b31ca8fd0f3e2ff3,flynn-perez,Flynn Perez,Brisbane Lions,"MID,G-DEF",matched,Flynn Perez,North Melbourne,G-DEF,"{""birth_date"":"""",""birth_year"":2001,""draft_pick"":35,""draft_type"":""SSP"",""draft_year"":2025,""legacy_key"":""flynn-perez""}",birth_date,True,
99,afl-player-v1-02d79c04dde5aa58aa26,fred-rodriguez,Fred Rodriguez,Carlton Blues,G-FWD,matched,Fred Rodriguez,West Coast,MID,"{""birth_date"":""2000-01-01"",""birth_year"":2000,""draft_pick"":1,""draft_type"":""RD"",""draft_year"":2025,""legacy_key"":""fred-rodriguez""}",,True,
606,afl-player-v1-c3e6e956e025b6662560,griffin-logue,Griffin Logue,Richmond Tigers,"G-DEF,K-DEF",matched,Griffin Logue,Fremantle,K-DEF,"{""birth_date"":""1998-04-13"",""birth_year"":1998,""draft_pick"":8,""draft_type"":""ND"",""draft_year"":2016,""legacy_key"":""griffin-logue""}",,True,
161,afl-player-v1-70221165b1045d284cf1,harris-andrews,Harris Andrews,Collingwood Magpies,"G-DEF,K-DEF",matched,Harris Andrews,Brisbane,K-DEF,"{""birth_date"":""1996-12-11"",""birth_year"":1996,""draft_pick"":60,""draft_type"":""ND"",""draft_year"":2014,""legacy_key"":""harris-andrews""}",,True,
267,afl-player-v1-f7dc5d1887383e694d56,harrison-jones,Harrison Jones,Free agents,"K-FWD,G-FWD",matched,Harrison Jones,Essendon,K-FWD,"{""birth_date"":""2001-02-25"",""birth_year"":2001,""draft_pick"":30,""draft_type"":""ND"",""draft_year"":2019,""legacy_key"":""harrison-jones""}",,True,
385,afl-player-v1-798ef99c1a224797383e,harrison-petty,Harrison Petty,Geelong Cats,"G-FWD,K-FWD,G-DEF,K-DEF",matched,Harrison Petty,Melbourne,K-DEF,"{""birth_date"":""1999-11-12"",""birth_year"":1999,""draft_pick"":37,""draft_type"":""ND"",""draft_year"":2017,""legacy_key"":""harrison-petty""}",,True,
17,afl-player-v1-72ecc1bfe9f72efec4eb,harrison-ramm,Harrison Ramm,Adelaide Crows,"G-DEF,K-DEF",matched,Harrison Ramm,Port Adelaide,K-DEF,"{""birth_date"":""2006-12-05"",""birth_year"":2006,""draft_pick"":3,""draft_type"":""MSD"",""draft_year"":2025,""legacy_key"":""harrison-ramm""}",,True,
410,afl-player-v1-b25724f0e722db813620,harry-armstrong,Harry Armstrong,Hawthorn Hawks,"G-FWD,K-FWD",matched,Harry Armstrong,Richmond,K-FWD,"{""birth_date"":""2006-06-14"",""birth_year"":2006,""draft_pick"":23,""draft_type"":""ND"",""draft_year"":2024,""legacy_key"":""harry-armstrong""}",,True,
499,afl-player-v1-a67aba23e14cd5a96bd3,harry-charleson,Harry Charleson,North Melbourne Kangaroos,"G-DEF,MID",matched,Harry Charleson,Carlton,G-DEF,"{""birth_date"":""2006-06-26"",""birth_year"":2006,""draft_pick"":4,""draft_type"":""RD"",""draft_year"":2024,""legacy_key"":""harry-charleson""}",,True,
415,afl-player-v1-da27734b8bd79dd7b863,harry-dean,Harry Dean,Hawthorn Hawks,"G-DEF,K-DEF",matched,Harry Dean,Carlton,K-DEF,"{""birth_date"":""2007-11-13"",""birth_year"":2007,""draft_pick"":3,""draft_type"":""ND"",""draft_year"":2025,""legacy_key"":""harry-dean""}",,True,
654,afl-player-v1-ed61fefae906a87f47d7,harry-edwards,Harry Edwards,St Kilda Saints,"G-DEF,K-DEF",matched,Harry Edwards,West Coast,K-DEF,"{""birth_date"":""2000-10-01"",""birth_year"":2000,""draft_pick"":13,""draft_type"":""RD"",""draft_year"":2018,""legacy_key"":""harry-edwards""}",,True,
319,afl-player-v1-582c17fa8f38599ba36e,harry-kyle,Harry Kyle,Fremantle Dockers,"G-DEF,MID",matched,Harry Kyle,Sydney,G-DEF,"{""birth_date"":""2007-07-16"",""birth_year"":2007,""draft_pick"":14,""draft_type"":""ND"",""draft_year"":2025,""legacy_key"":""harry-kyle""}",,True,
668,afl-player-v1-5efcadd8aa7f4d9cd988,harry-mckay,Harry McKay,St Kilda Saints,"G-FWD,K-FWD",matched,Harry McKay,Carlton,K-FWD,"{""birth_date"":""1997-12-24"",""birth_year"":1997,""draft_pick"":10,""draft_type"":""ND"",""draft_year"":2015,""legacy_key"":""harry-mckay""}",,True,
677,afl-player-v1-ffb1fcaf3d8453c8fb87,harry-o-farrell,Harry O'Farrell,Sydney Swans,"G-DEF,K-DEF",matched,Harry O'Farrell,Carlton,K-DEF,"{""birth_date"":""2006-05-03"",""birth_year"":2006,""draft_pick"":40,""draft_type"":""ND"",""draft_year"":2024,""legacy_key"":""harry-o-farrell""}",,True,
27,afl-player-v1-ab850e133d188f1c21e4,harry-schoenberg,Harry Schoenberg,Adelaide Crows,"MID,G-FWD",matched,Harry Schoenberg,Adelaide,MID,"{""birth_date"":""2001-02-21"",""birth_year"":2001,""draft_pick"":24,""draft_type"":""ND"",""draft_year"":2019,""legacy_key"":""harry-schoenberg""}",,True,
111,afl-player-v1-d12a2f85b92e8396e034,harry-sheezel,Harry Sheezel,Carlton Blues,"MID,G-FWD",matched,Harry Sheezel,North Melbourne,MID,"{""birth_date"":""2004-10-13"",""birth_year"":2004,""draft_pick"":3,""draft_type"":""ND"",""draft_year"":2022,""legacy_key"":""harry-sheezel""}",,True,
738,afl-player-v1-ab3fe74846e344f27891,harvey-thomas,Harvey Thomas,Brisbane Lions,"G-FWD,MID",matched,Harvey Thomas,GWS,G-FWD,"{""birth_date"":""2005-08-08"",""birth_year"":2005,""draft_pick"":59,""draft_type"":""ND"",""draft_year"":2023,""legacy_key"":""harvey-thomas""}",,True,
611,afl-player-v1-2245a2e1f23e42eee60f,hayden-mclean,Hayden Mclean,Richmond Tigers,"G-FWD,K-FWD",matched,Hayden McLean,Sydney,K-FWD,"{""birth_date"":""1999-01-20"",""birth_year"":1999,""draft_pick"":"""",""draft_type"":""SSP"",""draft_year"":2018,""legacy_key"":""hayden-mclean""}",draft_pick,True,
421,afl-player-v1-cd63e2915e6b25ca73ac,henry-smith,Henry Smith,Hawthorn Hawks,"G-FWD,K-FWD",matched,Henry Smith,Brisbane,K-FWD,"{""birth_date"":""2002-09-24"",""birth_year"":2002,""draft_pick"":50,""draft_type"":""ND"",""draft_year"":2020,""legacy_key"":""henry-smith""}",,True,
120,afl-player-v1-3e25b9575d8de3b0cac2,hudson-o-keeffe,Hudson O'Keeffe,Carlton Blues,"K-FWD,RUCK",matched,Hudson O'Keeffe,Carlton,K-FWD,"{""birth_date"":""2004-12-16"",""birth_year"":2004,""draft_pick"":"""",""draft_type"":""SSP"",""draft_year"":2022,""legacy_key"":""hudson-o-keeffe""}",draft_pick,True,
438,afl-player-v1-31e578d176cea17362ff,hugh-davies,Hugh Davies,Hawthorn Hawks,"G-DEF,K-DEF",matched,Hugh Davies,Fremantle,K-DEF,"{""birth_date"":""2004-09-28"",""birth_year"":2004,""draft_pick"":33,""draft_type"":""ND"",""draft_year"":2022,""legacy_key"":""hugh-davies""}",,True,
174,afl-player-v1-ae0417d08a6405bbceeb,hugo-hall-kahan,Hugo Hall-Kahan,Collingwood Magpies,"G-DEF,MID",matched,Hugo Hall-Kahan,Sydney,G-DEF,"{""birth_date"":""2003-09-22"",""birth_year"":2003,""draft_pick"":11,""draft_type"":""MSD"",""draft_year"":2026,""legacy_key"":""hugo-hall-kahan""}",,True,
608,afl-player-v1-4ed12365ade6e2fc03a5,hugo-mikunda,Hugo Mikunda,Richmond Tigers,"MID,G-FWD",matched,Hugo Mikunda,North Melbourne,G-FWD,"{""birth_date"":""2007-03-13"",""birth_year"":2007,""draft_pick"":48,""draft_type"":""ND"",""draft_year"":2025,""legacy_key"":""hugo-mikunda""}",,True,
431,afl-player-v1-7a99659c90e0a5eab680,hunter-clark,Hunter Clark,Hawthorn Hawks,MID,matched,Hunter Clark,St Kilda,G-DEF,"{""birth_date"":""1999-03-26"",""birth_year"":1999,""draft_pick"":7,""draft_type"":""ND"",""draft_year"":2017,""legacy_key"":""hunter-clark""}",,True,
403,afl-player-v1-256b99e7e6b4972abca7,indy-cotton,Indy Cotton,Hawthorn Hawks,G-FWD,matched,Indy Cotton,,G-DEF,"{""birth_date"":""2007-05-08"",""birth_year"":2007,""draft_pick"":"""",""draft_type"":""UNR"",""draft_year"":2025,""legacy_key"":""indy-cotton""}",draft_pick,False,no_current_or_historical_scoring_games+not_recent_unplayed_draftee
512,afl-player-v1-a755ba66278640abe3f4,isaac-cumming,Isaac Cumming,North Melbourne Kangaroos,MID,matched,Isaac Cumming,GWS,G-DEF,"{""birth_date"":""1998-08-11"",""birth_year"":1998,""draft_pick"":20,""draft_type"":""ND"",""draft_year"":2016,""legacy_key"":""isaac-cumming""}",,True,
434,afl-player-v1-95af5298742f272f5f62,isaac-keeler,Isaac Keeler,Hawthorn Hawks,"G-FWD,K-FWD",matched,Isaac Keeler,St Kilda,K-FWD,"{""birth_date"":""2004-04-23"",""birth_year"":2004,""draft_pick"":44,""draft_type"":""ND"",""draft_year"":2022,""legacy_key"":""isaac-keeler""}",,True,
383,afl-player-v1-bd42202cb19165646cf4,izak-rankine,Izak Rankine,Geelong Cats,"MID,G-FWD",matched,Izak Rankine,Gold Coast,G-FWD,"{""birth_date"":""2000-04-23"",""birth_year"":2000,""draft_pick"":3,""draft_type"":""ND"",""draft_year"":2018,""legacy_key"":""izak-rankine""}",,True,
727,afl-player-v1-1dd83227423bc5021c1e,jack-buckley,Jack Buckley,West Coast Eagles,"G-DEF,K-DEF",matched,Jack Buckley,GWS,K-DEF,"{""birth_date"":""1997-12-17"",""birth_year"":1997,""draft_pick"":"""",""draft_type"":""PDN"",""draft_year"":2017,""legacy_key"":""jack-buckley""}",draft_pick,True,
308,afl-player-v1-9009569a6aa68960feab,jack-buller,Jack Buller,Fremantle Dockers,"G-FWD,K-FWD",matched,Jack Buller,Sydney,K-FWD,"{""birth_date"":""2001-05-16"",""birth_year"":2001,""draft_pick"":13,""draft_type"":""MSD"",""draft_year"":2023,""legacy_key"":""jack-buller""}",,True,
21,afl-player-v1-1df9ecb7c033ae7646a4,jack-carroll,Jack Carroll,Adelaide Crows,"MID,G-DEF",matched,Jack Carroll,Carlton,MID,"{""birth_date"":""2002-12-20"",""birth_year"":2002,""draft_pick"":43,""draft_type"":""ND"",""draft_year"":2020,""legacy_key"":""jack-carroll""}",,True,
311,afl-player-v1-6ff292e2d05fcf5981b5,jack-dalton,Jack Dalton,Fremantle Dockers,MID,matched,Jack Dalton,Hawthorn,G-FWD,"{""birth_date"":""2007-04-05"",""birth_year"":2007,""draft_pick"":34,""draft_type"":""ND"",""draft_year"":2025,""legacy_key"":""jack-dalton""}",,True,
506,afl-player-v1-1cae4209fbd31b79c45d,jack-darling,Jack Darling,North Melbourne Kangaroos,"G-FWD,K-FWD",matched,Jack Darling,West Coast,K-FWD,"{""birth_date"":""1992-06-13"",""birth_year"":1992,""draft_pick"":34,""draft_type"":""ND"",""draft_year"":2010,""legacy_key"":""jack-darling""}",,True,
575,afl-player-v1-7f1a97e8d1d17bed7d0a,jack-graham,Jack Graham,Port Adelaide Power,"MID,G-FWD",matched,Jack Graham,Richmond,MID,"{""birth_date"":""1998-02-25"",""birth_year"":1998,""draft_pick"":53,""draft_type"":""ND"",""draft_year"":2016,""legacy_key"":""jack-graham""}",,True,
653,afl-player-v1-eca8e041dc707b948831,jack-gunston,Jack Gunston,St Kilda Saints,"G-FWD,K-FWD",matched,Jack Gunston,Adelaide,K-FWD,"{""birth_date"":""1991-10-16"",""birth_year"":1991,""draft_pick"":29,""draft_type"":""ND"",""draft_year"":2009,""legacy_key"":""jack-gunston""}",,True,
362,afl-player-v1-50b72fbfc63ab0190926,jack-henry,Jack Henry,Geelong Cats,"G-DEF,K-DEF",matched,Jack Henry,Geelong,K-DEF,"{""birth_date"":""1998-08-29"",""birth_year"":1998,""draft_pick"":14,""draft_type"":""RD"",""draft_year"":2016,""legacy_key"":""jack-henry""}",,True,
339,afl-player-v1-fd858670fdee0bfec2ff,jack-ison,Jack Ison,Fremantle Dockers,MID,matched,Jack Ison,Carlton,G-FWD,"{""birth_date"":""2007-03-26"",""birth_year"":2007,""draft_pick"":47,""draft_type"":""ND"",""draft_year"":2025,""legacy_key"":""jack-ison""}",,True,
199,afl-player-v1-18eaf6797d5fb90f0f52,jack-lukosius,Jack Lukosius,Essendon Bombers,"G-FWD,K-FWD",matched,Jack Lukosius,Gold Coast,K-FWD,"{""birth_date"":""2000-08-09"",""birth_year"":2000,""draft_pick"":2,""draft_type"":""ND"",""draft_year"":2018,""legacy_key"":""jack-lukosius""}",,True,
82,afl-player-v1-2e9b993cc75d1a398899,jack-payne,Jack Payne,Brisbane Lions,"G-DEF,K-DEF",matched,Jack Payne,Brisbane,K-DEF,"{""birth_date"":""1999-10-15"",""birth_year"":1999,""draft_pick"":54,""draft_type"":""ND"",""draft_year"":2017,""legacy_key"":""jack-payne""}",,True,
149,afl-player-v1-4a55aae7811189362c4a,jack-ross,Jack Ross,Collingwood Magpies,"MID,G-FWD",matched,Jack Ross,Richmond,MID,"{""birth_date"":""2000-09-03"",""birth_year"":2000,""draft_pick"":43,""draft_type"":""ND"",""draft_year"":2018,""legacy_key"":""jack-ross""}",,True,
150,afl-player-v1-bf0163a49d8fcea78d79,jack-silvagni,Jack Silvagni,Collingwood Magpies,"G-DEF,K-DEF",matched,Jack Silvagni,Carlton,K-DEF,"{""birth_date"":""1997-12-17"",""birth_year"":1997,""draft_pick"":53,""draft_type"":""ND"",""draft_year"":2015,""legacy_key"":""jack-silvagni""}",,True,
44,afl-player-v1-93cd917e2b3a67c6c674,jack-watkins,Jack Watkins,Adelaide Crows,"MID,G-FWD",matched,Jack Watkins,Port Adelaide,MID,"{""birth_date"":""2000-01-01"",""birth_year"":2000,""draft_pick"":3,""draft_type"":""RD"",""draft_year"":2025,""legacy_key"":""jack-watkins""}",,True,
341,afl-player-v1-bb01c9f6889afb0144ab,jack-whitlock,Jack Whitlock,Fremantle Dockers,"G-FWD,K-FWD",matched,Jack Whitlock,Port Adelaide,K-FWD,"{""birth_date"":""2006-05-16"",""birth_year"":2006,""draft_pick"":33,""draft_type"":""ND"",""draft_year"":2024,""legacy_key"":""jack-whitlock""}",,True,
460,afl-player-v1-93af76d76893cb9f86c7,jack-williams,Jack Williams,Melbourne Demons,"G-FWD,K-FWD",matched,Jack Williams,West Coast,K-FWD,"{""birth_date"":""2003-12-01"",""birth_year"":2003,""draft_pick"":57,""draft_type"":""ND"",""draft_year"":2021,""legacy_key"":""jack-williams""}",,True,
498,afl-player-v1-ae842904e89695581f8b,jackson-mead,Jackson Mead,North Melbourne Kangaroos,MID,matched,Jackson Mead,Port Adelaide,G-FWD,"{""birth_date"":""2001-09-30"",""birth_year"":2001,""draft_pick"":25,""draft_type"":""ND"",""draft_year"":2019,""legacy_key"":""jackson-mead""}",,True,
346,afl-player-v1-75c7189cf23a00883ccc,jacob-farrow,Jacob Farrow,Fremantle Dockers,"G-DEF,MID",matched,Jacob Farrow,Essendon,G-DEF,"{""birth_date"":""2007-09-21"",""birth_year"":2007,""draft_pick"":10,""draft_type"":""ND"",""draft_year"":2025,""legacy_key"":""jacob-farrow""}",,True,
323,afl-player-v1-d78ebe273b15b799f55d,jacob-moss,Jacob Moss,Fremantle Dockers,"G-DEF,K-DEF",matched,Jacob Moss,Port Adelaide,K-FWD,"{""birth_date"":""2004-12-22"",""birth_year"":2004,""draft_pick"":"""",""draft_type"":""UNR"",""draft_year"":2024,""legacy_key"":""jacob-moss""}",draft_pick,False,no_current_or_historical_scoring_games+not_recent_unplayed_draftee
359,afl-player-v1-544ddb3b212cf0e7013e,jacob-wehr,Jacob Wehr,Geelong Cats,"G-DEF,MID",matched,Jacob Wehr,GWS,G-DEF,"{""birth_date"":""1998-07-05"",""birth_year"":1998,""draft_pick"":61,""draft_type"":""ND"",""draft_year"":2020,""legacy_key"":""jacob-wehr""}",,True,
657,afl-player-v1-25521d7a372d9e865f2f,jacob-weitering,Jacob Weitering,St Kilda Saints,"G-DEF,K-DEF",matched,Jacob Weitering,Carlton,K-DEF,"{""birth_date"":""1997-11-23"",""birth_year"":1997,""draft_pick"":1,""draft_type"":""ND"",""draft_year"":2015,""legacy_key"":""jacob-weitering""}",,True,
210,afl-player-v1-71d7f1dcea6726aa730c,jacob-van-rooyen,Jacob van Rooyen,Essendon Bombers,"G-FWD,K-FWD",matched,Jacob Van Rooyen,Melbourne,K-FWD,"{""birth_date"":""2003-04-16"",""birth_year"":2003,""draft_pick"":19,""draft_type"":""ND"",""draft_year"":2021,""legacy_key"":""jacob-van-rooyen""}",,True,
332,afl-player-v1-853be14ce453ff08eabb,jagga-smith,Jagga Smith,Fremantle Dockers,"MID,G-FWD",matched,Jagga Smith,Carlton,MID,"{""birth_date"":""2006-01-28"",""birth_year"":2006,""draft_pick"":3,""draft_type"":""ND"",""draft_year"":2024,""legacy_key"":""jagga-smith""}",,True,
505,afl-player-v1-4dc82d0e8a055ba08cbe,jai-serong,Jai Serong,North Melbourne Kangaroos,"G-DEF,K-DEF",matched,Jai Serong,Hawthorn,G-DEF,"{""birth_date"":""2003-02-16"",""birth_year"":2003,""draft_pick"":53,""draft_type"":""ND"",""draft_year"":2021,""legacy_key"":""jai-serong""}",,True,
554,afl-player-v1-065355e7e85a5ced14d4,jake-kolodjashnij,Jake Kolodjashnij,Port Adelaide Power,"G-DEF,K-DEF",matched,Jake Kolodjashnij,Geelong,K-DEF,"{""birth_date"":""1995-08-09"",""birth_year"":1995,""draft_pick"":41,""draft_type"":""ND"",""draft_year"":2013,""legacy_key"":""jake-kolodjashnij""}",,True,
164,afl-player-v1-8ee6489f823d1c7fc978,jake-lever,Jake Lever,Collingwood Magpies,G-DEF,matched,Jake Lever,Adelaide,K-DEF,"{""birth_date"":""1996-03-05"",""birth_year"":1996,""draft_pick"":15,""draft_type"":""ND"",""draft_year"":2014,""legacy_key"":""jake-lever""}",,True,
351,afl-player-v1-797837193a7c4b847d81,jake-lloyd,Jake Lloyd,Geelong Cats,"MID,G-FWD",matched,Jake Lloyd,Sydney,G-DEF,"{""birth_date"":""1993-09-20"",""birth_year"":1993,""draft_pick"":18,""draft_type"":""RD"",""draft_year"":2012,""legacy_key"":""jake-lloyd""}",,True,
281,afl-player-v1-6a3381cd7e6ab7ef3151,jake-melksham,Jake Melksham,Free agents,"K-FWD,G-FWD",matched,Jake Melksham,Essendon,K-FWD,"{""birth_date"":""1991-08-29"",""birth_year"":1991,""draft_pick"":10,""draft_type"":""ND"",""draft_year"":2009,""legacy_key"":""jake-melksham""}",,True,
535,afl-player-v1-6c5aa145c8e6f090ccf2,jake-riccardi,Jake Riccardi,Port Adelaide Power,"RUCK,G-FWD,K-FWD",matched,Jake Riccardi,GWS,K-FWD,"{""birth_date"":""1999-11-07"",""birth_year"":1999,""draft_pick"":51,""draft_type"":""ND"",""draft_year"":2019,""legacy_key"":""jake-riccardi""}",,True,
112,afl-player-v1-0a662f343237df662272,jake-soligo,Jake Soligo,Carlton Blues,"MID,G-FWD",matched,Jake Soligo,Adelaide,MID,"{""birth_date"":""2003-01-25"",""birth_year"":2003,""draft_pick"":36,""draft_type"":""ND"",""draft_year"":2021,""legacy_key"":""jake-soligo""}",,True,
724,afl-player-v1-5dabae98d4a977b6dfc7,jake-waterman,Jake Waterman,West Coast Eagles,"G-FWD,K-FWD",matched,Jake Waterman,West Coast,K-FWD,"{""birth_date"":""1998-05-06"",""birth_year"":1998,""draft_pick"":76,""draft_type"":""ND"",""draft_year"":2016,""legacy_key"":""jake-waterman""}",,True,
783,afl-player-v1-f34b7fe71316041c9e20,jamarra-ugle-hagan,Jamarra Ugle-Hagan,Western Bulldogs,"G-FWD,K-FWD",matched,Jamarra Ugle-Hagan,Western Bulldogs,K-FWD,"{""birth_date"":""2002-04-04"",""birth_year"":2002,""draft_pick"":1,""draft_type"":""ND"",""draft_year"":2020,""legacy_key"":""jamarra-ugle-hagan""}",,True,
525,afl-player-v1-25baa6b755b2b922bf78,james-barrat,James Barrat,North Melbourne Kangaroos,"G-DEF,G-FWD,K-FWD,K-DEF",matched,James Barrat,St Kilda,K-DEF,"{""birth_date"":""2006-11-23"",""birth_year"":2006,""draft_pick"":32,""draft_type"":""ND"",""draft_year"":2024,""legacy_key"":""james-barrat""}",,True,
240,afl-player-v1-5b1f208d8c295adb9db7,james-blanck,James Blanck,Free agents,"K-DEF,G-DEF",matched,James Blanck,Hawthorn,K-DEF,"{""birth_date"":""2000-11-20"",""birth_year"":2000,""draft_pick"":16,""draft_type"":""MSD"",""draft_year"":2022,""legacy_key"":""james-blanck""}",,False,no_recent_activity_signal+not_recent_unplayed_draftee
326,afl-player-v1-e961f98e3ca95449c021,james-borlase,James Borlase,Fremantle Dockers,"G-DEF,K-DEF",matched,James Borlase,Adelaide,K-DEF,"{""birth_date"":""2002-07-18"",""birth_year"":2002,""draft_pick"":"""",""draft_type"":""PDN"",""draft_year"":2020,""legacy_key"":""james-borlase""}",draft_pick,True,
22,afl-player-v1-173e2cb4e5ec4e8583c7,james-jordon,James Jordon,Adelaide Crows,"MID,G-FWD",matched,James Jordon,Melbourne,MID,"{""birth_date"":""2000-12-20"",""birth_year"":2000,""draft_pick"":33,""draft_type"":""ND"",""draft_year"":2018,""legacy_key"":""james-jordon""}",,True,
427,afl-player-v1-51c8b895f8ffb72116a6,james-leake,James Leake,Hawthorn Hawks,"G-DEF,G-FWD",matched,James Leake,GWS,G-DEF,"{""birth_date"":""2005-10-02"",""birth_year"":2005,""draft_pick"":17,""draft_type"":""ND"",""draft_year"":2023,""legacy_key"":""james-leake""}",,True,
596,afl-player-v1-cedb99d3423baacfe787,james-o-donnell,James O'Donnell,Richmond Tigers,"G-DEF,K-DEF",matched,James O'Donnell,Western Bulldogs,K-DEF,"{""birth_date"":""2002-08-31"",""birth_year"":2002,""draft_pick"":"""",""draft_type"":""UNR"",""draft_year"":2022,""legacy_key"":""james-o-donnell""}",draft_pick,True,
798,afl-player-v1-256b11412ad9adfde693,james-trezise,James Trezise,Western Bulldogs,"G-DEF,MID",matched,James Trezise,Richmond,G-DEF,"{""birth_date"":""2002-06-15"",""birth_year"":2002,""draft_pick"":12,""draft_type"":""MSD"",""draft_year"":2023,""legacy_key"":""james-trezise""}",,True,
200,afl-player-v1-72c1c11700fc61dae98d,jase-burgoyne,Jase Burgoyne,Essendon Bombers,"G-DEF,MID",matched,Jase Burgoyne,Port Adelaide,G-DEF,"{""birth_date"":""2003-07-15"",""birth_year"":2003,""draft_pick"":60,""draft_type"":""ND"",""draft_year"":2021,""legacy_key"":""jase-burgoyne""}",,True,
381,afl-player-v1-1c150e0d509e17a4deac,jason-horne-francis,Jason Horne-Francis,Geelong Cats,"MID,G-FWD",matched,Jason Horne-Francis,North Melbourne,MID,"{""birth_date"":""2003-06-21"",""birth_year"":2003,""draft_pick"":1,""draft_type"":""ND"",""draft_year"":2021,""legacy_key"":""jason-horne-francis""}",,True,
322,afl-player-v1-6fa3c4b4bef1c733ff3e,jay-polkinghorne,Jay Polkinghorne,Fremantle Dockers,"G-FWD,K-FWD",matched,Jay Polkinghorne,Geelong,G-FWD,"{""birth_date"":""2006-06-02"",""birth_year"":2006,""draft_pick"":44,""draft_type"":""ND"",""draft_year"":2024,""legacy_key"":""jay-polkinghorne""}",,True,
754,afl-player-v1-d151854cdb94fdf87f61,jayden-laverde,Jayden Laverde,West Coast Eagles,"G-DEF,K-DEF",matched,Jayden Laverde,Essendon,K-DEF,"{""birth_date"":""1996-04-12"",""birth_year"":1996,""draft_pick"":20,""draft_type"":""ND"",""draft_year"":2014,""legacy_key"":""jayden-laverde""}",,True,
446,afl-player-v1-c35c6e7ab177db461973,jed-adams,Jed Adams,Melbourne Demons,"G-DEF,K-DEF",matched,Jed Adams,Melbourne,K-DEF,"{""birth_date"":""2004-05-14"",""birth_year"":2004,""draft_pick"":38,""draft_type"":""ND"",""draft_year"":2022,""legacy_key"":""jed-adams""}",,True,
444,afl-player-v1-b45c2bd338bff627435e,jed-walter,Jed Walter,Melbourne Demons,"G-FWD,K-FWD",matched,Jed Walter,Gold Coast,K-FWD,"{""birth_date"":""2005-06-08"",""birth_year"":2005,""draft_pick"":3,""draft_type"":""ND"",""draft_year"":2023,""legacy_key"":""jed-walter""}",,True,
224,afl-player-v1-d26a58755c862c904694,jedd-busslinger,Jedd Busslinger,Essendon Bombers,"G-DEF,K-DEF",matched,Jedd Busslinger,Western Bulldogs,K-DEF,"{""birth_date"":""2004-03-11"",""birth_year"":2004,""draft_pick"":13,""draft_type"":""ND"",""draft_year"":2022,""legacy_key"":""jedd-busslinger""}",,True,
496,afl-player-v1-506436b19e84af368956,jeremy-cameron,Jeremy Cameron,North Melbourne Kangaroos,"G-FWD,K-FWD",matched,Jeremy Cameron,GWS,K-FWD,"{""birth_date"":""1993-04-01"",""birth_year"":1993,""draft_pick"":13,""draft_type"":""ND"",""draft_year"":2011,""legacy_key"":""jeremy-cameron""}",,True,
543,afl-player-v1-45d37b36c6b9d3a5acd2,jesse-hogan,Jesse Hogan,Port Adelaide Power,"G-FWD,K-FWD",matched,Jesse Hogan,Melbourne,K-FWD,"{""birth_date"":""1995-02-12"",""birth_year"":1995,""draft_pick"":5,""draft_type"":""ND"",""draft_year"":2012,""legacy_key"":""jesse-hogan""}",,True,
392,afl-player-v1-5da25d5d202bbfbd2a53,jesse-mellor,Jesse Mellor,Geelong Cats,G-FWD,matched,Jesse Mellor,Geelong,MID,"{""birth_date"":""2007-01-04"",""birth_year"":2007,""draft_pick"":"""",""draft_type"":""PDN"",""draft_year"":2025,""legacy_key"":""jesse-mellor""}",draft_pick,False,no_current_or_historical_scoring_games+not_recent_unplayed_draftee
302,afl-player-v1-9ad6dcd7a2e1ad357061,jevan-phillipou,Jevan Phillipou,Fremantle Dockers,MID,matched,Jevan Phillipou,Sydney,G-FWD,"{""birth_date"":""2007-03-30"",""birth_year"":2007,""draft_pick"":35,""draft_type"":""ND"",""draft_year"":2025,""legacy_key"":""jevan-phillipou""}",,True,
365,afl-player-v1-066fee6e9d9da612b305,jhye-clark,Jhye Clark,Geelong Cats,"MID,G-FWD",matched,Jhye Clark,Geelong,MID,"{""birth_date"":""2004-07-23"",""birth_year"":2004,""draft_pick"":8,""draft_type"":""ND"",""draft_year"":2022,""legacy_key"":""jhye-clark""}",,True,
792,afl-player-v1-c6a461bc214b4d48ca46,jobe-shanahan,Jobe Shanahan,Western Bulldogs,"G-FWD,K-FWD",matched,Jobe Shanahan,West Coast,K-FWD,"{""birth_date"":""2006-08-02"",""birth_year"":2006,""draft_pick"":30,""draft_type"":""ND"",""draft_year"":2024,""legacy_key"":""jobe-shanahan""}",,True,
177,afl-player-v1-54c87b7338a49c5e610e,joel-amartey,Joel Amartey,Collingwood Magpies,"G-FWD,K-FWD",matched,Joel Amartey,Sydney,K-FWD,"{""birth_date"":""1999-09-02"",""birth_year"":1999,""draft_pick"":23,""draft_type"":""RD"",""draft_year"":2017,""legacy_key"":""joel-amartey""}",,True,
409,afl-player-v1-8cc48a4ee93f1e9d1dff,joel-cochran,Joel Cochran,Hawthorn Hawks,G-DEF,matched,Joel Cochran,Collingwood,K-DEF,"{""birth_date"":""2006-03-28"",""birth_year"":2006,""draft_pick"":47,""draft_type"":""ND"",""draft_year"":2024,""legacy_key"":""joel-cochran""}",,True,
794,afl-player-v1-e74d91c43dc37b3dcab3,joel-freijah,Joel Freijah,Western Bulldogs,"MID,G-FWD",matched,Joel Freijah,Western Bulldogs,MID,"{""birth_date"":""2005-11-14"",""birth_year"":2005,""draft_pick"":45,""draft_type"":""ND"",""draft_year"":2023,""legacy_key"":""joel-freijah""}",,True,
259,afl-player-v1-a1eb647f11192890abda,joel-hamling,Joel Hamling,Free agents,"K-DEF,G-DEF",matched,Joel Hamling,Geelong,K-DEF,"{""birth_date"":""1993-04-09"",""birth_year"":1993,""draft_pick"":44,""draft_type"":""ND"",""draft_year"":2011,""legacy_key"":""joel-hamling""}",,True,
124,afl-player-v1-185c557fce56e14bdfd8,jonty-faull,Jonty Faull,Carlton Blues,"G-FWD,K-FWD",matched,Jonty Faull,Richmond,K-FWD,"{""birth_date"":""2006-02-01"",""birth_year"":2006,""draft_pick"":14,""draft_type"":""ND"",""draft_year"":2024,""legacy_key"":""jonty-faull""}",,True,
417,afl-player-v1-b2ca097d0f41f5514c69,jordan-croft,Jordan Croft,Hawthorn Hawks,"G-FWD,K-FWD",matched,Jordan Croft,Western Bulldogs,K-FWD,"{""birth_date"":""2005-05-12"",""birth_year"":2005,""draft_pick"":15,""draft_type"":""ND"",""draft_year"":2023,""legacy_key"":""jordan-croft""}",,True,
510,afl-player-v1-e4877d4c9ba3d6489a35,jordan-de-goey,Jordan de Goey,North Melbourne Kangaroos,"MID,G-FWD",matched,Jordan De Goey,Collingwood,G-FWD,"{""birth_date"":""1996-03-15"",""birth_year"":1996,""draft_pick"":6,""draft_type"":""ND"",""draft_year"":2014,""legacy_key"":""jordan-de-goey""}",,True,
340,afl-player-v1-49b2f47645c8cd4d1be0,jordon-butts,Jordon Butts,Fremantle Dockers,"G-DEF,K-DEF",matched,Jordon Butts,Adelaide,K-DEF,"{""birth_date"":""1999-12-31"",""birth_year"":1999,""draft_pick"":20,""draft_type"":""RD"",""draft_year"":2018,""legacy_key"":""jordon-butts""}",,True,
185,afl-player-v1-fcb11713300f463bd31a,josh-battle,Josh Battle,West Coast Eagles,"G-DEF,K-DEF",matched,Josh Battle,St Kilda,K-DEF,"{""birth_date"":""1998-09-01"",""birth_year"":1998,""draft_pick"":39,""draft_type"":""ND"",""draft_year"":2016,""legacy_key"":""josh-battle""}",,True,
197,afl-player-v1-f24afe9ae1de1cfd811f,josh-draper,Josh Draper,Essendon Bombers,"G-DEF,K-DEF",matched,Josh Draper,Fremantle,K-DEF,"{""birth_date"":""2004-02-08"",""birth_year"":2004,""draft_pick"":"""",""draft_type"":""PDN"",""draft_year"":2022,""legacy_key"":""josh-draper""}",draft_pick,True,
770,afl-player-v1-cc43e28819683f5743fa,josh-gibcus,Josh Gibcus,Western Bulldogs,"G-DEF,K-DEF",matched,Josh Gibcus,Richmond,K-DEF,"{""birth_date"":""2003-04-04"",""birth_year"":2003,""draft_pick"":9,""draft_type"":""ND"",""draft_year"":2021,""legacy_key"":""josh-gibcus""}",,True,
347,afl-player-v1-48fb2da2b909a8256894,josh-lai,Josh Lai,Fremantle Dockers,"MID,G-DEF",matched,Josh Lai,Port Adelaide,G-DEF,"{""birth_date"":""2005-10-01"",""birth_year"":2005,""draft_pick"":"""",""draft_type"":""SSP"",""draft_year"":2024,""legacy_key"":""josh-lai""}",draft_pick,True,
316,afl-player-v1-d7dc302f0061f9c3a6a3,josh-rachele,Josh Rachele,Fremantle Dockers,"G-FWD,MID",matched,Josh Rachele,Adelaide,G-FWD,"{""birth_date"":""2003-04-11"",""birth_year"":2003,""draft_pick"":6,""draft_type"":""ND"",""draft_year"":2021,""legacy_key"":""josh-rachele""}",,True,
742,afl-player-v1-401083e67cc655ae73fb,josh-treacy,Josh Treacy,West Coast Eagles,"G-FWD,K-FWD",matched,Josh Treacy,Fremantle,K-FWD,"{""birth_date"":""2002-08-04"",""birth_year"":2002,""draft_pick"":5,""draft_type"":""RD"",""draft_year"":2020,""legacy_key"":""josh-treacy""}",,True,
578,afl-player-v1-d4e9bfd1ee9ae1c72370,joshua-weddle,Joshua Weddle,Richmond Tigers,"G-DEF,MID",matched,Joshua Weddle,Hawthorn,G-DEF,"{""birth_date"":""2004-05-25"",""birth_year"":2004,""draft_pick"":18,""draft_type"":""ND"",""draft_year"":2022,""legacy_key"":""joshua-weddle""}",,True,
136,afl-player-v1-3651e562d369a0c13ec4,justin-mcinerney,Justin McInerney,Carlton Blues,"MID,G-FWD",matched,Justin McInerney,Sydney,MID,"{""birth_date"":""2000-08-18"",""birth_year"":2000,""draft_pick"":44,""draft_type"":""ND"",""draft_year"":2018,""legacy_key"":""justin-mcinerney""}",,True,
253,afl-player-v1-817e9e2a5551e5eeebe2,jy-farrar,Jy Farrar,Free agents,"K-FWD,G-FWD",matched,Jy Farrar,Gold Coast,K-FWD,"{""birth_date"":""1996-12-07"",""birth_year"":1996,""draft_pick"":60,""draft_type"":""ND"",""draft_year"":2019,""legacy_key"":""jy-farrar""}",,True,
139,afl-player-v1-572eab5dc72e3289b808,jy-simpkin,Jy Simpkin,Collingwood Magpies,"MID,G-FWD",matched,Jy Simpkin,North Melbourne,MID,"{""birth_date"":""1998-03-05"",""birth_year"":1998,""draft_pick"":12,""draft_type"":""ND"",""draft_year"":2016,""legacy_key"":""jy-simpkin""}",,True,
180,afl-player-v1-aab7f573ab4711511c48,jye-amiss,Jye Amiss,Collingwood Magpies,"G-FWD,K-FWD",matched,Jye Amiss,Fremantle,K-FWD,"{""birth_date"":""2003-07-31"",""birth_year"":2003,""draft_pick"":8,""draft_type"":""ND"",""draft_year"":2021,""legacy_key"":""jye-amiss""}",,True,
746,afl-player-v1-3fa9040b66b98c844502,kalani-white,Kalani White,West Coast Eagles,"RUCK,G-FWD,K-FWD",matched,Kalani White,Melbourne,K-FWD,"{""birth_date"":""2007-05-05"",""birth_year"":2007,""draft_pick"":"""",""draft_type"":""PDN"",""draft_year"":2025,""legacy_key"":""kalani-white""}",draft_pick,False,no_current_or_historical_scoring_games+not_recent_unplayed_draftee
312,afl-player-v1-207f960a5e53d1f28d1a,kayle-gerreyn,Kayle Gerreyn,Fremantle Dockers,RUCK,matched,Kayle Gerreyn,Essendon,K-FWD,"{""birth_date"":""2006-05-10"",""birth_year"":2006,""draft_pick"":37,""draft_type"":""ND"",""draft_year"":2024,""legacy_key"":""kayle-gerreyn""}",,True,
276,afl-player-v1-21df79235229950b18dc,keighton-matofai-forbes,Keighton Matofai-Forbes,Free agents,"G-FWD,G-DEF",matched,Keighton Matofai-Forbes,Geelong,G-DEF,"{""birth_date"":""2006-02-02"",""birth_year"":2006,""draft_pick"":69,""draft_type"":""ND"",""draft_year"":2024,""legacy_key"":""keighton-matofai-forbes""}",,True,
229,afl-player-v1-baed67cf85334ee2b9d8,koby-evans,Koby Evans,Free agents,MID,matched,Koby Evans,Brisbane,G-FWD,"{""birth_date"":""2007-09-08"",""birth_year"":2007,""draft_pick"":38,""draft_type"":""ND"",""draft_year"":2025,""legacy_key"":""koby-evans""}",,True,
142,afl-player-v1-b2c51a63fc373bb833ac,koltyn-tholstrup,Koltyn Tholstrup,Collingwood Magpies,"G-FWD,G-DEF",matched,Koltyn Tholstrup,Melbourne,G-DEF,"{""birth_date"":""2005-06-28"",""birth_year"":2005,""draft_pick"":13,""draft_type"":""ND"",""draft_year"":2023,""legacy_key"":""koltyn-tholstrup""}",,True,
117,afl-player-v1-a224d4377faae8f072fe,kye-annand,Kye Annand,Carlton Blues,"K-DEF,G-DEF",matched,Kye Annand,Richmond,K-DEF,"{""birth_date"":""2003-10-14"",""birth_year"":2003,""draft_pick"":2,""draft_type"":""MSD"",""draft_year"":2026,""legacy_key"":""kye-annand""}",,True,
429,afl-player-v1-e96690ef130d34b1cb13,kye-fincher,Kye Fincher,Hawthorn Hawks,"G-DEF,MID",matched,Kye Fincher,St Kilda,MID,"{""birth_date"":""2007-11-18"",""birth_year"":2007,""draft_pick"":52,""draft_type"":""ND"",""draft_year"":2025,""legacy_key"":""kye-fincher""}",,True,
644,afl-player-v1-32a991d4c02188914ecf,kyle-langford,Kyle Langford,St Kilda Saints,"G-FWD,K-FWD,MID",matched,Kyle Langford,Essendon,K-FWD,"{""birth_date"":""1996-12-01"",""birth_year"":1996,""draft_pick"":18,""draft_type"":""ND"",""draft_year"":2014,""legacy_key"":""kyle-langford""}",,True,
595,afl-player-v1-1e375a8a1f94f8a23dfd,kysaiah-pickett,Kysaiah Pickett,Richmond Tigers,"MID,G-FWD",matched,Kysaiah Pickett,Melbourne,G-FWD,"{""birth_date"":""2001-06-02"",""birth_year"":2001,""draft_pick"":12,""draft_type"":""ND"",""draft_year"":2019,""legacy_key"":""kysaiah-pickett""}",,True,
720,afl-player-v1-cc78415bed17cab3d6d7,lachlan-blakiston,Lachlan Blakiston,West Coast Eagles,"G-DEF,K-DEF,RUCK",matched,Lachlan Blakiston,Essendon,K-DEF,"{""birth_date"":""1998-09-09"",""birth_year"":1998,""draft_pick"":13,""draft_type"":""MSD"",""draft_year"":2025,""legacy_key"":""lachlan-blakiston""}",,True,
158,afl-player-v1-b98529f9eca3cbf471fd,lachlan-bramble,Lachlan Bramble,Collingwood Magpies,"G-DEF,G-FWD",matched,Lachlan Bramble,Western Bulldogs,G-FWD,"{""birth_date"":"""",""birth_year"":1998,""draft_pick"":"""",""draft_type"":""SSP"",""draft_year"":2020,""legacy_key"":""lachlan-bramble""}","birth_date,draft_pick",True,
396,afl-player-v1-b2ae5922a33d3679421d,lachlan-carmichael,Lachlan Carmichael,Hawthorn Hawks,"G-DEF,MID",matched,Lachlan Carmichael,Western Bulldogs,G-DEF,"{""birth_date"":""2007-08-27"",""birth_year"":2007,""draft_pick"":21,""draft_type"":""ND"",""draft_year"":2025,""legacy_key"":""lachlan-carmichael""}",,True,
576,afl-player-v1-ae0a6dee92e088eeb71e,leek-aleer,Leek Aleer,Port Adelaide Power,"G-DEF,K-DEF",matched,Leek Aleer,GWS,K-DEF,"{""birth_date"":""2001-08-21"",""birth_year"":2001,""draft_pick"":15,""draft_type"":""ND"",""draft_year"":2021,""legacy_key"":""leek-aleer""}",,True,
764,afl-player-v1-9b35e246d25b14d3c682,lewis-hayes,Lewis Hayes,Western Bulldogs,G-DEF,matched,Lewis Hayes,Essendon,K-DEF,"{""birth_date"":""2004-12-17"",""birth_year"":2004,""draft_pick"":25,""draft_type"":""ND"",""draft_year"":2022,""legacy_key"":""lewis-hayes""}",,True,
71,afl-player-v1-b504db15773d5f3d2b26,lewis-melican,Lewis Melican,Brisbane Lions,"G-DEF,K-DEF",matched,Lewis Melican,Sydney,K-DEF,"{""birth_date"":""1996-11-04"",""birth_year"":1996,""draft_pick"":37,""draft_type"":""RD"",""draft_year"":2014,""legacy_key"":""lewis-melican""}",,True,
130,afl-player-v1-472b105de05f27cd1365,lewis-young,Lewis Young,Carlton Blues,"G-DEF,K-FWD,K-DEF",matched,Lewis Young,Western Bulldogs,K-DEF,"{""birth_date"":""1998-12-20"",""birth_year"":1998,""draft_pick"":49,""draft_type"":""ND"",""draft_year"":2016,""legacy_key"":""lewis-young""}",,True,
107,afl-player-v1-725861673894096d4885,liam-fawcett,Liam Fawcett,Carlton Blues,"G-FWD,K-FWD",matched,Liam Fawcett,Richmond,K-FWD,"{""birth_date"":""2005-04-22"",""birth_year"":2005,""draft_pick"":43,""draft_type"":""ND"",""draft_year"":2023,""legacy_key"":""liam-fawcett""}",,True,
627,afl-player-v1-31584a51caeba8f403f7,liam-hetherton,Liam Hetherton,St Kilda Saints,"G-FWD,K-FWD",matched,Liam Hetherton,Sydney,K-FWD,"{""birth_date"":""2007-05-02"",""birth_year"":2007,""draft_pick"":"""",""draft_type"":""PDA"",""draft_year"":2025,""legacy_key"":""liam-hetherton""}",draft_pick,False,no_current_or_historical_scoring_games+not_recent_unplayed_draftee
279,afl-player-v1-4089c1bea0a3694d9ca3,liam-mcmahon,Liam McMahon,Free agents,"K-FWD,G-FWD",matched,Liam McMahon,Collingwood,K-FWD,"{""birth_date"":""2002-05-02"",""birth_year"":2002,""draft_pick"":33,""draft_type"":""ND"",""draft_year"":2020,""legacy_key"":""liam-mcmahon""}",,True,
771,afl-player-v1-070a151b7d62bca35dfa,liam-reidy,Liam Reidy,Western Bulldogs,"RUCK,G-FWD,K-FWD",matched,Liam Reidy,Fremantle,RUCK,"{""birth_date"":""2000-06-14"",""birth_year"":2000,""draft_pick"":5,""draft_type"":""RD"",""draft_year"":2022,""legacy_key"":""liam-reidy""}",,True,
227,afl-player-v1-6eb4e78e45737f63df6e,lincoln-mccarthy,Lincoln McCarthy,Essendon Bombers,"G-FWD,G-DEF",matched,Lincoln McCarthy,Geelong,G-FWD,"{""birth_date"":""1993-10-22"",""birth_year"":1993,""draft_pick"":80,""draft_type"":""ND"",""draft_year"":2011,""legacy_key"":""lincoln-mccarthy""}",,True,
203,afl-player-v1-38abe5a7440120376727,logan-mcdonald,Logan McDonald,Essendon Bombers,"G-FWD,K-FWD",matched,Logan McDonald,Sydney,K-FWD,"{""birth_date"":""2002-04-04"",""birth_year"":2002,""draft_pick"":4,""draft_type"":""ND"",""draft_year"":2020,""legacy_key"":""logan-mcdonald""}",,True,
690,afl-player-v1-65668cce074d71131911,logan-morris,Logan Morris,Sydney Swans,"G-FWD,K-FWD",matched,Logan Morris,Brisbane,K-FWD,"{""birth_date"":""2005-05-10"",""birth_year"":2005,""draft_pick"":31,""draft_type"":""ND"",""draft_year"":2023,""legacy_key"":""logan-morris""}",,True,
28,afl-player-v1-76288227686163efb60c,lukas-cooke,Lukas Cooke,Adelaide Crows,G-DEF,matched,Lukas Cooke,Melbourne,K-DEF,"{""birth_date"":""2003-09-26"",""birth_year"":2003,""draft_pick"":11,""draft_type"":""MSD"",""draft_year"":2026,""legacy_key"":""lukas-cooke""}",,True,
272,afl-player-v1-191d7ba9aeb6eac18da2,luke-lloyd,Luke Lloyd,Free agents,"K-FWD,G-FWD",matched,Luke Lloyd,Brisbane,K-FWD,"{""birth_date"":""2005-08-08"",""birth_year"":2005,""draft_pick"":42,""draft_type"":""ND"",""draft_year"":2023,""legacy_key"":""luke-lloyd""}",,False,no_current_or_historical_scoring_games+no_recent_activity_signal+not_recent_unplayed_draftee
786,afl-player-v1-20a8e6ffe097f0b92cfc,luke-nankervis,Luke Nankervis,Western Bulldogs,MID,matched,Luke Nankervis,Adelaide,G-DEF,"{""birth_date"":""2003-05-25"",""birth_year"":2003,""draft_pick"":1,""draft_type"":""RD"",""draft_year"":2021,""legacy_key"":""luke-nankervis""}",,True,
511,afl-player-v1-58bbb663005700d953dd,luke-parker,Luke Parker,North Melbourne Kangaroos,"MID,G-DEF",matched,Luke Parker,Sydney,G-DEF,"{""birth_date"":""1992-10-25"",""birth_year"":1992,""draft_pick"":49,""draft_type"":""ND"",""draft_year"":2010,""legacy_key"":""luke-parker""}",,True,
109,afl-player-v1-8e328cd4f9bc35e7e371,luke-trainor,Luke Trainor,Carlton Blues,G-DEF,matched,Luke Trainor,Richmond,K-DEF,"{""birth_date"":""2006-04-10"",""birth_year"":2006,""draft_pick"":21,""draft_type"":""ND"",""draft_year"":2024,""legacy_key"":""luke-trainor""}",,True,
116,afl-player-v1-e6a21ffc57987919564e,luker-kentfield,Luker Kentfield,Carlton Blues,"G-FWD,K-FWD",matched,Luker Kentfield,Melbourne,K-FWD,"{""birth_date"":""2005-09-10"",""birth_year"":2005,""draft_pick"":11,""draft_type"":""MSD"",""draft_year"":2024,""legacy_key"":""luker-kentfield""}",,True,
145,afl-player-v1-514bd6a202ed9e0c5ec5,mabior-chol,Mabior Chol,Collingwood Magpies,"G-FWD,K-FWD",matched,Mabior Chol,Richmond,K-FWD,"{""birth_date"":""1997-01-29"",""birth_year"":1997,""draft_pick"":26,""draft_type"":""RD"",""draft_year"":2015,""legacy_key"":""mabior-chol""}",,True,
784,afl-player-v1-62d2d5acac0d15a15a79,mac-andrew,Mac Andrew,Western Bulldogs,"G-DEF,K-DEF",matched,Mac Andrew,Gold Coast,K-DEF,"{""birth_date"":""2003-12-04"",""birth_year"":2003,""draft_pick"":5,""draft_type"":""ND"",""draft_year"":2021,""legacy_key"":""mac-andrew""}",,True,
191,afl-player-v1-a91d721458a8af9477df,marcus-herbert,Marcus Herbert,Essendon Bombers,MID,matched,Marcus Herbert,West Coast,G-DEF,"{""birth_date"":""2002-08-13"",""birth_year"":2002,""draft_pick"":13,""draft_type"":""MSD"",""draft_year"":2026,""legacy_key"":""marcus-herbert""}",,True,
766,afl-player-v1-f64a092d53ea034a531f,marcus-windhager,Marcus Windhager,Western Bulldogs,"MID,G-DEF",matched,Marcus Windhager,St Kilda,MID,"{""birth_date"":""2003-05-16"",""birth_year"":2003,""draft_pick"":47,""draft_type"":""ND"",""draft_year"":2021,""legacy_key"":""marcus-windhager""}",,True,
369,afl-player-v1-96e4afac65663a792290,mark-blicavs,Mark Blicavs,Geelong Cats,"RUCK,MID",matched,Mark Blicavs,Geelong,MID,"{""birth_date"":""1991-03-28"",""birth_year"":1991,""draft_pick"":"""",""draft_type"":""UNR"",""draft_year"":2011,""legacy_key"":""mark-blicavs""}",draft_pick,True,
43,afl-player-v1-0161f6e4e64f66732e03,mark-keane,Mark Keane,Adelaide Crows,"G-DEF,K-DEF",matched,Mark Keane,Collingwood,K-DEF,"{""birth_date"":"""",""birth_year"":2000,""draft_pick"":"""",""draft_type"":""SSP"",""draft_year"":2022,""legacy_key"":""mark-keane""}","birth_date,draft_pick",True,
77,afl-player-v1-b9731120bd8796d03337,mark-o-connor,Mark O'Connor,Brisbane Lions,"G-DEF,MID",matched,Mark O'Connor,Geelong,G-DEF,"{""birth_date"":""1997-01-17"",""birth_year"":1997,""draft_pick"":"""",""draft_type"":""IRE"",""draft_year"":2016,""legacy_key"":""mark-o-connor""}",draft_pick,True,
379,afl-player-v1-5ded124c3073357f49b3,mason-cox,Mason Cox,Geelong Cats,"RUCK,G-FWD,K-FWD",matched,Mason Cox,Collingwood,K-FWD,"{""birth_date"":""1991-03-14"",""birth_year"":1991,""draft_pick"":"""",""draft_type"":""UNR"",""draft_year"":2014,""legacy_key"":""mason-cox""}",draft_pick,True,
557,afl-player-v1-b82cb6d7d94c9cfeabbc,mason-wood,Mason Wood,Port Adelaide Power,"MID,G-FWD",matched,Mason Wood,North Melbourne,G-FWD,"{""birth_date"":""1993-09-13"",""birth_year"":1993,""draft_pick"":44,""draft_type"":""ND"",""draft_year"":2012,""legacy_key"":""mason-wood""}",,True,
799,afl-player-v1-3b90ae2e238770e20777,matt-carroll,Matt Carroll,Western Bulldogs,"G-DEF,MID",matched,Matt Carroll,Carlton,MID,"{""birth_date"":""2005-11-28"",""birth_year"":2005,""draft_pick"":8,""draft_type"":""RD"",""draft_year"":2023,""legacy_key"":""matt-carroll""}",,True,
34,afl-player-v1-9753c5a65f8ab7ff3101,matt-cottrell,Matt Cottrell,Adelaide Crows,"MID,G-FWD",matched,Matt Cottrell,Carlton,MID,"{""birth_date"":""2000-02-29"",""birth_year"":2000,""draft_pick"":"""",""draft_type"":""SSP"",""draft_year"":2018,""legacy_key"":""matt-cottrell""}",draft_pick,True,
515,afl-player-v1-9186b21cf6ec11f9140a,matt-duffy,Matt Duffy,North Melbourne Kangaroos,"G-DEF,K-DEF",matched,Matt Duffy,Carlton,G-DEF,"{""birth_date"":""2004-01-02"",""birth_year"":2004,""draft_pick"":"""",""draft_type"":""IRE"",""draft_year"":2024,""legacy_key"":""matt-duffy""}",draft_pick,False,no_current_or_historical_scoring_games+not_recent_unplayed_draftee
261,afl-player-v1-5990557d50150e6d1dc8,matt-hill,Matt Hill,Free agents,G-DEF,matched,Matt Hill,Hawthorn,G-FWD,"{""birth_date"":""2004-01-01"",""birth_year"":2004,""draft_pick"":"""",""draft_type"":""UNR"",""draft_year"":2024,""legacy_key"":""matt-hill""}",draft_pick,False,no_current_or_historical_scoring_games+not_recent_unplayed_draftee
1,afl-player-v1-f51ef64a2881f2ca2690,matt-whitlock,Matt Whitlock,Adelaide Crows,"G-DEF,G-FWD,K-DEF",matched,Matt Whitlock,North Melbourne,K-FWD,"{""birth_date"":""2006-05-16"",""birth_year"":2006,""draft_pick"":27,""draft_type"":""ND"",""draft_year"":2024,""legacy_key"":""matt-whitlock""}",,True,
51,afl-player-v1-3e40163dcc0b002a3106,mattaes-phillipou,Mattaes Phillipou,Brisbane Lions,"G-FWD,MID",matched,Mattaes Phillipou,St Kilda,MID,"{""birth_date"":""2004-12-27"",""birth_year"":2004,""draft_pick"":10,""draft_type"":""ND"",""draft_year"":2022,""legacy_key"":""mattaes-phillipou""}",,True,
118,afl-player-v1-d3c8074362c09f68d3b3,matthew-jefferson,Matthew Jefferson,Carlton Blues,"G-FWD,K-FWD",matched,Matthew Jefferson,Melbourne,K-FWD,"{""birth_date"":""2004-03-08"",""birth_year"":2004,""draft_pick"":15,""draft_type"":""ND"",""draft_year"":2022,""legacy_key"":""matthew-jefferson""}",,True,
782,afl-player-v1-2f116f7f4f97a6bf192a,matthew-roberts,Matthew Roberts,Western Bulldogs,"G-DEF,MID",matched,Matthew Roberts,Sydney,G-DEF,"{""birth_date"":""2003-07-31"",""birth_year"":2003,""draft_pick"":34,""draft_type"":""ND"",""draft_year"":2021,""legacy_key"":""matthew-roberts""}",,True,
97,afl-player-v1-bba889f13399d9b9ee78,max-beattie,Max Beattie,Carlton Blues,"MID,G-FWD",matched,Max Beattie,Hawthorn,G-FWD,"{""birth_date"":""2003-11-18"",""birth_year"":2003,""draft_pick"":12,""draft_type"":""MSD"",""draft_year"":2026,""legacy_key"":""max-beattie""}",,False,no_current_or_historical_scoring_games+not_recent_unplayed_draftee
188,afl-player-v1-e2da1b01bb1f552e8dcf,max-gruzewski,Max Gruzewski,Essendon Bombers,"G-FWD,K-FWD",matched,Max Gruzewski,GWS,K-FWD,"{""birth_date"":""2004-07-21"",""birth_year"":2004,""draft_pick"":22,""draft_type"":""ND"",""draft_year"":2022,""legacy_key"":""max-gruzewski""}",,True,
781,afl-player-v1-a79de63b596184ec6aa8,max-hall,Max Hall,Western Bulldogs,"G-FWD,MID",matched,Max Hall,St Kilda,G-FWD,"{""birth_date"":""2002-04-15"",""birth_year"":2002,""draft_pick"":4,""draft_type"":""MSD"",""draft_year"":2024,""legacy_key"":""max-hall""}",,True,
691,afl-player-v1-3cd41ae70e67f1401076,max-heath,Max Heath,Sydney Swans,"RUCK,G-FWD,K-FWD",matched,Max Heath,St Kilda,RUCK,"{""birth_date"":""2002-10-24"",""birth_year"":2002,""draft_pick"":7,""draft_type"":""MSD"",""draft_year"":2021,""legacy_key"":""max-heath""}",,True,
432,afl-player-v1-f2d8efef518ca2749612,max-king-stk,Max King,Hawthorn Hawks,"K-FWD,G-FWD",matched,Max King,St Kilda,K-FWD,"{""birth_date"":""2007-01-09"",""birth_year"":2007,""draft_pick"":4,""draft_type"":""ND"",""draft_year"":2018,""legacy_key"":""max-king-stk""}",,True,
397,afl-player-v1-a90d32b3027114a2544b,max-ramsden,Max Ramsden,Hawthorn Hawks,"G-FWD,K-FWD",matched,Max Ramsden,Hawthorn,K-FWD,"{""birth_date"":""2003-04-19"",""birth_year"":2003,""draft_pick"":6,""draft_type"":""MSD"",""draft_year"":2022,""legacy_key"":""max-ramsden""}",,True,
593,afl-player-v1-5f43c9c902f7780ce789,max-king-syd,Maxwell King,Richmond Tigers,"G-FWD,K-FWD",matched,Maxwell King,Sydney,G-FWD,"{""birth_date"":""2007-01-09"",""birth_year"":2007,""draft_pick"":49,""draft_type"":""ND"",""draft_year"":2025,""legacy_key"":""max-king-syd""}",,True,
547,afl-player-v1-c05999000f6adcc37825,michael-frederick,Michael Frederick,Port Adelaide Power,"G-FWD,MID",matched,Michael Frederick,Fremantle,G-FWD,"{""birth_date"":""2000-05-17"",""birth_year"":2000,""draft_pick"":61,""draft_type"":""ND"",""draft_year"":2019,""legacy_key"":""michael-frederick""}",,True,
582,afl-player-v1-716f1eabdf51d799d667,milan-murdock,Milan Murdock,Richmond Tigers,"MID,G-FWD",matched,Milan Murdock,West Coast,G-FWD,"{""birth_date"":""2000-06-30"",""birth_year"":2000,""draft_pick"":"""",""draft_type"":""SSP"",""draft_year"":2025,""legacy_key"":""milan-murdock""}",draft_pick,True,
497,afl-player-v1-55d24843de9c3958ab7b,mitch-georgiades,Mitch Georgiades,North Melbourne Kangaroos,"G-FWD,K-FWD",matched,Mitch Georgiades,Port Adelaide,K-FWD,"{""birth_date"":""2001-09-28"",""birth_year"":2001,""draft_pick"":18,""draft_type"":""ND"",""draft_year"":2019,""legacy_key"":""mitch-georgiades""}",,True,
361,afl-player-v1-46e08b85a52fdc2973b1,mitch-mcgovern,Mitch McGovern,Geelong Cats,"G-DEF,G-FWD",matched,Mitch McGovern,Adelaide,G-DEF,"{""birth_date"":""1994-10-11"",""birth_year"":1994,""draft_pick"":43,""draft_type"":""ND"",""draft_year"":2014,""legacy_key"":""mitch-mcgovern""}",,True,
404,afl-player-v1-d918d8964003f39a3025,mitch-podhajski,Mitch Podhajski,Hawthorn Hawks,"G-FWD,K-FWD",matched,Mitch Podhajski,Collingwood,K-FWD,"{""birth_date"":""1999-01-04"",""birth_year"":1999,""draft_pick"":17,""draft_type"":""MSD"",""draft_year"":2026,""legacy_key"":""mitch-podhajski""}",,True,
486,afl-player-v1-f24a5a22059c4d196165,mitchell-lewis,Mitchell Lewis,North Melbourne Kangaroos,"G-FWD,K-FWD",matched,Mitchell Lewis,Hawthorn,K-FWD,"{""birth_date"":""1998-10-14"",""birth_year"":1998,""draft_pick"":75,""draft_type"":""ND"",""draft_year"":2016,""legacy_key"":""mitchell-lewis""}",,True,
419,afl-player-v1-4d39af42b1b14e098249,mitchell-marsh,Mitchell Marsh,Hawthorn Hawks,"G-FWD,K-FWD",matched,Mitchell Marsh,Adelaide,K-FWD,"{""birth_date"":""2007-02-15"",""birth_year"":2007,""draft_pick"":22,""draft_type"":""ND"",""draft_year"":2025,""legacy_key"":""mitchell-marsh""}",,True,
105,afl-player-v1-7ba5a1ae80798c88d4a4,mykelti-lefau,Mykelti Lefau,Carlton Blues,"G-FWD,K-FWD",matched,Mykelti Lefau,Richmond,K-FWD,"{""birth_date"":""1998-06-22"",""birth_year"":1998,""draft_pick"":"""",""draft_type"":""SSP"",""draft_year"":2023,""legacy_key"":""mykelti-lefau""}",draft_pick,True,
744,afl-player-v1-3a6df4b9ca059308ea0d,nasiah-wanganeen-milera,Nasiah Wanganeen-Milera,Brisbane Lions,"G-DEF,MID",matched,Nasiah Wanganeen-Milera,St Kilda,MID,"{""birth_date"":""2003-02-22"",""birth_year"":2003,""draft_pick"":11,""draft_type"":""ND"",""draft_year"":2021,""legacy_key"":""nasiah-wanganeen-milera""}",,True,
183,afl-player-v1-4d27655cd6fbc59ff72e,nate-caddy,Nate Caddy,Essendon Bombers,"G-FWD,K-FWD",matched,Nate Caddy,Essendon,K-FWD,"{""birth_date"":""2005-07-14"",""birth_year"":2005,""draft_pick"":10,""draft_type"":""ND"",""draft_year"":2023,""legacy_key"":""nate-caddy""}",,True,
731,afl-player-v1-f19f835c12df6ed8917b,ned-long,Ned Long,Brisbane Lions,"MID,G-FWD",matched,Ned Long,Hawthorn,MID,"{""birth_date"":""2003-02-05"",""birth_year"":2003,""draft_pick"":4,""draft_type"":""RD"",""draft_year"":2021,""legacy_key"":""ned-long""}",,True,
455,afl-player-v1-289911b71c417a06fb30,nicholas-martin,Nicholas Martin,Melbourne Demons,"MID,G-FWD",matched,Nicholas Martin,Essendon,MID,"{""birth_date"":""2001-04-03"",""birth_year"":2001,""draft_pick"":"""",""draft_type"":""SSP"",""draft_year"":2021,""legacy_key"":""nicholas-martin""}",draft_pick,True,
577,afl-player-v1-c9130ccf04e0cd0474b0,nick-driscoll,Nick Driscoll,Port Adelaide Power,G-FWD,matched,Nick Driscoll,Geelong,MID,"{""birth_date"":""2000-01-01"",""birth_year"":2000,""draft_pick"":6,""draft_type"":""RD"",""draft_year"":2025,""legacy_key"":""nick-driscoll""}",,True,
66,afl-player-v1-daa646e163644de88154,nick-larkey,Nick Larkey,Brisbane Lions,"G-FWD,K-FWD",matched,Nick Larkey,North Melbourne,K-FWD,"{""birth_date"":""1998-06-06"",""birth_year"":1998,""draft_pick"":72,""draft_type"":""ND"",""draft_year"":2016,""legacy_key"":""nick-larkey""}",,True,
342,afl-player-v1-f454cdc57bca55f25e29,nick-murray,Nick Murray,Fremantle Dockers,"G-DEF,K-DEF",matched,Nick Murray,Adelaide,K-DEF,"{""birth_date"":""2000-12-18"",""birth_year"":2000,""draft_pick"":"""",""draft_type"":""SSP"",""draft_year"":2020,""legacy_key"":""nick-murray""}",draft_pick,True,
65,afl-player-v1-a6ca86baae9b97711590,nikolas-cox,Nikolas Cox,Essendon Bombers,MID,matched,Nikolas Cox,Essendon,K-FWD,"{""birth_date"":""2002-01-15"",""birth_year"":2002,""draft_pick"":8,""draft_type"":""ND"",""draft_year"":2020,""legacy_key"":""nikolas-cox""}",,True,
13,afl-player-v1-98f25927e2518d84b035,noah-balta,Noah Balta,Adelaide Crows,"G-DEF,G-FWD,K-FWD,K-DEF",matched,Noah Balta,Richmond,K-FWD,"{""birth_date"":""1999-10-23"",""birth_year"":1999,""draft_pick"":25,""draft_type"":""ND"",""draft_year"":2017,""legacy_key"":""noah-balta""}",,True,
666,afl-player-v1-fc6ac46f92c3b7b16ed5,noah-chamberlain,Noah Chamberlain,St Kilda Saints,"G-FWD,K-FWD",matched,Noah Chamberlain,Sydney,G-FWD,"{""birth_date"":""2007-03-21"",""birth_year"":2007,""draft_pick"":"""",""draft_type"":""PDA"",""draft_year"":2025,""legacy_key"":""noah-chamberlain""}",draft_pick,False,no_current_or_historical_scoring_games+not_recent_unplayed_draftee
716,afl-player-v1-eabf1f78acbf56714425,noah-howes,Noah Howes,Essendon Bombers,"G-FWD,K-FWD",matched,Noah Howes,Collingwood,K-FWD,"{""birth_date"":""2005-10-28"",""birth_year"":2005,""draft_pick"":15,""draft_type"":""MSD"",""draft_year"":2025,""legacy_key"":""noah-howes""}",,False,no_current_or_historical_scoring_games+not_recent_unplayed_draftee
473,afl-player-v1-9f436a208f537d5d8e7e,noah-mraz,Noah Mraz,Melbourne Demons,"G-DEF,K-DEF",matched,Noah Mraz,Hawthorn,K-DEF,"{""birth_date"":""2006-02-20"",""birth_year"":2006,""draft_pick"":35,""draft_type"":""ND"",""draft_year"":2024,""legacy_key"":""noah-mraz""}",,True,
104,afl-player-v1-023276c69c07e6c60ab8,noah-roberts-thomson,Noah Roberts-Thomson,Carlton Blues,MID,matched,Noah Roberts-Thomson,Richmond,G-FWD,"{""birth_date"":""2007-03-29"",""birth_year"":2007,""draft_pick"":54,""draft_type"":""ND"",""draft_year"":2025,""legacy_key"":""noah-roberts-thomson""}",,True,
387,afl-player-v1-26ff1ee55b317fca0c0f,oisin-mullin,Oisin Mullin,Geelong Cats,"G-DEF,MID",matched,Oisin Mullin,Geelong,G-DEF,"{""birth_date"":""2000-02-11"",""birth_year"":2000,""draft_pick"":"""",""draft_type"":""IRE"",""draft_year"":2021,""legacy_key"":""oisin-mullin""}",draft_pick,True,
712,afl-player-v1-677d6d582c6d7170a62f,oliver-florent,Oliver Florent,Sydney Swans,"MID,G-DEF",matched,Oliver Florent,Sydney,G-DEF,"{""birth_date"":""1998-07-22"",""birth_year"":1998,""draft_pick"":11,""draft_type"":""ND"",""draft_year"":2016,""legacy_key"":""oliver-florent""}",,True,
448,afl-player-v1-4b9df048d6043b396620,oliver-hannaford,Oliver Hannaford,Melbourne Demons,MID,matched,Oliver Hannaford,GWS,G-FWD,"{""birth_date"":""2006-09-01"",""birth_year"":2006,""draft_pick"":18,""draft_type"":""ND"",""draft_year"":2024,""legacy_key"":""oliver-hannaford""}",,True,
88,afl-player-v1-7bf02b691759aa5668c1,oliver-henry,Oliver Henry,Brisbane Lions,"G-FWD,K-FWD",matched,Oliver Henry,Collingwood,G-FWD,"{""birth_date"":""2002-07-29"",""birth_year"":2002,""draft_pick"":18,""draft_type"":""ND"",""draft_year"":2020,""legacy_key"":""oliver-henry""}",,True,
694,afl-player-v1-145cb006483d7dd50196,oliver-hollands,Oliver Hollands,Sydney Swans,"G-DEF,MID",matched,Oliver Hollands,Carlton,G-DEF,"{""birth_date"":""2004-01-16"",""birth_year"":2004,""draft_pick"":11,""draft_type"":""ND"",""draft_year"":2022,""legacy_key"":""oliver-hollands""}",,True,
723,afl-player-v1-c8794f93f4aae9611841,ollie-lord,Ollie Lord,West Coast Eagles,"G-FWD,K-FWD",matched,Ollie Lord,Port Adelaide,K-FWD,"{""birth_date"":""2002-01-02"",""birth_year"":2002,""draft_pick"":51,""draft_type"":""ND"",""draft_year"":2020,""legacy_key"":""ollie-lord""}",,True,
648,afl-player-v1-b6c5a9b9541eb90c22ac,ollie-murphy,Ollie Murphy,St Kilda Saints,"G-DEF,K-DEF",matched,Ollie Murphy,Fremantle,K-DEF,"{""birth_date"":""2005-09-16"",""birth_year"":2005,""draft_pick"":41,""draft_type"":""ND"",""draft_year"":2023,""legacy_key"":""ollie-murphy""}",,False,no_current_or_historical_scoring_games+no_recent_activity_signal+not_recent_unplayed_draftee
474,afl-player-v1-27b92ed0b5135eaec321,oscar-adams,Oscar Adams,Melbourne Demons,"G-DEF,K-DEF",matched,Oscar Adams,St Kilda,G-DEF,"{""birth_date"":""2003-07-23"",""birth_year"":2003,""draft_pick"":51,""draft_type"":""ND"",""draft_year"":2021,""legacy_key"":""oscar-adams""}",,True,
110,afl-player-v1-00338d87a98ae8165ce5,oscar-allen,Oscar Allen,Carlton Blues,"G-FWD,K-FWD",matched,Oscar Allen,West Coast,K-FWD,"{""birth_date"":""1999-03-19"",""birth_year"":1999,""draft_pick"":21,""draft_type"":""ND"",""draft_year"":2017,""legacy_key"":""oscar-allen""}",,True,
238,afl-player-v1-44edbd90969b5c4373c3,oscar-berry,Oscar Berry,Free agents,"K-DEF,G-DEF",matched,Oscar Berry,,K-DEF,"{""birth_date"":""2002-01-04"",""birth_year"":2002,""draft_pick"":"""",""draft_type"":""UNR"",""draft_year"":2025,""legacy_key"":""oscar-berry""}",draft_pick,False,no_current_or_historical_scoring_games+not_recent_unplayed_draftee
277,afl-player-v1-449b339597a1555d5372,oscar-mcdonald,Oscar McDonald,Free agents,"K-DEF,G-DEF",matched,Oscar McDonald,Melbourne,K-DEF,"{""birth_date"":""1996-03-18"",""birth_year"":1996,""draft_pick"":53,""draft_type"":""ND"",""draft_year"":2014,""legacy_key"":""oscar-mcdonald""}",,True,
6,afl-player-v1-650b0c72bb3082a86c14,oscar-steene,Oscar Steene,Adelaide Crows,"RUCK,G-FWD,K-FWD",matched,Oscar Steene,Collingwood,RUCK,"{""birth_date"":""2003-08-23"",""birth_year"":2003,""draft_pick"":"""",""draft_type"":""SSP"",""draft_year"":2022,""legacy_key"":""oscar-steene""}",draft_pick,True,
70,afl-player-v1-9593a2d2734002e0b1d5,oskar-baker,Oskar Baker,Brisbane Lions,"G-DEF,MID,G-FWD",matched,Oskar Baker,Melbourne,G-FWD,"{""birth_date"":""1998-05-25"",""birth_year"":1998,""draft_pick"":48,""draft_type"":""ND"",""draft_year"":2017,""legacy_key"":""oskar-baker""}",,True,
138,afl-player-v1-601df8b42b8a60750b20,patrick-lipinski,Patrick Lipinski,Collingwood Magpies,"MID,G-FWD",matched,Patrick Lipinski,Western Bulldogs,G-FWD,"{""birth_date"":""1998-07-17"",""birth_year"":1998,""draft_pick"":28,""draft_type"":""ND"",""draft_year"":2016,""legacy_key"":""patrick-lipinski""}",,True,
428,afl-player-v1-ea08f8634f12c893cac8,patrick-snell,Patrick Snell,Hawthorn Hawks,"G-DEF,G-FWD,K-FWD,K-DEF",matched,Patrick Snell,Sydney,K-DEF,"{""birth_date"":""2005-07-18"",""birth_year"":2005,""draft_pick"":53,""draft_type"":""ND"",""draft_year"":2023,""legacy_key"":""patrick-snell""}",,False,no_current_or_historical_scoring_games+no_recent_activity_signal+not_recent_unplayed_draftee
336,afl-player-v1-c70559b9eceef976b9ab,patrick-voss,Patrick Voss,Fremantle Dockers,"G-FWD,K-FWD",matched,Patrick Voss,Essendon,K-FWD,"{""birth_date"":""2003-06-29"",""birth_year"":2003,""draft_pick"":6,""draft_type"":""RD"",""draft_year"":2021,""legacy_key"":""patrick-voss""}",,True,
664,afl-player-v1-e28761609cc2957874ad,peter-ladhams,Peter Ladhams,St Kilda Saints,"RUCK,G-FWD,K-FWD",matched,Peter Ladhams,Port Adelaide,RUCK,"{""birth_date"":""1998-01-14"",""birth_year"":1998,""draft_pick"":8,""draft_type"":""RD"",""draft_year"":2016,""legacy_key"":""peter-ladhams""}",,True,
559,afl-player-v1-bae70ee809d6cfc18464,peter-wright,Peter Wright,Port Adelaide Power,"G-FWD,K-FWD,RUCK",matched,Peter Wright,Gold Coast,K-FWD,"{""birth_date"":""1996-09-08"",""birth_year"":1996,""draft_pick"":10,""draft_type"":""ND"",""draft_year"":2014,""legacy_key"":""peter-wright""}",,True,
528,afl-player-v1-47fc3fea377757910ec4,reef-mcinnes,Reef McInnes,North Melbourne Kangaroos,"G-DEF,K-DEF",matched,Reef McInnes,Collingwood,K-DEF,"{""birth_date"":""2002-12-12"",""birth_year"":2002,""draft_pick"":24,""draft_type"":""ND"",""draft_year"":2020,""legacy_key"":""reef-mcinnes""}",,True,
468,afl-player-v1-413b1edfe188fa8c778c,reuben-ginbey,Reuben Ginbey,Melbourne Demons,G-DEF,matched,Reuben Ginbey,West Coast,K-DEF,"{""birth_date"":""2004-09-10"",""birth_year"":2004,""draft_pick"":9,""draft_type"":""ND"",""draft_year"":2022,""legacy_key"":""reuben-ginbey""}",,True,
113,afl-player-v1-6a7269c5c5368cf36265,rhett-bazzo,Rhett Bazzo,Carlton Blues,"G-DEF,K-DEF",matched,Rhett Bazzo,West Coast,K-DEF,"{""birth_date"":""2003-10-17"",""birth_year"":2003,""draft_pick"":37,""draft_type"":""ND"",""draft_year"":2021,""legacy_key"":""rhett-bazzo""}",,True,
555,afl-player-v1-eb27d6dadeb1a9bc5774,riak-andrew,Riak Andrew,Port Adelaide Power,"G-DEF,K-DEF",matched,Riak Andrew,Sydney,K-DEF,"{""birth_date"":""2005-02-17"",""birth_year"":2005,""draft_pick"":55,""draft_type"":""ND"",""draft_year"":2024,""legacy_key"":""riak-andrew""}",,True,
772,afl-player-v1-1e48a475f30de9837e3d,ricky-mentha,Ricky Mentha,Western Bulldogs,"G-DEF,G-FWD",matched,Ricky Mentha,Melbourne,G-FWD,"{""birth_date"":""2006-09-04"",""birth_year"":2006,""draft_pick"":"""",""draft_type"":""PDN"",""draft_year"":2024,""legacy_key"":""ricky-mentha""}",draft_pick,False,no_current_or_historical_scoring_games+not_recent_unplayed_draftee
220,afl-player-v1-fa4da742489a33e816d0,riley-garcia,Riley Garcia,Essendon Bombers,"MID,G-FWD",matched,Riley Garcia,Western Bulldogs,G-FWD,"{""birth_date"":""2001-01-30"",""birth_year"":2001,""draft_pick"":62,""draft_type"":""ND"",""draft_year"":2019,""legacy_key"":""riley-garcia""}",,True,
258,afl-player-v1-c13e1f14b2b069c3f78f,riley-hamilton,Riley Hamilton,Free agents,"G-FWD,MID",matched,Riley Hamilton,GWS,G-FWD,"{""birth_date"":""2006-08-15"",""birth_year"":2006,""draft_pick"":"""",""draft_type"":""PDA"",""draft_year"":2025,""legacy_key"":""riley-hamilton""}",draft_pick,False,no_current_or_historical_scoring_games+not_recent_unplayed_draftee
449,afl-player-v1-a2337d2b6345bdb9ed5e,riley-thilthorpe,Riley Thilthorpe,Melbourne Demons,"G-FWD,K-FWD",matched,Riley Thilthorpe,Adelaide,K-FWD,"{""birth_date"":""2002-07-07"",""birth_year"":2002,""draft_pick"":2,""draft_type"":""ND"",""draft_year"":2020,""legacy_key"":""riley-thilthorpe""}",,True,
291,afl-player-v1-e771eb4c731c953b5b51,river-stevens,River Stevens,Free agents,"G-FWD,MID",matched,River Stevens,North Melbourne,G-FWD,"{""birth_date"":""2006-06-26"",""birth_year"":2006,""draft_pick"":67,""draft_type"":""ND"",""draft_year"":2024,""legacy_key"":""river-stevens""}",,True,
717,afl-player-v1-10a5ccc7fb51a2b2e034,robert-hansen,Robert Hansen,West Coast Eagles,"MID,G-FWD",matched,Robert Hansen,North Melbourne,G-FWD,"{""birth_date"":""2004-03-13"",""birth_year"":2004,""draft_pick"":2,""draft_type"":""MSD"",""draft_year"":2023,""legacy_key"":""robert-hansen""}",,True,
551,afl-player-v1-e354e8f4a32723da0375,rory-lobb,Rory Lobb,Port Adelaide Power,"G-DEF,K-DEF",matched,Rory Lobb,GWS,K-DEF,"{""birth_date"":""1993-02-09"",""birth_year"":1993,""draft_pick"":29,""draft_type"":""ND"",""draft_year"":2013,""legacy_key"":""rory-lobb""}",,True,
561,afl-player-v1-0dbc2d44e3412f13c2b1,rowan-marshall,Rowan Marshall,Port Adelaide Power,"RUCK,K-FWD",matched,Rowan Marshall,St Kilda,RUCK,"{""birth_date"":""1995-11-24"",""birth_year"":1995,""draft_pick"":9,""draft_type"":""RD"",""draft_year"":2016,""legacy_key"":""rowan-marshall""}",,True,
255,afl-player-v1-9978daa48563b378b50f,ryan-gardner,Ryan Gardner,Free agents,"K-DEF,G-DEF",matched,Ryan Gardner,Geelong,K-DEF,"{""birth_date"":""1997-06-01"",""birth_year"":1997,""draft_pick"":58,""draft_type"":""ND"",""draft_year"":2015,""legacy_key"":""ryan-gardner""}",,True,
709,afl-player-v1-ac26f9acafae5ca8384a,ryan-lester,Ryan Lester,Sydney Swans,G-DEF,matched,Ryan Lester,Brisbane,K-DEF,"{""birth_date"":""1992-08-26"",""birth_year"":1992,""draft_pick"":36,""draft_type"":""ND"",""draft_year"":2010,""legacy_key"":""ryan-lester""}",,True,
655,afl-player-v1-438c94669f1f15473874,ryan-maric,Ryan Maric,St Kilda Saints,"G-DEF,MID",matched,Ryan Maric,West Coast,MID,"{""birth_date"":""2004-09-06"",""birth_year"":2004,""draft_pick"":1,""draft_type"":""MSD"",""draft_year"":2023,""legacy_key"":""ryan-maric""}",,True,
699,afl-player-v1-5691b6e2d0faf55f8715,ryley-sanders,Ryley Sanders,Sydney Swans,"MID,G-FWD",matched,Ryley Sanders,Western Bulldogs,MID,"{""birth_date"":""2005-01-21"",""birth_year"":2005,""draft_pick"":6,""draft_type"":""ND"",""draft_year"":2023,""legacy_key"":""ryley-sanders""}",,True,
518,afl-player-v1-6de2114eafbe620e3fd5,saad-el-hawli,Saad El-Hawli,North Melbourne Kangaroos,MID,matched,Saad El-Hawli,Essendon,G-DEF,"{""birth_date"":""2001-05-15"",""birth_year"":2001,""draft_pick"":13,""draft_type"":""MSD"",""draft_year"":2024,""legacy_key"":""saad-el-hawli""}",,True,
707,afl-player-v1-5aad4aa1e2445dd70350,sam-allen,Sam Allen,Sydney Swans,"MID,G-FWD",matched,Sam Allen,West Coast,MID,"{""birth_date"":""2007-01-13"",""birth_year"":2007,""draft_pick"":29,""draft_type"":""ND"",""draft_year"":2025,""legacy_key"":""sam-allen""}",,True,
119,afl-player-v1-7448a1c18180c1de59e0,sam-banks,Sam Banks,Carlton Blues,"G-DEF,MID",matched,Sam Banks,Richmond,G-DEF,"{""birth_date"":""2003-04-02"",""birth_year"":2003,""draft_pick"":29,""draft_type"":""ND"",""draft_year"":2021,""legacy_key"":""sam-banks""}",,True,
585,afl-player-v1-171fdad958760b98dbb8,sam-butler-1,Sam Butler,Richmond Tigers,"MID,G-FWD",matched,Sam Butler,Hawthorn,G-FWD,"{""birth_date"":""2003-02-10"",""birth_year"":2003,""draft_pick"":23,""draft_type"":""ND"",""draft_year"":2021,""legacy_key"":""sam-butler-1""}",,True,
3,afl-player-v1-762b0db67968a431f13b,sam-darcy,Sam Darcy,Adelaide Crows,"G-FWD,K-FWD",matched,Sam Darcy,Western Bulldogs,K-FWD,"{""birth_date"":""2003-07-19"",""birth_year"":2003,""draft_pick"":2,""draft_type"":""ND"",""draft_year"":2021,""legacy_key"":""sam-darcy""}",,True,
58,afl-player-v1-8623aaa7eb9f7e2a20e4,sam-davidson,Sam Davidson,Brisbane Lions,"MID,G-FWD",matched,Sam Davidson,Western Bulldogs,G-FWD,"{""birth_date"":""2001-12-13"",""birth_year"":2001,""draft_pick"":51,""draft_type"":""ND"",""draft_year"":2024,""legacy_key"":""sam-davidson""}",,True,
386,afl-player-v1-b1dc7c77c2ab6e66207d,sam-de-koning,Sam De Koning,Geelong Cats,"G-DEF,K-DEF",matched,Sam De Koning,Geelong,K-DEF,"{""birth_date"":""2001-02-26"",""birth_year"":2001,""draft_pick"":19,""draft_type"":""ND"",""draft_year"":2019,""legacy_key"":""sam-de-koning""}",,True,
514,afl-player-v1-a0b3ea7bd6d63a63235c,sam-draper,Sam Draper,North Melbourne Kangaroos,"RUCK,G-FWD,K-FWD",matched,Sam Draper,Essendon,RUCK,"{""birth_date"":""1998-09-28"",""birth_year"":1998,""draft_pick"":1,""draft_type"":""RD"",""draft_year"":2016,""legacy_key"":""sam-draper""}",,True,
739,afl-player-v1-dbd3e05880424b29dd77,sam-durham,Sam Durham,West Coast Eagles,"MID,G-FWD",matched,Sam Durham,Essendon,MID,"{""birth_date"":""2001-07-09"",""birth_year"":2001,""draft_pick"":9,""draft_type"":""MSD"",""draft_year"":2021,""legacy_key"":""sam-durham""}",,True,
37,afl-player-v1-225c5c03a81a8580efd3,sam-flanders,Sam Flanders,Adelaide Crows,"G-FWD,MID,G-DEF",matched,Sam Flanders,Gold Coast,MID,"{""birth_date"":""2001-07-24"",""birth_year"":2001,""draft_pick"":11,""draft_type"":""ND"",""draft_year"":2019,""legacy_key"":""sam-flanders""}",,True,
123,afl-player-v1-b797a7fefb7394990338,sam-lalor,Sam Lalor,Carlton Blues,"G-FWD,MID",matched,Sam Lalor,Richmond,MID,"{""birth_date"":""2006-08-30"",""birth_year"":2006,""draft_pick"":1,""draft_type"":""ND"",""draft_year"":2024,""legacy_key"":""sam-lalor""}",,True,
513,afl-player-v1-857aa1779d3df97c9dfc,sam-taylor,Sam Taylor,North Melbourne Kangaroos,"G-DEF,K-DEF",matched,Sam Taylor,GWS,K-DEF,"{""birth_date"":""1999-05-05"",""birth_year"":1999,""draft_pick"":28,""draft_type"":""ND"",""draft_year"":2017,""legacy_key"":""sam-taylor""}",,True,
631,afl-player-v1-d67bc7b09cde11708fcd,samuel-collins,Samuel Collins,St Kilda Saints,"G-DEF,K-DEF",matched,Samuel Collins,Fremantle,K-DEF,"{""birth_date"":""1994-06-15"",""birth_year"":1994,""draft_pick"":54,""draft_type"":""ND"",""draft_year"":2015,""legacy_key"":""samuel-collins""}",,True,
143,afl-player-v1-896343cd9a0c539cb6e0,samuel-grlj,Samuel Grlj,Collingwood Magpies,"G-DEF,MID",matched,Samuel Grlj,Richmond,MID,"{""birth_date"":""2007-07-26"",""birth_year"":2007,""draft_pick"":8,""draft_type"":""ND"",""draft_year"":2025,""legacy_key"":""samuel-grlj""}",,True,
676,afl-player-v1-0b6733fa38a15da624bc,sandy-brock,Sandy Brock,Sydney Swans,"G-DEF,K-DEF",matched,Sandy Brock,Gold Coast,K-DEF,"{""birth_date"":""2002-12-14"",""birth_year"":2002,""draft_pick"":"""",""draft_type"":""PDA"",""draft_year"":2021,""legacy_key"":""sandy-brock""}",draft_pick,True,
651,afl-player-v1-6dc14b7a0d0df05565c8,shai-bolton,Shai Bolton,St Kilda Saints,"MID,G-FWD",matched,Shai Bolton,Richmond,G-FWD,"{""birth_date"":""1998-12-08"",""birth_year"":1998,""draft_pick"":29,""draft_type"":""ND"",""draft_year"":2016,""legacy_key"":""shai-bolton""}",,True,
374,afl-player-v1-945c3ad0f520c0dd489a,shannon-neale,Shannon Neale,Geelong Cats,"G-FWD,K-FWD",matched,Shannon Neale,Geelong,K-FWD,"{""birth_date"":""2002-07-25"",""birth_year"":2002,""draft_pick"":35,""draft_type"":""ND"",""draft_year"":2020,""legacy_key"":""shannon-neale""}",,True,
447,afl-player-v1-384fa24082f2e4292c71,sid-draper,Sid Draper,Melbourne Demons,"MID,G-FWD",matched,Sid Draper,Adelaide,MID,"{""birth_date"":""2006-07-05"",""birth_year"":2006,""draft_pick"":4,""draft_type"":""ND"",""draft_year"":2024,""legacy_key"":""sid-draper""}",,True,
544,afl-player-v1-7fa57669a2ceda593183,stephen-coniglio,Stephen Coniglio,Port Adelaide Power,"MID,G-FWD",matched,Stephen Coniglio,GWS,MID,"{""birth_date"":""1993-12-15"",""birth_year"":1993,""draft_pick"":3,""draft_type"":""ND"",""draft_year"":2011,""legacy_key"":""stephen-coniglio""}",,True,
317,afl-player-v1-b80306d235d7edf322ad,sullivan-robey,Sullivan Robey,Fremantle Dockers,"MID,G-FWD",matched,Sullivan Robey,Essendon,MID,"{""birth_date"":""2007-10-04"",""birth_year"":2007,""draft_pick"":9,""draft_type"":""ND"",""draft_year"":2025,""legacy_key"":""sullivan-robey""}",,True,
405,afl-player-v1-8e2e6a62b231249ed929,tai-hayes,Tai Hayes,Hawthorn Hawks,"MID,G-FWD",matched,Tai Hayes,Brisbane,G-FWD,"{""birth_date"":""2004-11-18"",""birth_year"":2004,""draft_pick"":44,""draft_type"":""ND"",""draft_year"":2025,""legacy_key"":""tai-hayes""}",,True,
426,afl-player-v1-e902ab3fc23a7170ff83,taj-hotton,Taj Hotton,Hawthorn Hawks,G-FWD,matched,Taj Hotton,Richmond,MID,"{""birth_date"":""2006-06-17"",""birth_year"":2006,""draft_pick"":12,""draft_type"":""ND"",""draft_year"":2024,""legacy_key"":""taj-hotton""}",,True,
787,afl-player-v1-f23f5d01a5ebc72d7028,talor-byrne,Talor Byrne,Western Bulldogs,"MID,G-FWD",matched,Talor Byrne,Carlton,G-FWD,"{""birth_date"":""2007-11-14"",""birth_year"":2007,""draft_pick"":45,""draft_type"":""ND"",""draft_year"":2025,""legacy_key"":""talor-byrne""}",,True,
367,afl-player-v1-9d55ae026e35b795f6a5,taylor-walker,Taylor Walker,Geelong Cats,"G-FWD,K-FWD",matched,Taylor Walker,Adelaide,K-FWD,"{""birth_date"":""1990-04-25"",""birth_year"":1990,""draft_pick"":64,""draft_type"":""ND"",""draft_year"":2007,""legacy_key"":""taylor-walker""}",,True,
102,afl-player-v1-441ecf4754260c89227e,thomas-burton,Thomas Burton,Carlton Blues,MID,matched,Thomas Burton,Richmond,G-FWD,"{""birth_date"":""2007-01-09"",""birth_year"":2007,""draft_pick"":"""",""draft_type"":""SSP"",""draft_year"":2025,""legacy_key"":""thomas-burton""}",draft_pick,True,
439,afl-player-v1-9fd2c97e984a4411497b,thomas-sims,Thomas Sims,Hawthorn Hawks,"G-FWD,K-FWD",matched,Thomas Sims,Richmond,K-FWD,"{""birth_date"":""2006-05-12"",""birth_year"":2006,""draft_pick"":28,""draft_type"":""ND"",""draft_year"":2024,""legacy_key"":""thomas-sims""}",,True,
625,afl-player-v1-f7adb7c2cf1d0b3af926,tim-kelly,Tim Kelly,St Kilda Saints,"MID,G-FWD",matched,Tim Kelly,Geelong,MID,"{""birth_date"":""1994-07-26"",""birth_year"":1994,""draft_pick"":24,""draft_type"":""ND"",""draft_year"":2017,""legacy_key"":""tim-kelly""}",,True,
538,afl-player-v1-2f8f4a2bfa1014ab44a3,tim-membrey,Tim Membrey,Port Adelaide Power,"G-FWD,K-FWD",matched,Tim Membrey,Sydney,K-FWD,"{""birth_date"":""1994-05-26"",""birth_year"":1994,""draft_pick"":49,""draft_type"":""ND"",""draft_year"":2012,""legacy_key"":""tim-membrey""}",,True,
463,afl-player-v1-fd58640c5c54f6f75fdf,tobie-travaglia,Tobie Travaglia,Melbourne Demons,"G-DEF,MID",matched,Tobie Travaglia,St Kilda,G-DEF,"{""birth_date"":""2006-10-26"",""birth_year"":2006,""draft_pick"":8,""draft_type"":""ND"",""draft_year"":2024,""legacy_key"":""tobie-travaglia""}",,True,
67,afl-player-v1-d31ac1b67446aee6f5bc,toby-bedford,Toby Bedford,Brisbane Lions,"MID,G-FWD",matched,Toby Bedford,Melbourne,G-FWD,"{""birth_date"":""2000-05-27"",""birth_year"":2000,""draft_pick"":75,""draft_type"":""ND"",""draft_year"":2018,""legacy_key"":""toby-bedford""}",,True,
501,afl-player-v1-d26e334058cc256353fa,toby-greene,Toby Greene,North Melbourne Kangaroos,"G-FWD,MID",matched,Toby Greene,GWS,G-FWD,"{""birth_date"":""1993-09-25"",""birth_year"":1993,""draft_pick"":18,""draft_type"":""ND"",""draft_year"":2011,""legacy_key"":""toby-greene""}",,True,
465,afl-player-v1-69c7ff7f3226b9bbf10b,toby-mcmullin,Toby McMullin,Melbourne Demons,MID,matched,Toby McMullin,GWS,G-FWD,"{""birth_date"":""2004-08-06"",""birth_year"":2004,""draft_pick"":34,""draft_type"":""ND"",""draft_year"":2022,""legacy_key"":""toby-mcmullin""}",,True,
41,afl-player-v1-5bb790d99ccfd80d2422,toby-murray,Toby Murray,Adelaide Crows,"G-FWD,K-FWD,RUCK",matched,Toby Murray,Adelaide,K-FWD,"{""birth_date"":""2003-11-03"",""birth_year"":2003,""draft_pick"":7,""draft_type"":""MSD"",""draft_year"":2024,""legacy_key"":""toby-murray""}",,True,
286,afl-player-v1-ac916c5a414684518bb0,toby-pink,Toby Pink,Free agents,"K-DEF,G-DEF",matched,Toby Pink,Sydney,K-DEF,"{""birth_date"":""1998-08-11"",""birth_year"":1998,""draft_pick"":38,""draft_type"":""RD"",""draft_year"":2016,""legacy_key"":""toby-pink""}",,True,
622,afl-player-v1-91f9428225d3cfc1cd51,toby-whan,Toby Whan,Richmond Tigers,MID,matched,Toby Whan,Fremantle,G-FWD,"{""birth_date"":""2007-05-09"",""birth_year"":2007,""draft_pick"":"""",""draft_type"":""PDN"",""draft_year"":2025,""legacy_key"":""toby-whan""}",draft_pick,False,no_current_or_historical_scoring_games+not_recent_unplayed_draftee
29,afl-player-v1-362f152fd27e70a71f51,todd-marshall,Todd Marshall,Adelaide Crows,"K-FWD,K-DEF",matched,Todd Marshall,Port Adelaide,K-FWD,"{""birth_date"":""1998-10-08"",""birth_year"":1998,""draft_pick"":16,""draft_type"":""ND"",""draft_year"":2016,""legacy_key"":""todd-marshall""}",,True,
54,afl-player-v1-03bbba3884d3b4e86743,tom-barrass,Tom Barrass,Brisbane Lions,"G-DEF,K-DEF",matched,Tom Barrass,West Coast,K-DEF,"{""birth_date"":""1995-10-08"",""birth_year"":1995,""draft_pick"":43,""draft_type"":""ND"",""draft_year"":2013,""legacy_key"":""tom-barrass""}",,True,
599,afl-player-v1-4af5ff1d6c0a57d3f39a,tom-blamires,Tom Blamires,Richmond Tigers,"G-DEF,MID",matched,Tom Blamires,North Melbourne,G-DEF,"{""birth_date"":""2002-08-13"",""birth_year"":2002,""draft_pick"":"""",""draft_type"":""SSP"",""draft_year"":2025,""legacy_key"":""tom-blamires""}",draft_pick,True,
251,afl-player-v1-c04d11ebfbfcc241e844,tom-edwards,Tom Edwards,Free agents,"K-FWD,G-FWD",matched,Tom Edwards,Essendon,K-FWD,"{""birth_date"":""2000-05-20"",""birth_year"":2000,""draft_pick"":"""",""draft_type"":""SSP"",""draft_year"":2024,""legacy_key"":""tom-edwards""}",draft_pick,True,
482,afl-player-v1-49320c2b53b16d7c4195,tom-gross,Tom Gross,Melbourne Demons,"MID,G-FWD",matched,Tom Gross,West Coast,MID,"{""birth_date"":""2006-09-15"",""birth_year"":2006,""draft_pick"":46,""draft_type"":""ND"",""draft_year"":2024,""legacy_key"":""tom-gross""}",,True,
31,afl-player-v1-2f78d22f48bc1dcda5da,tom-lynch-1,Tom Lynch,Adelaide Crows,"G-FWD,K-FWD",matched,Tom Lynch,Gold Coast,K-FWD,"{""birth_date"":""1992-10-31"",""birth_year"":1992,""draft_pick"":12,""draft_type"":""ND"",""draft_year"":2010,""legacy_key"":""tom-lynch-1""}",,True,
698,afl-player-v1-109270d490b83c704afb,tom-mccartin,Tom McCartin,Sydney Swans,"G-DEF,K-DEF",matched,Tom McCartin,Sydney,K-DEF,"{""birth_date"":""1999-12-30"",""birth_year"":1999,""draft_pick"":33,""draft_type"":""ND"",""draft_year"":2017,""legacy_key"":""tom-mccartin""}",,True,
358,afl-player-v1-3c835dd107884340772b,tom-mcdonald,Tom McDonald,Geelong Cats,"G-DEF,K-DEF",matched,Tom McDonald,Melbourne,K-DEF,"{""birth_date"":""1992-09-18"",""birth_year"":1992,""draft_pick"":65,""draft_type"":""ND"",""draft_year"":2010,""legacy_key"":""tom-mcdonald""}",,True,
108,afl-player-v1-00c3832708c5db482c28,tom-powell,Tom Powell,Carlton Blues,"MID,G-FWD",matched,Tom Powell,North Melbourne,G-FWD,"{""birth_date"":""2002-03-02"",""birth_year"":2002,""draft_pick"":13,""draft_type"":""ND"",""draft_year"":2020,""legacy_key"":""tom-powell""}",,True,
684,afl-player-v1-255d45ce53af9a6a07e4,tom-sparrow,Tom Sparrow,Sydney Swans,"G-FWD,MID",matched,Tom Sparrow,Melbourne,MID,"{""birth_date"":""2000-05-31"",""birth_year"":2000,""draft_pick"":27,""draft_type"":""ND"",""draft_year"":2018,""legacy_key"":""tom-sparrow""}",,True,
372,afl-player-v1-c61603f67b0ce6706e05,touk-miller,Touk Miller,Geelong Cats,"MID,G-FWD",matched,Touk Miller,Gold Coast,MID,"{""birth_date"":""1996-02-22"",""birth_year"":1996,""draft_pick"":29,""draft_type"":""ND"",""draft_year"":2014,""legacy_key"":""touk-miller""}",,True,
4,afl-player-v1-d81b5ca8e2ca0494ccfa,ty-gallop,Ty Gallop,Adelaide Crows,"G-FWD,K-FWD,K-DEF,G-DEF",matched,Ty Gallop,Brisbane,K-FWD,"{""birth_date"":""2006-02-09"",""birth_year"":2006,""draft_pick"":42,""draft_type"":""ND"",""draft_year"":2024,""legacy_key"":""ty-gallop""}",,True,
81,afl-player-v1-6ee5771dc5cb49ab69e0,tylah-williams,Tylah Williams,Melbourne Demons,"MID,G-FWD",matched,Tylah Williams,West Coast,G-FWD,"{""birth_date"":""2007-02-22"",""birth_year"":2007,""draft_pick"":39,""draft_type"":""ND"",""draft_year"":2025,""legacy_key"":""tylah-williams""}",,True,
617,afl-player-v1-7d7158ee81a3adbb37f2,tylar-young,Tylar Young,Richmond Tigers,"G-DEF,K-DEF",matched,Tylar Young,Richmond,K-DEF,"{""birth_date"":""1998-09-05"",""birth_year"":1998,""draft_pick"":11,""draft_type"":""RD"",""draft_year"":2022,""legacy_key"":""tylar-young""}",,True,
214,afl-player-v1-19af711156146e5fdfa9,tyler-sonsie,Tyler Sonsie,Essendon Bombers,"MID,G-FWD",matched,Tyler Sonsie,Richmond,MID,"{""birth_date"":""2003-01-27"",""birth_year"":2003,""draft_pick"":28,""draft_type"":""ND"",""draft_year"":2021,""legacy_key"":""tyler-sonsie""}",,True,
481,afl-player-v1-e835a8155b9ccf6abc14,tyler-welsh,Tyler Welsh,Melbourne Demons,"G-FWD,K-FWD",matched,Tyler Welsh,Adelaide,K-FWD,"{""birth_date"":""2006-08-15"",""birth_year"":2006,""draft_pick"":59,""draft_type"":""ND"",""draft_year"":2024,""legacy_key"":""tyler-welsh""}",,True,
483,afl-player-v1-c239986e76a611a9b0a9,tyrell-dewar,Tyrell Dewar,Melbourne Demons,"G-DEF,MID",matched,Tyrell Dewar,West Coast,G-DEF,"{""birth_date"":""2004-03-27"",""birth_year"":2004,""draft_pick"":"""",""draft_type"":""PDN"",""draft_year"":2022,""legacy_key"":""tyrell-dewar""}",draft_pick,True,
780,afl-player-v1-72c73d5280805d2ddd58,wade-derksen,Wade Derksen,Western Bulldogs,"G-DEF,K-DEF",matched,Wade Derksen,GWS,K-DEF,"{""birth_date"":""2001-06-18"",""birth_year"":2001,""draft_pick"":5,""draft_type"":""MSD"",""draft_year"":2022,""legacy_key"":""wade-derksen""}",,True,
168,afl-player-v1-788b838249581ccea794,wil-dawson,Wil Dawson,Collingwood Magpies,"G-DEF,K-DEF",matched,Wil Dawson,North Melbourne,K-DEF,"{""birth_date"":""2005-12-20"",""birth_year"":2005,""draft_pick"":22,""draft_type"":""ND"",""draft_year"":2023,""legacy_key"":""wil-dawson""}",,True,
24,afl-player-v1-f6c1419e3347c583c2bb,wil-powell,Wil Powell,Adelaide Crows,"G-DEF,MID",matched,Wil Powell,Gold Coast,G-DEF,"{""birth_date"":""1999-08-26"",""birth_year"":1999,""draft_pick"":19,""draft_type"":""ND"",""draft_year"":2017,""legacy_key"":""wil-powell""}",,True,
315,afl-player-v1-5687d8e6e904034d48c6,will-darcy,Will Darcy,Fremantle Dockers,"G-DEF,G-FWD,K-FWD,K-DEF",matched,Will Darcy,Western Bulldogs,K-DEF,"{""birth_date"":""2007-03-14"",""birth_year"":2007,""draft_pick"":58,""draft_type"":""ND"",""draft_year"":2025,""legacy_key"":""will-darcy""}",,True,
211,afl-player-v1-c422d50e8bcb629acb87,will-edwards,Will Edwards,Essendon Bombers,"G-DEF,K-DEF",matched,Will Edwards,Sydney,K-DEF,"{""birth_date"":""2003-05-08"",""birth_year"":2003,""draft_pick"":"""",""draft_type"":""PDA"",""draft_year"":2022,""legacy_key"":""will-edwards""}",draft_pick,True,
395,afl-player-v1-41f3419530669bee00b4,will-graham,Will Graham,Hawthorn Hawks,"G-FWD,MID",matched,Will Graham,Gold Coast,G-FWD,"{""birth_date"":""2005-07-27"",""birth_year"":2005,""draft_pick"":26,""draft_type"":""ND"",""draft_year"":2023,""legacy_key"":""will-graham""}",,True,
678,afl-player-v1-01667c9cd5c02dca5a97,will-lewis,Will Lewis,Sydney Swans,"G-FWD,K-FWD",matched,Will Lewis,Western Bulldogs,K-FWD,"{""birth_date"":""1999-05-05"",""birth_year"":1999,""draft_pick"":"""",""draft_type"":""SSP"",""draft_year"":2025,""legacy_key"":""will-lewis""}",draft_pick,True,
430,afl-player-v1-67e6cade08e751a52e59,william-mccabe,William McCabe,Hawthorn Hawks,"G-DEF,K-DEF",matched,William McCabe,Hawthorn,K-FWD,"{""birth_date"":""2005-09-29"",""birth_year"":2005,""draft_pick"":19,""draft_type"":""ND"",""draft_year"":2023,""legacy_key"":""william-mccabe""}",,True,
583,afl-player-v1-f1b93c65c9f4fcaec365,xavier-bamert,Xavier Bamert,Richmond Tigers,MID,matched,Xavier Bamert,Port Adelaide,G-FWD,"{""birth_date"":""2007-01-29"",""birth_year"":2007,""draft_pick"":5,""draft_type"":""MSD"",""draft_year"":2026,""legacy_key"":""xavier-bamert""}",,True,
778,afl-player-v1-279d78b79a766963d4c9,xavier-lindsay,Xavier Lindsay,Western Bulldogs,"MID,G-DEF",matched,Xavier Lindsay,Melbourne,G-DEF,"{""birth_date"":""2006-08-03"",""birth_year"":2006,""draft_pick"":11,""draft_type"":""ND"",""draft_year"":2024,""legacy_key"":""xavier-lindsay""}",,True,
679,afl-player-v1-5e8ea652229ac10e25c6,xavier-o-halloran,Xavier O'Halloran,Sydney Swans,"MID,G-FWD",matched,Xavier O'Halloran,GWS,G-FWD,"{""birth_date"":""2000-07-11"",""birth_year"":2000,""draft_pick"":22,""draft_type"":""ND"",""draft_year"":2018,""legacy_key"":""xavier-o-halloran""}",,True,
300,afl-player-v1-05a96e95396f8da03c89,xavier-walsh,Xavier Walsh,Free agents,"K-FWD,G-FWD",matched,Xavier Walsh,Port Adelaide,K-DEF,"{""birth_date"":""2005-09-06"",""birth_year"":2005,""draft_pick"":7,""draft_type"":""RD"",""draft_year"":2023,""legacy_key"":""xavier-walsh""}",,False,no_current_or_historical_scoring_games+no_recent_activity_signal+not_recent_unplayed_draftee
507,afl-player-v1-7378cac294e3a212a182,zac-bailey,Zac Bailey,North Melbourne Kangaroos,"MID,G-FWD",matched,Zac Bailey,Brisbane,G-FWD,"{""birth_date"":""1999-09-23"",""birth_year"":1999,""draft_pick"":15,""draft_type"":""ND"",""draft_year"":2017,""legacy_key"":""zac-bailey""}",,True,
747,afl-player-v1-f1dd0d74e23a537ae659,zac-mccarthy,Zac McCarthy,West Coast Eagles,"RUCK,G-FWD,K-FWD",matched,Zac McCarthy,Collingwood,K-FWD,"{""birth_date"":""2007-10-27"",""birth_year"":2007,""draft_pick"":55,""draft_type"":""ND"",""draft_year"":2025,""legacy_key"":""zac-mccarthy""}",,True,
299,afl-player-v1-8ed1d0f2e2b3a1d83438,zac-walker,Zac Walker,Free agents,"K-DEF,G-DEF",matched,Zac Walker,Western Bulldogs,G-DEF,"{""birth_date"":""2006-03-03"",""birth_year"":2006,""draft_pick"":12,""draft_type"":""MSD"",""draft_year"":2025,""legacy_key"":""zac-walker""}",,False,no_current_or_historical_scoring_games+not_recent_unplayed_draftee
407,afl-player-v1-232fe142fd503fe9ba47,zach-reid,Zach Reid,Hawthorn Hawks,"G-DEF,K-DEF",matched,Zach Reid,Essendon,K-DEF,"{""birth_date"":""2002-03-02"",""birth_year"":2002,""draft_pick"":10,""draft_type"":""ND"",""draft_year"":2020,""legacy_key"":""zach-reid""}",,True,
662,afl-player-v1-c429049c86bb22e10b9a,zachary-williams,Zachary Williams,St Kilda Saints,"G-FWD,G-DEF",matched,Zachary Williams,GWS,G-DEF,"{""birth_date"":""1994-09-20"",""birth_year"":1994,""draft_pick"":"""",""draft_type"":""PDA"",""draft_year"":2012,""legacy_key"":""zachary-williams""}",draft_pick,True,
590,afl-player-v1-a2dce67dd6716ef00ac7,zane-duursma,Zane Duursma,Richmond Tigers,"G-DEF,G-FWD",matched,Zane Duursma,North Melbourne,G-FWD,"{""birth_date"":""2005-08-28"",""birth_year"":2005,""draft_pick"":4,""draft_type"":""ND"",""draft_year"":2023,""legacy_key"":""zane-duursma""}",,True,
94,afl-player-v1-9d46cc1ec1cb3092cfa7,zane-peucker,Zane Peucker,Carlton Blues,"MID,G-FWD",matched,Zane Peucker,Richmond,G-FWD,"{""birth_date"":""2007-12-04"",""birth_year"":2007,""draft_pick"":31,""draft_type"":""ND"",""draft_year"":2025,""legacy_key"":""zane-peucker""}",,True,
337,afl-player-v1-e30dbe4081998f54d1c8,zane-zakostelsky,Zane Zakostelsky,Fremantle Dockers,"G-DEF,RUCK,K-DEF",matched,Zane Zakostelsky,Brisbane,K-DEF,"{""birth_date"":""2005-12-14"",""birth_year"":2005,""draft_pick"":51,""draft_type"":""ND"",""draft_year"":2023,""legacy_key"":""zane-zakostelsky""}",,True,
344,afl-player-v1-6864d3b68960de314967,zeke-uwland,Zeke Uwland,Fremantle Dockers,"G-DEF,MID",matched,Zeke Uwland,Gold Coast,G-DEF,"{""birth_date"":""2007-04-24"",""birth_year"":2007,""draft_pick"":2,""draft_type"":""ND"",""draft_year"":2025,""legacy_key"":""zeke-uwland""}",,True,
