vnext_rank,key,player,position_forecast,position_utility,pick,tenure,age,five_year_utility_mean,five_year_utility_median,five_year_utility_p10,five_year_utility_p90,expected_games_5y_mc,expected_points_5y_mc,p_zero_meaningful_5y,p_90_any_5y_mc,p_100_any_5y_mc,p_110_any_5y_mc,exp_90_seasons_5y_mc,exp_100_seasons_5y_mc,exp_110_seasons_5y_mc,future_value_y1_mean,future_value_y2_mean,future_value_y1_p10,future_value_y1_p90,future_value_y2_p10,future_value_y2_p90
1,harry-sheezel,Harry Sheezel,FWD,MID,3.0,4,22.0,1888.005038433241,1761.4849201978182,651.4244332236026,3256.515992087546,98.69166666666666,9773.97673448978,0.0,0.9616666666666667,0.845,0.5833333333333334,3.3516666666666666,2.225,1.17,567.0702438392793,424.8796761549173,113.36837019813231,1073.790562246042,22.403669753328735,934.3744194757223
2,murphy-reid,Murphy Reid,FWD,FWD,17.0,2,20.0,1814.4563639850937,1771.9439382524818,590.5559645619153,3007.7782438998825,95.94833333333334,8769.27107479591,0.006666666666666667,0.86,0.665,0.38333333333333336,2.4266666666666667,1.3633333333333333,0.61,400.1963144928064,407.99112332817776,6.235268502036513,858.9170116907105,24.4247023259917,829.0912215682148
3,nick-daicos,Nick Daicos,MID,MID,4.0,5,23.0,1781.3188877720083,1682.5401776765402,574.6930499728797,3042.815401427925,95.64,9406.181917913978,0.0,0.95,0.825,0.575,3.23,2.15,1.11,541.4847624459019,400.15384492407384,87.77799716061553,1062.531098948265,9.317945361319074,881.534756137127
4,nick-watson,Nick Watson,FWD,FWD,5.0,3,21.0,1520.8048950554269,1410.1461904877528,453.6517294051572,2684.9094430613786,93.07,8174.836666900796,0.0,0.7833333333333333,0.5533333333333333,0.31666666666666665,2.006666666666667,1.0533333333333332,0.46166666666666667,334.819041933201,331.59065478186716,10.32627773143951,701.8501137671144,3.5576927537798526,763.402942555037
5,will-ashcroft,Will Ashcroft,MID,MID,2.0,4,22.0,1472.8594414514762,1374.561331308775,425.8791774229466,2650.852373680797,95.94333333333333,9071.846090638053,0.0,0.9266666666666666,0.735,0.4583333333333333,2.7866666666666666,1.7083333333333333,0.7966666666666666,379.44531365046583,342.7522579287561,11.424839459961264,814.9726565721321,3.55971253790795,784.269764106182
6,max-holmes,Max Holmes,MID,MID,21.0,6,24.0,1436.4379586857224,1374.0739238202477,435.7522575886317,2548.6608004630234,92.02333333333333,8657.534974574328,0.0,0.9216666666666666,0.75,0.44666666666666666,2.7066666666666666,1.6633333333333333,0.7733333333333333,449.08368413607127,347.19577884169183,35.30421058233977,885.3143260719024,3.4915067707701164,792.7168063371937
7,archie-roberts,Archie Roberts,DEF,DEF,54.0,3,21.0,1359.9867249348429,1253.3866150315075,313.6785412078689,2473.730619728413,94.25833333333334,8610.747726822934,0.0,0.865,0.6516666666666666,0.3883333333333333,2.4683333333333333,1.3683333333333334,0.6166666666666667,365.68551351437725,324.4571940342974,7.644787924897535,766.4497405597791,3.4884010397042657,743.4368979508341
8,ryley-sanders,Ryley Sanders,MID,MID,6.0,3,21.0,1353.7983141109455,1272.417318412893,346.342544497043,2501.1939026024133,93.65666666666667,8773.854731814514,0.0,0.895,0.71,0.43,2.6783333333333332,1.625,0.7366666666666667,317.39021755988426,305.25145138255954,6.91140588576942,695.4771754773367,2.902751776821135,720.193483108372
9,nasiah-wanganeen-milera,Nasiah Wanganeen-Milera,DEF,MID,11.0,5,23.0,1303.6762675847165,1166.3197521216584,295.27908674565225,2418.055995443394,90.86833333333334,8394.199333020566,0.0016666666666666668,0.87,0.6866666666666666,0.39666666666666667,2.493333333333333,1.475,0.66,392.14112204879336,313.5858070417446,5.4942355114345975,842.6322460983259,1.4720323084889255,716.737401572727
10,darcy-wilson,Darcy Wilson,MID,FWD,18.0,3,21.0,1301.699714173919,1287.3121552924797,393.9961330686313,2258.537747990806,84.01333333333334,7260.708501082041,0.0033333333333333335,0.7866666666666666,0.545,0.24666666666666667,1.8066666666666666,0.8766666666666667,0.30666666666666664,298.8963696957601,298.6118880236922,2.082356809102793,696.1956762495142,1.2314769040126607,668.5710819121092
11,finn-callaghan,Finn Callaghan,MID,MID,3.0,5,23.0,1209.2777717791819,1088.7281432525333,286.4234555870039,2262.4403520037235,88.485,8094.301102805634,0.0016666666666666668,0.87,0.6916666666666667,0.35833333333333334,2.405,1.3933333333333333,0.55,363.68899321891234,279.9603484567301,6.544004212235314,776.4951694775917,0.18248938177073118,633.8691123327783
12,levi-ashcroft,Levi Ashcroft,MID,MID,5.0,2,20.0,1175.2842255594092,1074.2898594092403,229.67609186524194,2183.359384530152,95.27333333333333,8644.20874546719,0.0016666666666666668,0.8683333333333333,0.6633333333333333,0.3983333333333333,2.3333333333333335,1.3116666666666668,0.5866666666666667,182.12152538533803,254.22132178722555,0.09738443775894548,499.9905953275191,0.3796066747410792,598.8729280765511
13,colby-mckercher,Colby McKercher,MID,MID,2.0,3,21.0,1168.7373293314083,1063.8842634511802,257.75879297514854,2165.0288446227873,93.85,8527.627360604865,0.0,0.8583333333333333,0.6416666666666667,0.39666666666666667,2.368333333333333,1.2816666666666667,0.575,241.94316479174265,252.75075591644335,0.6514703267358991,606.0645579760042,0.25306992037274056,592.718530295804
14,noah-anderson,Noah Anderson,MID,MID,2.0,7,25.0,1154.7853872808623,1070.3783643723045,283.8756411612776,2149.0154558869212,82.625,7523.362470466842,0.0016666666666666668,0.8583333333333333,0.6416666666666667,0.39666666666666667,2.195,1.2483333333333333,0.5583333333333333,385.21493385656487,314.0004478969772,9.420679548943749,833.6634781316087,0.7012686403831105,759.5069160599489
15,harley-reid,Harley Reid,MID,MID,1.0,3,21.0,1148.129497091489,1065.742252987408,206.42010953063175,2241.385129022612,93.16833333333334,8435.378522883426,0.0,0.8433333333333334,0.6316666666666667,0.365,2.295,1.2466666666666666,0.5433333333333333,248.5904555833491,259.6762842170268,1.4804113563907817,607.4087807024988,0.5615619324195674,603.5679235858807
16,luke-jackson,Luke Jackson,RUC,RUC,3.0,7,25.0,1138.4355964451995,1034.9093157082734,278.3825798067822,2168.3427549910284,83.255,7415.128691201435,0.0,0.8533333333333334,0.6033333333333334,0.325,2.1683333333333334,1.1316666666666666,0.49833333333333335,415.2857724776661,278.3817764241912,28.99321789909775,877.5315976097362,0.4543542287384374,667.9300529107417
17,bailey-smith,Bailey Smith,MID,MID,7.0,8,26.0,1131.8716852741074,1041.780294368281,274.5298903069152,2060.9570989082877,79.33833333333334,7188.9902185890915,0.0,0.8733333333333333,0.6683333333333333,0.3933333333333333,2.1416666666666666,1.2366666666666666,0.575,456.04824947909367,294.2751024739028,17.603784669122135,970.5610170344017,1.0819082702880825,712.773070617976
18,zak-butters,Zak Butters,MID,MID,12.0,8,26.0,1094.7159979054995,1037.4760167581317,256.1888965092955,2032.715897288634,79.515,7163.965479579556,0.0016666666666666668,0.8683333333333333,0.6666666666666666,0.37166666666666665,2.1433333333333335,1.2166666666666666,0.5266666666666666,441.0084592214823,282.79606883385316,29.743915968689066,907.6678323284724,0.8582658924524982,669.9317285220484
19,logan-morris,Logan Morris,FWD,FWD,31.0,3,21.0,1073.8688617064547,1000.3628148925113,224.5957705804987,1988.172496791984,86.5,7087.565134327676,0.0033333333333333335,0.6766666666666666,0.41333333333333333,0.17166666666666666,1.3666666666666667,0.5733333333333334,0.19833333333333333,224.0619614766262,254.01455745922556,0.8329913395865631,561.1940282352823,0.3520673342622819,608.1523969224645
20,connor-macdonald,Connor MacDonald,MID,FWD,26.0,5,23.0,1055.626364338811,960.678571651732,239.51227428243448,1930.504855817698,79.50333333333333,6561.753949814459,0.008333333333333333,0.67,0.375,0.17,1.3616666666666666,0.5766666666666667,0.20666666666666667,280.066424276245,263.8309833762037,0.8547863331386008,672.2270973151739,0.04390364541147386,636.6172015999801
21,lachlan-ash,Lachlan Ash,DEF,DEF,4.0,7,25.0,1047.0372811356522,1019.7771793634117,176.6424439411205,1949.5199170052408,85.135,7430.712796061858,0.0016666666666666668,0.795,0.5716666666666667,0.24,1.9516666666666667,0.9966666666666667,0.335,341.8951240991202,258.0682538908083,1.3113769737392107,715.3761180989259,0.2228554106597372,583.7258323776741
22,darcy-wilmot,Darcy Wilmot,DEF,DEF,16.0,5,23.0,1038.459466360984,925.3981519904901,225.1123556604903,2052.1632780333202,91.31833333333333,7936.266885032234,0.0,0.7883333333333333,0.5283333333333333,0.2633333333333333,1.9133333333333333,0.9766666666666667,0.3516666666666667,284.1589006892887,233.04595318867015,2.2923847535837445,655.4395612891674,0.3208544827540636,564.9161273402711
23,finn-o-sullivan,Finn O'Sullivan,MID,MID,2.0,2,20.0,1033.0164599570282,919.7781407499865,194.18836029423318,2052.2143782059866,90.20666666666666,8075.637464241476,0.0,0.8166666666666667,0.605,0.3416666666666667,2.138333333333333,1.1766666666666667,0.5083333333333333,192.67103399185052,224.5925417649423,0.21306800986292448,511.39486339790363,0.29326817488999785,568.654937428118
24,caleb-serong,Caleb Serong,MID,MID,8.0,7,25.0,1027.3292147509821,929.8608763138852,231.44164893925466,1944.7275891452462,79.63166666666666,7107.34512659543,0.005,0.8483333333333334,0.5916666666666667,0.335,2.0316666666666667,1.1416666666666666,0.4683333333333333,349.4864229956646,276.610607873142,2.7628676869085957,757.8059794896526,0.1327663816804209,686.9186420234147
25,willem-duursma,Willem Duursma,MID,MID,1.0,1,19.0,1024.8624276573637,954.7074445265323,219.089691237372,1877.4277629343196,88.595,7972.677708292228,0.0,0.87,0.6616666666666666,0.37,2.1666666666666665,1.215,0.48833333333333334,175.5952396370971,197.02290727398756,0.1684849412540575,456.7367924454803,0.014658951097399588,526.1785746262103
26,kysaiah-pickett,Kysaiah Pickett,FWD,FWD,12.0,7,25.0,1023.8438951643631,952.347006403407,245.88370625379864,1911.148844603327,76.37,6246.239269810177,0.01,0.675,0.37833333333333335,0.15333333333333332,1.305,0.5316666666666666,0.17833333333333334,348.1169592536426,261.60010005261796,5.25299715048572,724.0928706004697,0.5541868774208512,619.606737647318
27,harvey-thomas,Harvey Thomas,FWD,FWD,59.0,3,21.0,1013.2234376945136,936.8228805811367,254.23071869027206,1842.4304634366786,78.95666666666666,6487.809988313329,0.0,0.68,0.39666666666666667,0.145,1.2666666666666666,0.5533333333333333,0.165,266.00415533274474,234.88960582691084,0.5920965334752094,631.6933047776391,0.02076272858168885,582.2632673488334
28,harvey-langford,Harvey Langford,MID,MID,6.0,2,20.0,1000.35945260592,895.7371138978156,217.06029919175313,1920.4293968741515,93.02666666666667,8244.758491921444,0.0,0.8316666666666667,0.595,0.3433333333333333,2.02,1.07,0.47333333333333333,155.63258149910033,210.35814770848458,0.12622137502384656,441.45676570368096,0.1376829336670062,520.4544342348837
29,bailey-humphrey,Bailey Humphrey,MID,FWD,6.0,4,22.0,941.989137194379,881.1982189937737,186.86985105257398,1772.1605346322053,78.99833333333333,6408.362054004899,0.01,0.6583333333333333,0.34833333333333333,0.14,1.1966666666666668,0.49166666666666664,0.16666666666666666,174.53295326690005,238.51941632817557,0.0,477.52688224416823,0.0745809415662285,573.4143459611395
30,jaspa-fletcher,Jaspa Fletcher,MID,DEF,12.0,4,22.0,910.6419453657027,791.275126860568,143.60002013111512,1915.9692411271894,86.55666666666667,7388.852119231546,0.008333333333333333,0.7483333333333333,0.48,0.235,1.6733333333333333,0.8016666666666666,0.32166666666666666,198.4272774239347,227.59296854114683,0.1118146679381987,524.2413144667969,0.026255555629314264,605.739787703754
31,connor-o-sullivan,Connor O'Sullivan,DEF,DEF,11.0,3,21.0,909.173864972147,810.6082999643456,128.21149575327388,1817.4384454835454,91.32,7766.006098554077,0.0,0.7716666666666666,0.5083333333333333,0.26166666666666666,1.7083333333333333,0.8633333333333333,0.32666666666666666,166.3428377965233,184.76069730944718,0.049062983558467194,478.9623437019271,0.03335388324134235,504.73345199778976
32,aaron-cadman,Aaron Cadman,FWD,FWD,1.0,4,22.0,905.8867116081067,812.4693801770541,193.64202887320877,1718.4892243670995,79.33333333333333,6361.558634073085,0.0016666666666666668,0.6083333333333333,0.32,0.09666666666666666,1.14,0.435,0.11833333333333333,215.7653065677405,215.26034099814677,0.5346388579455179,553.1576873552247,0.13243224769720005,532.9066378298763
33,jason-horne-francis,Jason Horne-Francis,MID,MID,1.0,5,23.0,894.947379017851,770.6060586596252,168.55874532105122,1747.8633610205443,81.74333333333334,7155.60225351598,0.0016666666666666668,0.805,0.54,0.27166666666666667,1.8916666666666666,0.9483333333333334,0.35333333333333333,270.2555933761702,214.07024130846256,0.9629678686076241,666.8171817378729,0.0763511124247707,538.5170931758262
34,josh-treacy,Josh Treacy,FWD,FWD,5.0,6,24.0,803.7401294190392,750.1557517323027,168.72760598300482,1508.7927288240962,69.065,5435.713384010618,0.006666666666666667,0.575,0.2833333333333333,0.08166666666666667,0.95,0.355,0.09,304.81150024513056,213.1327205797995,2.238198607821522,696.8351776708456,0.18085049423442226,524.1722728421407
35,joel-freijah,Joel Freijah,MID,MID,45.0,3,21.0,780.9286129618945,655.8184454994121,128.87533335030318,1536.3261434403366,85.405,7272.232950425617,0.0016666666666666668,0.7483333333333333,0.5133333333333333,0.215,1.6233333333333333,0.79,0.26166666666666666,155.65790597599835,194.35198666489816,0.05020800388784227,464.41673817420514,0.0018287046024504363,537.4039012647365
36,riley-thilthorpe,Riley Thilthorpe,FWD,FWD,2.0,6,24.0,776.2774319565913,706.0208655612978,167.72476463724877,1391.1997639962728,71.76666666666667,5628.460231530831,0.018333333333333333,0.5616666666666666,0.24666666666666667,0.06166666666666667,0.8833333333333333,0.29833333333333334,0.065,237.11777737084242,200.3370380574904,0.0,564.8260053559775,0.0,524.8478058274333
37,matt-rowell,Matt Rowell,MID,MID,1.0,7,25.0,765.2911432616323,672.6693226334969,142.24000427025462,1485.4221196409835,74.34,6381.489301605296,0.015,0.7883333333333333,0.505,0.20833333333333334,1.5833333333333333,0.7383333333333333,0.24666666666666667,258.02601917970424,200.3648190451506,0.0,591.3699836984799,0.0,522.0499299448733
38,josh-rachele,Josh Rachele,FWD,FWD,6.0,5,23.0,761.3186858917504,683.6698500722348,110.71744527065336,1502.8340499125884,73.86833333333334,5723.255750105656,0.006666666666666667,0.5516666666666666,0.27,0.08666666666666667,0.9166666666666666,0.3383333333333333,0.095,220.26632465221988,189.6544497610324,0.4174038406362978,553.7400243137483,0.0509725566016405,508.5569444172314
39,andrew-brayshaw,Andrew Brayshaw,MID,MID,2.0,9,27.0,755.9871330634033,668.0885237999885,104.18949032316335,1558.494185515369,73.78166666666667,6230.248915265204,0.011666666666666667,0.7583333333333333,0.4683333333333333,0.21,1.535,0.7233333333333334,0.24833333333333332,299.7697494025422,207.07314424871942,1.81225077022438,695.1709297493408,0.00020558964568685451,522.6530019194515
40,tom-green,Tom Green,MID,MID,10.0,7,25.0,745.5335858902866,666.9277284893894,101.79777424179031,1518.2002251675983,69.56166666666667,5976.351297469001,0.023333333333333334,0.775,0.5066666666666667,0.205,1.5733333333333333,0.7433333333333333,0.24666666666666667,299.4903101804466,172.86691506421528,0.0,672.6067805885551,0.0,464.0926502950999
41,mac-andrew,Mac Andrew,DEF,DEF,5.0,5,23.0,734.0945867690505,635.1804304199443,83.45637167295158,1575.1845122405473,81.65,6716.341740846348,0.0016666666666666668,0.6566666666666666,0.41333333333333333,0.16833333333333333,1.3566666666666667,0.6166666666666667,0.2,196.73146709689064,181.8790880448873,0.09190249775471988,526.1107970620577,0.030182856667722083,491.97378465279417
42,joe-berry,Joe Berry,FWD,FWD,15.0,2,20.0,724.5552392601426,601.6762647874556,141.35764080178345,1444.8149327166818,76.93833333333333,5910.118202879623,0.0033333333333333335,0.515,0.2683333333333333,0.095,0.815,0.345,0.10166666666666667,132.483940025136,175.4941747480202,0.017750939910519337,382.98157471142684,0.0265124051224352,469.653920365436
43,zac-bailey,Zac Bailey,FWD,FWD,15.0,9,27.0,724.4254849761569,668.0863349911292,110.47748698604387,1388.9647898948865,67.42833333333333,5176.372593064898,0.005,0.5533333333333333,0.245,0.05333333333333334,0.8533333333333334,0.30833333333333335,0.056666666666666664,280.93158455253416,202.6662255949254,2.0327695224380604,668.9396293612044,0.10469898673229475,509.6035354799065
44,nick-blakey,Nick Blakey,FWD,DEF,10.0,8,26.0,717.3186979013718,619.0091162016707,83.19561331686288,1451.7721973294003,75.17833333333333,6176.004281903773,0.005,0.6966666666666667,0.4066666666666667,0.16666666666666666,1.305,0.5916666666666667,0.19833333333333333,267.2545406081138,192.25713705832865,0.3780604434904629,654.1839807033696,0.012286200851226028,541.469883508028
45,sam-flanders,Sam Flanders,MID,MID,11.0,7,25.0,717.0146619788133,635.2398104556413,77.54620711178903,1444.9071079951075,71.215,6012.641522843015,0.008333333333333333,0.745,0.4683333333333333,0.20166666666666666,1.46,0.7033333333333334,0.25,283.2750068233037,202.2328094854456,1.094070779291885,698.6412958363582,0.09389566200395492,498.60020198096726
46,sam-lalor,Sam Lalor,MID,MID,1.0,2,20.0,714.6304671565161,599.3438654151616,109.13962146157725,1399.6422010018991,77.11333333333333,6602.310673815544,0.006666666666666667,0.7583333333333333,0.48,0.24166666666666667,1.6116666666666666,0.7566666666666667,0.31166666666666665,118.26778184157284,166.47803998061622,0.0,366.3432962172692,0.051462966483744155,445.37132645097535
47,hugo-garcia,Hugo Garcia,MID,MID,50.0,3,21.0,712.9087325126401,623.2084385809076,76.44870471292255,1456.1395530353416,79.785,6737.657939516627,0.01,0.72,0.44166666666666665,0.19666666666666666,1.535,0.685,0.22166666666666668,176.89164648098816,169.1441673811214,0.06825283993422601,484.488367807018,0.03621641871627818,466.5823946567269
48,marcus-bontempelli,Marcus Bontempelli,MID,MID,4.0,13,31.0,695.1399602322492,591.9563149309547,157.37549451551607,1339.5369815897948,58.678333333333335,4932.710819250278,0.008333333333333333,0.81,0.5216666666666666,0.2683333333333333,1.3666666666666667,0.715,0.30666666666666664,406.64321798774444,176.57928496640966,19.50503156745108,890.3978224422044,0.0,480.4099725337453
49,reuben-ginbey,Reuben Ginbey,MID,DEF,9.0,4,22.0,692.682642573898,585.8377130407807,86.23637685848385,1402.9280001382401,83.345,6822.910507253875,0.0033333333333333335,0.675,0.38666666666666666,0.17333333333333334,1.3166666666666667,0.53,0.19333333333333333,157.86067673787437,163.6600906108049,0.0521044435992648,439.4971359425446,0.021331973416123515,428.6289528248151
50,isaac-heeney,Isaac Heeney,MID,MID,4.0,12,30.0,672.4018450687659,576.7503821368973,110.44501063456258,1375.1306301350494,61.468333333333334,5134.302737378638,0.005,0.7716666666666666,0.47833333333333333,0.21166666666666667,1.3483333333333334,0.6683333333333333,0.25,356.99128417105374,186.9472390397631,11.032075261974176,777.1222887442507,0.017232209410191865,482.62628678152447
51,luke-davies-uniacke,Luke Davies-Uniacke,MID,MID,4.0,9,27.0,668.5953995619626,584.2181109816815,96.11991131097207,1334.0842281689568,65.11,5465.3333776969885,0.008333333333333333,0.72,0.455,0.19333333333333333,1.3533333333333333,0.6433333333333333,0.23166666666666666,311.57874002769813,181.53324490896887,2.7041587912064284,704.54137762863,0.0,490.5110555126285
52,jye-amiss,Jye Amiss,FWD,FWD,8.0,5,23.0,666.826348481687,567.9449883994414,77.34423110706076,1368.5081407305563,73.83833333333334,5575.719330780311,0.006666666666666667,0.485,0.21666666666666667,0.07,0.7366666666666667,0.2683333333333333,0.08166666666666667,172.51176482103975,160.96559585637044,0.025416185984870845,474.30933717050493,0.008474054351409178,461.389396063092
53,josh-lindsay,Josh Lindsay,DEF,DEF,19.0,1,19.0,665.7871252352708,560.2648944620172,68.65873521405616,1406.5129867393728,83.395,6813.096160379009,0.0033333333333333335,0.6616666666666666,0.3983333333333333,0.16333333333333333,1.255,0.58,0.2,104.96918471196511,125.85109900466438,0.0050112140903653445,328.20187162230184,0.014032692185406532,354.2353303802285
54,josh-ward,Josh Ward,MID,MID,7.0,5,23.0,640.737952309439,562.1625750556135,56.906925662857724,1302.1475302050203,80.09166666666667,6619.087534480476,0.01,0.6866666666666666,0.38666666666666666,0.14166666666666666,1.325,0.5633333333333334,0.17666666666666667,168.3570831512883,171.2991731226161,0.07934295407638826,435.7230339338567,0.05449176230772463,448.2802382283448
55,isaac-kako,Isaac Kako,FWD,FWD,13.0,2,20.0,636.7252092216172,540.5716431521403,81.42830510625855,1311.639234254451,72.43166666666667,5491.789710767932,0.016666666666666666,0.5,0.235,0.08666666666666667,0.74,0.2833333333333333,0.09166666666666666,89.22679553669101,155.57333887145376,0.0,292.49527777150246,0.0,436.9981508627971
56,sam-berry,Sam Berry,MID,MID,29.0,6,24.0,633.8116902898196,521.2838587331255,77.74085954968125,1306.7164804182928,70.83,5903.739650736935,0.011666666666666667,0.7033333333333334,0.39166666666666666,0.15666666666666668,1.345,0.5533333333333333,0.19166666666666668,223.12035571587776,173.99097517774405,0.1887023330149836,555.1496669974781,0.005475202453146235,451.4893518161843
57,oliver-hollands,Oliver Hollands,MID,DEF,11.0,4,22.0,631.1879645938341,524.7791130982713,67.6026545553481,1353.1854327312592,76.85166666666667,6237.878307343568,0.006666666666666667,0.65,0.375,0.15,1.1783333333333332,0.5366666666666666,0.17166666666666666,126.55596311026049,166.71781951226237,0.0,391.8014897881483,0.01091986472590342,474.22459372729224
58,max-hall,Max Hall,FWD,FWD,4.0,2,24.0,626.3812253422984,529.0518161704572,65.17714127310981,1318.0868486066745,73.785,5490.1059443534405,0.01,0.44333333333333336,0.20666666666666667,0.058333333333333334,0.6816666666666666,0.25333333333333335,0.06,177.28731478172705,154.0238576552713,0.039847494119200584,479.3248163592929,0.014564407717233422,422.0056516257615
59,jordan-clark,Jordan Clark,DEF,DEF,15.0,8,26.0,623.0012758693126,565.3879148592099,63.73512731263711,1250.1760100501572,72.83833333333334,5865.6265853253735,0.008333333333333333,0.64,0.35333333333333333,0.095,1.1566666666666667,0.4583333333333333,0.10333333333333333,246.04765168528354,167.4467393608392,0.270419943460477,597.1359060032083,0.0009541476261648635,450.67098170425515
60,joshua-weddle,Joshua Weddle,DEF,DEF,18.0,4,22.0,612.1293965760283,505.92327905411315,50.80218562298212,1293.9564996095417,81.69333333333333,6524.375751084988,0.006666666666666667,0.6283333333333333,0.32166666666666666,0.12,1.16,0.455,0.13833333333333334,145.0788180532087,145.40050851276945,0.035355736522596576,411.630797048969,0.01466459356586184,428.5279544064558
61,nate-caddy,Nate Caddy,FWD,FWD,10.0,3,21.0,610.1655076283969,515.2937219343185,63.724754428061814,1210.5001092267607,72.20333333333333,5411.71206749165,0.011666666666666667,0.45166666666666666,0.19833333333333333,0.055,0.6716666666666666,0.23833333333333334,0.06,113.6494696833313,149.34377997623807,0.0,356.81103974908643,0.0006342696807804885,423.3621051529036
62,jai-newcombe,Jai Newcombe,MID,MID,2.0,5,25.0,605.526212723821,526.0135785209222,43.11003191179025,1295.6949849647674,75.73,6171.426273469839,0.0033333333333333335,0.66,0.36833333333333335,0.115,1.3016666666666667,0.5366666666666666,0.135,229.38411924057726,146.59265555601272,0.5361076218867017,583.6288395998876,0.025870422551613825,393.66161823859363
63,lawson-humphries,Lawson Humphries,DEF,DEF,63.0,3,23.0,600.2477534121595,499.100089767693,45.906144420706184,1266.6860370091986,81.485,6458.10844456688,0.0033333333333333335,0.6216666666666667,0.32666666666666666,0.11666666666666667,1.1016666666666666,0.4266666666666667,0.12833333333333333,159.46323786527938,149.2366929088447,0.10793876190266388,457.2893495334775,0.013581665324462333,417.81070291087383
64,sam-walsh,Sam Walsh,MID,MID,1.0,8,26.0,598.3640848388821,508.19921351822416,62.253013584523,1218.928326804207,64.78666666666666,5365.175885293498,0.016666666666666666,0.6933333333333334,0.4,0.14833333333333334,1.21,0.5333333333333333,0.16833333333333333,243.30379538661964,170.5641719685532,0.0,599.4031966902495,0.0,472.9322593269556
65,clayton-oliver,Clayton Oliver,MID,MID,4.0,11,29.0,588.600328306941,498.15562870565475,71.9053114167227,1209.3627180155495,61.735,5057.531864761153,0.005,0.7033333333333334,0.43666666666666665,0.17,1.1683333333333332,0.5616666666666666,0.18666666666666668,293.8740070118039,169.95887744677,1.4044237344133415,666.1473185373833,0.008991033691419535,489.13135615637503
66,jacob-farrow,Jacob Farrow,DEF,DEF,10.0,1,19.0,585.75864310308,493.05951599823175,32.12595450860092,1241.5115978835327,81.46166666666667,6502.664045750074,0.011666666666666667,0.615,0.355,0.15166666666666667,1.14,0.49833333333333335,0.16833333333333333,81.34765134354741,118.99681812371452,0.002370500825881706,278.5672546930499,0.0017490159863870686,369.10679125945813
67,ed-richards,Ed Richards,MID,MID,16.0,9,27.0,580.0510071041675,493.7166342846674,59.56696087300161,1189.2901461523659,67.09166666666667,5458.98013976184,0.01,0.6983333333333334,0.3933333333333333,0.14666666666666667,1.1916666666666667,0.5333333333333333,0.165,254.76172442637025,162.05360703915156,0.7360491622628845,598.9326510440434,3.18698382145935e-05,459.4365208705412
68,sam-darcy,Sam Darcy,FWD,FWD,2.0,5,23.0,573.4337884933763,511.1352811270476,61.649620655905885,1159.1125843902933,59.64333333333333,4539.210684608511,0.041666666666666664,0.44666666666666666,0.20666666666666667,0.056666666666666664,0.655,0.24666666666666667,0.058333333333333334,177.3308011921507,143.17982624084462,0.0,482.1725770790058,0.0,450.81633812169036
69,paul-curtis,Paul Curtis,FWD,FWD,35.0,5,23.0,565.2829906610307,475.3046927656742,47.210441996321386,1156.0590316999846,70.29166666666667,5182.528964782073,0.018333333333333333,0.4083333333333333,0.16666666666666666,0.03,0.5833333333333334,0.205,0.03333333333333333,146.59333605310928,155.82665530360498,0.0,430.43416575707914,0.0,435.66388963876625
70,chad-warner,Chad Warner,MID,MID,39.0,7,25.0,553.6034273124911,484.7137933496891,52.51455648708637,1176.1076604676098,69.06666666666666,5605.2271688685305,0.013333333333333334,0.6483333333333333,0.33,0.12,1.0983333333333334,0.44666666666666666,0.135,231.20581359604404,153.8699887834971,0.4303131638332225,578.6662693951997,0.0,446.0071057081748
71,jake-bowey,Jake Bowey,DEF,DEF,22.0,6,24.0,551.4675831977123,494.62730069754446,30.095540788478854,1142.6556906738983,67.21,5398.755216602883,0.03,0.6383333333333333,0.3383333333333333,0.105,1.065,0.435,0.11166666666666666,190.58322993497947,146.27622760511153,0.0,532.7144485254324,0.0,403.6464651235017
72,jobe-shanahan,Jobe Shanahan,FWD,FWD,30.0,2,20.0,542.5784891008311,471.66579089122496,47.18826015743305,1179.0017443945155,70.12166666666667,5162.612990363926,0.015,0.43666666666666665,0.17166666666666666,0.058333333333333334,0.6216666666666667,0.19833333333333333,0.058333333333333334,99.20676038419502,122.88921984412161,0.0,329.255893242775,0.0,403.51329018145964
73,tom-powell,Tom Powell,MID,FWD,13.0,6,24.0,542.452400722812,454.90532159553317,47.19418252433915,1133.710815750513,60.40833333333333,4555.268188056537,0.03166666666666667,0.43833333333333335,0.165,0.03666666666666667,0.595,0.185,0.03833333333333333,156.5277300553225,126.58068408549521,0.0,424.2017258165502,0.0,373.14405283822884
74,jake-soligo,Jake Soligo,MID,MID,36.0,5,23.0,537.8881059289515,453.29088540195096,49.3055950430826,1188.4100129245637,74.54333333333334,6050.585248941175,0.015,0.63,0.3466666666666667,0.11333333333333333,1.1283333333333334,0.4583333333333333,0.11833333333333333,130.70768453453348,137.5527689654145,0.0,400.22947744764383,0.0,409.4897260715763
75,jagga-smith,Jagga Smith,MID,MID,3.0,2,20.0,531.092650525713,422.72772109721126,31.15303246584782,1156.3339916893217,76.34,6187.093422145749,0.006666666666666667,0.625,0.3466666666666667,0.13833333333333334,1.165,0.485,0.15,108.2006051899234,103.27254878493645,0.01939276175944522,327.75410109674146,0.0,320.89397128469363
76,george-wardlaw,George Wardlaw,MID,MID,4.0,4,22.0,526.1452913976285,456.7359437615594,43.29520174395553,1097.0543448043834,70.75666666666666,5801.6406812009045,0.02,0.6666666666666666,0.3466666666666667,0.12166666666666667,1.2066666666666668,0.455,0.13,135.24492689777802,120.20637645968476,0.0,389.43691366359053,0.0,349.3817938977386
77,mitchito-owens,Mitchito Owens,MID,FWD,33.0,5,23.0,523.3597623809383,467.16564330516684,55.32533792540863,1054.4524530375302,62.821666666666665,4646.545221138727,0.02,0.42333333333333334,0.165,0.041666666666666664,0.5466666666666666,0.18,0.045,152.3501975922511,125.45773261955736,9.557572883821597e-06,434.9335423701629,0.0,393.53332731820683
78,daniel-curtin,Daniel Curtin,DEF,MID,8.0,3,21.0,523.0988691169042,430.3870681364964,25.004254437206104,1126.0465775322564,80.89166666666667,6445.608445054199,0.005,0.6183333333333333,0.3516666666666667,0.125,1.1116666666666666,0.4716666666666667,0.14666666666666667,84.48735753139299,134.28088306884672,0.0,284.6203176105522,0.004144084205640193,408.2433612836856
79,tim-taranto,Tim Taranto,MID,MID,2.0,10,28.0,517.866562092941,469.08139717630456,43.788703002801725,1032.1782365553197,60.065,4826.786516116468,0.013333333333333334,0.6516666666666666,0.38333333333333336,0.145,1.0433333333333332,0.495,0.15166666666666667,263.1446653456323,134.90482403549956,0.9713375753568244,635.679005421513,0.0,392.8252033188624
80,izak-rankine,Izak Rankine,FWD,FWD,3.0,8,26.0,508.9537364177425,446.72665935343355,35.00552135620621,1072.3719604220298,57.41166666666667,4223.713286773147,0.028333333333333332,0.3983333333333333,0.16333333333333333,0.03666666666666667,0.5366666666666666,0.185,0.03833333333333333,209.02008330472788,136.39567900167896,0.0,529.7140420981895,0.0,434.13819550765993
81,max-michalanney,Max Michalanney,DEF,DEF,17.0,4,22.0,484.80691930429265,384.78985884336606,21.864448175763766,1055.0270002204666,82.13333333333334,6312.530077662384,0.006666666666666667,0.5333333333333333,0.22333333333333333,0.06833333333333333,0.88,0.30666666666666664,0.07666666666666666,98.81533247585725,113.60090881663952,0.014732206426095257,323.3770434399901,0.0043284767252027975,380.816908986065
82,hugh-mccluggage,Hugh McCluggage,MID,MID,3.0,10,28.0,480.42655747546485,403.3337480378666,33.79179600269416,1024.5482136640244,65.66166666666666,5196.062410686716,0.021666666666666667,0.6,0.285,0.095,0.955,0.37166666666666665,0.105,198.4711995055987,137.8552305164621,0.0,526.4855459824491,0.0,381.82485080192095
83,leo-lombard,Leo Lombard,FWD,FWD,9.0,2,20.0,476.9999012167428,396.9867044145743,32.98398527965063,1050.068625128385,70.34333333333333,5057.358445851989,0.02,0.35333333333333333,0.16,0.051666666666666666,0.49833333333333335,0.195,0.056666666666666664,64.91648777912158,101.71361903557785,0.0,215.51661732042183,0.0,290.98836917698117
84,josh-worrell,Josh Worrell,DEF,DEF,28.0,7,25.0,474.8537377766019,380.7132502422399,19.989408761457373,1075.4579454376303,66.63333333333334,5149.3479121328855,0.02,0.5283333333333333,0.24166666666666667,0.058333333333333334,0.8216666666666667,0.30333333333333334,0.06666666666666667,199.6663888604565,127.45209312495484,0.14444330738380426,518.6243411216377,0.0,386.0669667344039
85,darcy-jones,Darcy Jones,FWD,FWD,21.0,4,22.0,467.64202792729736,402.8193926453866,34.60070371640969,962.9603471301724,63.54666666666667,4633.093805892009,0.03833333333333333,0.36666666666666664,0.13,0.03166666666666667,0.4583333333333333,0.145,0.03166666666666667,106.6510273833981,107.322398049996,0.0,347.004889913099,0.0,358.31383375060807
86,will-graham,Will Graham,MID,FWD,26.0,3,21.0,465.8541705012121,399.13485647846426,33.49195718389567,995.1081070957703,59.32833333333333,4359.8396022875095,0.03333333333333333,0.40166666666666667,0.17166666666666666,0.058333333333333334,0.5083333333333333,0.2,0.06333333333333334,93.45721182516155,114.14284166762896,0.0,297.99419493853793,0.0,375.6615795279778
87,jack-ginnivan,Jack Ginnivan,FWD,FWD,9.0,6,24.0,465.5763702199084,375.2042759720104,29.49037050334142,1021.1414385868583,63.68666666666667,4562.353340989345,0.011666666666666667,0.345,0.115,0.023333333333333334,0.44666666666666666,0.125,0.023333333333333334,157.57376100728575,125.65027088381748,0.0,452.827959185683,0.0,385.7860385760536
88,caleb-windsor,Caleb Windsor,DEF,MID,7.0,3,21.0,459.10862600123977,360.16270921565274,15.570662084943175,1051.3763292599508,80.73166666666667,6281.125968203944,0.005,0.58,0.29333333333333333,0.10666666666666667,0.9516666666666667,0.3933333333333333,0.12166666666666667,67.63771310419257,107.4661011789698,0.0009256209020764491,231.05939296050693,0.001663214259577094,361.36027128128853
89,cooper-duff-tytler,Cooper Duff-Tytler,FWD,FWD,4.0,1,19.0,442.77352391813554,365.5812831292062,37.35522587140428,906.2737519215912,69.53166666666667,4938.890992328962,0.01,0.37166666666666665,0.14666666666666667,0.04833333333333333,0.47333333333333333,0.165,0.05,46.41992487065111,93.47781866915602,0.0,168.6546724418141,0.0,292.6412764824482
90,marcus-windhager,Marcus Windhager,MID,MID,47.0,5,23.0,432.4589151670919,346.567499764369,16.841476027037675,962.2809668180465,72.21166666666667,5682.878698648114,0.018333333333333333,0.58,0.25333333333333335,0.075,0.92,0.315,0.08666666666666667,104.33950913298185,103.57254341633008,0.0,323.51359797158625,0.0,315.920121835258
91,samuel-grlj,Samuel Grlj,MID,MID,8.0,1,19.0,427.204186752505,347.66495116593046,8.729900662746115,950.840305476536,72.06166666666667,5654.765751363352,0.02666666666666667,0.57,0.2916666666666667,0.11333333333333333,0.9233333333333333,0.36333333333333334,0.12166666666666667,51.164850882665554,93.32103682077349,0.0,172.22905268146081,0.0,317.2059308686054
92,cameron-mackenzie,Cameron Mackenzie,MID,MID,7.0,4,22.0,426.05168308735693,362.06177966757537,26.46961378359175,939.029352693008,66.63833333333334,5286.317438338991,0.011666666666666667,0.585,0.30666666666666664,0.10833333333333334,0.9233333333333333,0.36666666666666664,0.115,93.30854711113925,109.78871920925249,0.0,296.74031950829976,0.0,333.74698632645027
93,errol-gulden,Errol Gulden,MID,MID,34.0,6,24.0,423.1838253905769,382.9546514793482,12.401884360561295,914.2932391887856,54.053333333333335,4356.148956184462,0.03666666666666667,0.6383333333333333,0.30333333333333334,0.10833333333333334,1.0016666666666667,0.38,0.11333333333333333,170.37949755576707,102.61324287088755,0.0,501.4601999871307,0.0,340.8509397121267
94,shai-bolton,Shai Bolton,FWD,FWD,29.0,10,28.0,415.945067924112,338.4342815300326,20.449863594391775,902.8392657173017,51.81166666666667,3669.714040047086,0.023333333333333334,0.31666666666666665,0.11333333333333333,0.025,0.40166666666666667,0.13166666666666665,0.028333333333333332,202.22200962842638,112.61396996150486,0.0,543.3729893622217,0.0,345.9402185133265
95,seth-campbell,Seth Campbell,FWD,FWD,4.0,4,22.0,414.11066230847763,332.25479386991697,20.266927070150498,895.8456158292147,64.01666666666667,4505.721099591215,0.02666666666666667,0.3016666666666667,0.11,0.018333333333333333,0.3933333333333333,0.125,0.018333333333333333,107.1885325113511,103.77178806081753,0.0,353.6449976086081,0.0,336.5576840559626
96,koltyn-tholstrup,Koltyn Tholstrup,FWD,DEF,13.0,3,21.0,413.926424689602,312.27317563701627,20.4813019766448,946.2137519112384,71.585,5472.216693578153,0.008333333333333333,0.49166666666666664,0.21,0.075,0.75,0.27,0.08666666666666667,101.9151496864184,96.95851420684356,0.01791638965400921,332.844677751674,0.0006559764402351715,317.1495043499376
97,luke-trainor,Luke Trainor,DEF,DEF,21.0,2,20.0,413.52078833103667,343.33999660792256,14.047737497575136,909.4808240870606,75.85833333333333,5757.226334479604,0.01,0.5283333333333333,0.24166666666666667,0.07166666666666667,0.8066666666666666,0.29333333333333333,0.07833333333333334,51.10947761652234,89.45079792153764,0.0,172.1331428826769,0.0007514919677144327,283.6171220305579
98,brodie-grundy,Brodie Grundy,RUC,RUC,22.0,14,32.0,412.52708626505074,333.52687414361014,24.005801729163498,891.2646836214732,46.001666666666665,3534.213356094507,0.03333333333333333,0.5883333333333334,0.29833333333333334,0.10666666666666667,0.775,0.345,0.10833333333333334,268.20518563741024,89.24874891458222,0.0,664.7543227144986,0.0,273.14289719889933
99,kai-lohmann,Kai Lohmann,FWD,FWD,20.0,5,23.0,406.9258046283005,329.85638444106405,16.865452605699634,904.9926746179067,63.681666666666665,4476.436720893413,0.013333333333333334,0.2966666666666667,0.09666666666666666,0.02,0.36833333333333335,0.10166666666666667,0.02,99.37521746596256,109.46788201374201,0.0,313.3800883536427,0.0,325.8535557652148
100,christian-petracca,Christian Petracca,MID,MID,2.0,12,30.0,400.39169173975205,313.9546177149616,16.943776843562656,891.7553446373229,53.05166666666667,4130.087761412336,0.016666666666666666,0.565,0.29333333333333333,0.08166666666666667,0.8266666666666667,0.35333333333333333,0.09166666666666666,214.67606976370254,109.5158497964217,0.00018891094447010464,537.9917849502352,0.0,329.46980510149547
101,massimo-d-ambrosio,Massimo D'Ambrosio,DEF,MID,3.0,4,23.0,398.000365673026,284.7040562038954,8.104800153459326,963.833079436838,76.95166666666667,5851.360235659879,0.0033333333333333335,0.48833333333333334,0.20833333333333334,0.07,0.8166666666666667,0.2833333333333333,0.08166666666666667,105.53931044094858,101.20305702642676,0.0030964752328511537,338.42286631872526,0.0013222276491437674,336.95423539127216
102,archie-perkins,Archie Perkins,MID,FWD,9.0,6,24.0,397.3244868414759,322.21412129363,10.677340030245979,888.9131679667258,60.045,4227.057558499679,0.03,0.3,0.12166666666666667,0.02666666666666667,0.37666666666666665,0.13,0.02666666666666667,101.85002728513759,122.89698051398382,0.0,320.8816869635993,0.0,375.17666304681524
103,zachary-merrett,Zachary Merrett,MID,MID,26.0,13,31.0,395.64194614593225,316.63911729077586,22.278945166110407,867.1542069704951,53.505,4113.956600175736,0.02,0.58,0.2783333333333333,0.095,0.8116666666666666,0.335,0.1,224.00090547883693,98.20614881600628,0.0002301047641018226,567.7462874263371,0.0,291.3636943935704
104,xavier-lindsay,Xavier Lindsay,MID,DEF,11.0,2,20.0,395.43246385850694,316.20077572673426,13.976089134248525,855.9824329814059,70.005,5350.361188875647,0.01,0.5366666666666666,0.24166666666666667,0.07666666666666666,0.79,0.2816666666666667,0.08166666666666667,50.14345557208233,91.12778736812858,0.0,158.0833217960051,0.0,306.86818683280353
105,joseph-fonti,Joseph Fonti,DEF,DEF,44.0,3,22.0,395.0983369922296,304.2306037775364,13.05534764443508,914.7455951809695,72.955,5522.6979280606165,0.006666666666666667,0.4633333333333333,0.20333333333333334,0.06,0.7,0.26166666666666666,0.065,85.85709665580524,96.53340635828818,0.010920037157116423,269.5852401210188,0.0010364079471772139,288.7256370551584
106,harry-dean,Harry Dean,DEF,DEF,3.0,1,19.0,389.6412084965178,322.1829207724557,13.806659204982376,850.4696458754298,74.87333333333333,5627.717062036438,0.008333333333333333,0.5366666666666666,0.245,0.08333333333333333,0.7633333333333333,0.295,0.08666666666666667,39.952329713521934,68.68675048873192,4.160362661826241e-05,133.1451853492481,0.0,251.2992990797553
107,josh-dunkley,Josh Dunkley,MID,MID,25.0,11,29.0,380.25328397379184,285.6645929240774,15.340896122959633,852.7539279977336,57.236666666666665,4387.122464730031,0.03333333333333333,0.5016666666666667,0.26166666666666666,0.06666666666666667,0.7016666666666667,0.30833333333333335,0.07166666666666667,200.93457735566253,91.0963954237666,0.0,528.7971766045808,0.0,316.363283933361
108,ethan-read,Ethan Read,FWD,FWD,9.0,3,21.0,374.6611223151649,287.1461671885658,16.93870447536624,831.8551720017601,66.22833333333334,4577.788448649164,0.015,0.305,0.115,0.023333333333333334,0.375,0.125,0.023333333333333334,60.632666095357564,90.31370855411656,0.0,192.43204084301908,0.0,294.7801101977402
109,aaron-naughton,Aaron Naughton,FWD,FWD,9.0,9,27.0,372.05108429615035,295.6423669602798,15.67907115641791,823.6716740918625,59.455,4089.2742818127185,0.028333333333333332,0.255,0.08833333333333333,0.018333333333333333,0.30333333333333334,0.09666666666666666,0.018333333333333333,138.96629178343258,111.35172331997637,0.0,399.30345750367036,0.0,360.78683595060437
110,shannon-neale,Shannon Neale,FWD,FWD,35.0,6,24.0,372.0025402190495,286.6079459352626,13.362232336370418,852.9049101259039,57.665,4012.0911870992104,0.028333333333333332,0.2783333333333333,0.09666666666666666,0.011666666666666667,0.335,0.10333333333333333,0.011666666666666667,126.25979940919439,109.68672244885424,0.0,404.12356271786126,0.0,360.11790238231737
111,phoenix-gothard,Phoenix Gothard,FWD,FWD,12.0,3,21.0,358.4425995896289,284.5377578535766,24.367728187593876,790.9996761179532,60.138333333333335,4206.350221442827,0.021666666666666667,0.2733333333333333,0.10333333333333333,0.02666666666666667,0.3283333333333333,0.11166666666666666,0.02666666666666667,73.26820050135167,68.19653704035876,0.0,257.03992899767,0.0,228.00112763808306
112,jase-burgoyne,Jase Burgoyne,DEF,DEF,60.0,5,23.0,357.2929878411689,282.35789626706617,8.290925162723118,831.050310887755,67.94333333333333,5028.412958833609,0.016666666666666666,0.455,0.185,0.03333333333333333,0.64,0.21,0.03333333333333333,105.36642889744321,100.14751906244858,1.1404450107518543e-05,335.6571654778584,0.0,307.8918303467715
113,jed-walter,Jed Walter,FWD,FWD,3.0,3,21.0,355.36406242561105,267.15737554271857,15.42478375515867,779.7613430861151,63.42,4376.129389702055,0.021666666666666667,0.27666666666666667,0.10833333333333334,0.02666666666666667,0.3416666666666667,0.11,0.02666666666666667,53.212561847187445,96.02325161871732,0.0,159.51997799331662,0.0,302.83526339176996
114,sullivan-robey,Sullivan Robey,MID,MID,9.0,1,19.0,348.5836998962248,259.5418029729908,8.017917209051218,792.8602344357333,69.015,5265.150620598121,0.008333333333333333,0.5316666666666666,0.235,0.07833333333333334,0.7816666666666666,0.2866666666666667,0.08166666666666667,43.83213792130632,67.67072287213095,0.0,151.52360218414807,0.0,249.06714479479834
115,cameron-rayner,Cameron Rayner,FWD,FWD,1.0,9,27.0,346.7992460352888,265.00176288482817,11.89326277180288,817.0793768585906,59.50666666666667,4055.184598026736,0.02,0.23166666666666666,0.06,0.01,0.2733333333333333,0.06166666666666667,0.01,119.82193573822003,100.34112927249298,0.0,348.9282112056587,0.0,311.8026139102717
116,mitch-georgiades,Mitch Georgiades,FWD,FWD,18.0,7,25.0,344.50110312884556,273.1798379025678,11.273258820711646,754.1704801538763,57.63,3937.6204686945275,0.02,0.23666666666666666,0.08333333333333333,0.015,0.295,0.09166666666666666,0.015,108.3864538327147,92.9545025441417,0.0,329.35112280494224,0.0,288.72506460346483
117,sam-cumming,Sam Cumming,MID,MID,7.0,1,19.0,330.8089623033909,253.92628082502463,7.915482549253713,763.7884819059973,69.14666666666666,5241.663141887253,0.008333333333333333,0.5283333333333333,0.26,0.10166666666666667,0.7533333333333333,0.305,0.11,31.693373521384387,75.39700957211844,0.0,107.06190738736571,7.403294762604526e-07,276.98035044037687
118,james-rowbottom,James Rowbottom,MID,MID,25.0,8,26.0,329.42757883804944,263.233567988579,15.160236971767198,749.7761704515641,65.60166666666667,4948.158494936962,0.015,0.47833333333333333,0.17333333333333334,0.028333333333333332,0.66,0.2,0.028333333333333332,112.72087060356134,96.5489832549582,0.0,343.10291449684456,0.0,318.33581711067734
119,matthew-roberts,Matthew Roberts,MID,DEF,34.0,5,23.0,327.3966122843955,249.08703094677315,7.718662385054297,767.8015718901933,62.17,4653.229495527456,0.03166666666666667,0.43,0.15833333333333333,0.04,0.5833333333333334,0.175,0.041666666666666664,92.48329952652124,84.04125771009411,0.0,306.7869417065671,0.0,289.1896293775925
120,logan-evans,Logan Evans,DEF,DEF,12.0,2,21.0,326.72414050415654,213.34657795651037,3.8794493859614905,813.1205231955242,71.71,5240.630196622851,0.0033333333333333335,0.415,0.18333333333333332,0.055,0.5966666666666667,0.22,0.06,58.847154884080894,71.14563270519922,0.0007938562528609031,193.40985167448417,0.00013341267140188354,246.0831565368671
121,tom-mccarthy,Tom McCarthy,DEF,DEF,1.0,1,26.0,306.33047423285547,223.65006227663304,2.4763842977118937,744.9034802771679,66.66833333333334,4829.417926262029,0.01,0.3883333333333333,0.14,0.03,0.55,0.16166666666666665,0.03,99.48820261569453,73.27910010901772,0.004119723256108505,304.4269469979851,0.0004799482595220298,251.316975503985
122,riley-bice,Riley Bice,DEF,DEF,41.0,2,26.0,304.04805093712184,215.6869594142895,4.930879920227138,719.6013634716435,68.09333333333333,4942.835814521064,0.0033333333333333335,0.36333333333333334,0.14333333333333334,0.028333333333333332,0.5,0.17166666666666666,0.03166666666666667,98.28634017524539,77.85570231349563,0.00881910648735577,313.7673524960199,0.0015983984630398684,242.99404979653323
123,andrew-mcgrath,Andrew McGrath,MID,DEF,1.0,10,28.0,303.50994473126264,229.78699486212204,9.223348261692994,704.0786083509765,57.358333333333334,4185.6708134054925,0.013333333333333334,0.405,0.13333333333333333,0.02666666666666667,0.54,0.15833333333333333,0.03,130.226569134645,91.50299189848218,1.2321683834248698e-06,383.6465855816032,0.0,304.7169251190748
124,jack-sinclair,Jack Sinclair,DEF,DEF,1.0,12,31.0,302.99529943341616,209.00750236058175,2.6031919126389655,723.5202012771066,46.32333333333333,3336.120138090884,0.03166666666666667,0.41833333333333333,0.15166666666666667,0.06833333333333333,0.5116666666666667,0.17166666666666666,0.07,197.8239490132058,69.94543147711936,0.0003123099554403037,512.6691519550901,0.0,254.27024168652378
125,trent-rivers,Trent Rivers,DEF,DEF,32.0,7,25.0,301.72269134795187,218.11535475384426,5.4293378138467245,723.0065114047345,60.553333333333335,4431.055057052449,0.02666666666666667,0.3883333333333333,0.13333333333333333,0.02,0.545,0.15333333333333332,0.021666666666666667,105.74252922785527,78.89549946836884,0.0,318.0956569114795,0.0,278.085290496867
126,isaac-quaynor,Isaac Quaynor,DEF,DEF,13.0,8,26.0,298.655956772693,210.29707837680624,3.828523313490479,671.9804275115087,64.74,4645.718025439779,0.008333333333333333,0.345,0.15166666666666667,0.035,0.4716666666666667,0.17,0.03666666666666667,102.3742663909353,89.87338101728768,0.009276283110328963,303.26988800865735,0.000697743829783124,283.3109545527931
127,jonty-faull,Jonty Faull,FWD,FWD,14.0,2,20.0,297.7834673198515,236.0457682900534,4.273730990036258,698.3010045206647,62.765,4204.874119460595,0.028333333333333332,0.24166666666666667,0.08333333333333333,0.016666666666666666,0.2833333333333333,0.08666666666666667,0.016666666666666666,27.844875640565217,72.72543447252859,0.0,84.07506461931051,0.0,244.2680427849139
128,heath-chapman,Heath Chapman,DEF,DEF,14.0,6,24.0,296.17771674797314,207.86433471661644,5.166266452092069,678.5967846333729,65.45333333333333,4763.711620132641,0.013333333333333334,0.375,0.14333333333333334,0.03666666666666667,0.4816666666666667,0.16333333333333333,0.04,74.89792858285034,88.44772375873079,0.0,255.52256389528108,0.0,291.85483176408684
129,jack-ross,Jack Ross,MID,MID,43.0,8,26.0,293.88428562382944,206.86974391055952,9.224334437251393,671.6431544263185,51.041666666666664,3879.634831298859,0.02666666666666667,0.43666666666666665,0.165,0.04,0.5866666666666667,0.19666666666666666,0.04,140.70269897651835,83.48624650015923,0.0,397.9991180923333,0.0,277.62228413267553
130,jacob-van-rooyen,Jacob Van Rooyen,FWD,FWD,19.0,5,23.0,289.8461807686628,225.53788280978503,5.94419847007216,650.1107210485274,59.791666666666664,4008.8823912988487,0.025,0.19833333333333333,0.06,0.006666666666666667,0.22833333333333333,0.06333333333333334,0.006666666666666667,67.27911061644761,73.77201886474761,0.0,230.73355924011935,0.0,275.2112485723041
131,john-noble,John Noble,DEF,DEF,12.0,7,29.0,288.1101574286998,192.48163513980603,6.6569547916764895,711.4200821683147,62.208333333333336,4385.772734253651,0.005,0.3566666666666667,0.13166666666666665,0.035,0.4816666666666667,0.15666666666666668,0.03666666666666667,140.6191831008617,70.17334250165666,0.06004490303761921,406.1841171715835,0.0005698634917089304,225.28354801970485
132,brady-hough,Brady Hough,DEF,DEF,31.0,5,23.0,288.03187098181814,205.31217871077476,3.995179138887354,692.8314735813498,70.65333333333334,5091.19786646719,0.011666666666666667,0.3516666666666667,0.105,0.03,0.4666666666666667,0.12833333333333333,0.035,55.771589118104494,81.02554980540263,0.0,190.93342966829312,0.0,270.1344997605912
133,lachie-whitfield,Lachie Whitfield,DEF,DEF,1.0,14,32.0,286.20521358643174,208.87164284191516,2.215877924766507,698.666681935884,48.693333333333335,3488.9758350889474,0.04,0.41,0.155,0.03333333333333333,0.5083333333333333,0.17,0.03333333333333333,170.7383686806466,72.37331514779217,0.0,510.0247971420536,0.0,237.76863133892604
134,zeke-uwland,Zeke Uwland,DEF,DEF,2.0,1,19.0,285.8019042226612,198.0227543673132,5.494674496605753,701.3116090215516,70.95166666666667,5064.812276234464,0.006666666666666667,0.40166666666666667,0.175,0.056666666666666664,0.5516666666666666,0.19833333333333333,0.056666666666666664,19.860131343471092,53.93229412032251,0.0,45.394591401597886,0.0,207.9060313573587
135,shaun-mannagh,Shaun Mannagh,FWD,FWD,36.0,3,29.0,283.8023624977775,184.77799221653942,3.6377420912892373,711.360992524365,56.236666666666665,3693.2615299721824,0.028333333333333332,0.175,0.04833333333333333,0.01,0.20666666666666667,0.051666666666666666,0.01,110.59669973410362,72.95634166681715,0.0,341.5658975684271,0.0,265.6355576390875
136,ty-gallop,Ty Gallop,FWD,FWD,42.0,2,20.0,282.7929133337211,205.21122432745227,3.7064518307674006,670.9544552027218,58.04833333333333,3896.9623190032544,0.03166666666666667,0.20333333333333334,0.06666666666666667,0.023333333333333334,0.24166666666666667,0.07166666666666667,0.025,49.96467584438119,64.61995414161414,0.0,189.839916475147,0.0,210.20598264902023
137,hayden-young,Hayden Young,DEF,MID,7.0,7,25.0,276.773549800066,176.8878478342238,3.36209728726145,662.3671491229186,51.528333333333336,3843.4873156904796,0.03333333333333333,0.42833333333333334,0.16166666666666665,0.051666666666666666,0.595,0.18166666666666667,0.055,130.83509882891474,61.45741379026901,0.0,388.17349819416177,0.0,205.19168134145377
138,patrick-cripps,Patrick Cripps,MID,MID,13.0,13,31.0,276.38017861686916,174.9585101040998,5.3308116298595944,682.9705733409717,46.346666666666664,3426.1881224050103,0.03833333333333333,0.40166666666666667,0.16,0.055,0.51,0.17833333333333334,0.056666666666666664,167.0443061309335,66.94154349546612,0.0,450.2942897774615,0.0,216.85488158028224
139,bo-allan,Bo Allan,DEF,DEF,16.0,2,20.0,274.69865533738863,200.60487874197867,6.618404016254925,644.6185221444423,67.62333333333333,4888.671069095783,0.011666666666666667,0.38,0.15666666666666668,0.03666666666666667,0.5033333333333333,0.17,0.03833333333333333,29.814405094239167,60.87847639276323,0.0,89.96365792722867,0.0,223.192114994114
140,callum-wilkie,Callum Wilkie,DEF,DEF,2.0,8,30.0,273.82424454656586,189.1393164344531,5.631553887804599,670.687878814349,58.001666666666665,4110.802132094253,0.008333333333333333,0.36,0.10666666666666667,0.015,0.465,0.11833333333333333,0.015,131.90904160246913,79.34935645628066,0.12243374804078527,389.80513247984436,0.0027084887695129683,264.7740479428573
141,joel-jeffrey,Joel Jeffrey,FWD,DEF,30.0,6,24.0,273.7882427335514,189.22794081003136,3.7055151441352643,638.7450265487767,59.675,4320.463204970251,0.023333333333333334,0.3333333333333333,0.095,0.028333333333333332,0.4266666666666667,0.09833333333333333,0.028333333333333332,100.0450015938633,67.56452876576162,0.0,301.2290657315641,0.0,227.48466744399744
142,luke-ryan,Luke Ryan,DEF,DEF,65.0,10,30.0,272.8792746606895,200.10740949778952,3.4534998902539633,676.0877791158932,48.348333333333336,3493.3430931971116,0.028333333333333332,0.36333333333333334,0.11666666666666667,0.02666666666666667,0.43,0.13333333333333333,0.02666666666666667,158.04825122025093,73.7754502264238,0.0,444.028717601615,0.0,242.52495345296194
143,connor-rozee,Connor Rozee,FWD,MID,5.0,8,26.0,270.41363258345206,184.3347458402872,5.8013961485412,655.5275929012066,54.971666666666664,4058.583847961171,0.021666666666666667,0.42333333333333334,0.16833333333333333,0.03833333333333333,0.5616666666666666,0.17833333333333334,0.03833333333333333,116.51312647002072,78.50038937051133,0.0,356.72316985288546,0.0,263.77593898581824
144,touk-miller,Touk Miller,MID,MID,29.0,12,30.0,268.3138658634528,201.78355599343627,3.2257171220750664,650.1041050308911,45.42166666666667,3375.8129738630737,0.055,0.43833333333333335,0.15,0.03833333333333333,0.54,0.16166666666666665,0.03833333333333333,164.2148652204369,62.13371857594046,0.0,458.0119013951755,0.0,219.19507334736588
145,jack-whitlock,Jack Whitlock,FWD,FWD,33.0,2,20.0,265.24786128532173,196.20339159239145,3.9489539561245635,639.3042588743133,57.73833333333334,3844.4711839391143,0.04,0.205,0.058333333333333334,0.006666666666666667,0.23166666666666666,0.06166666666666667,0.006666666666666667,44.32069678928774,55.68087251556383,0.0,156.94846561715443,0.0,195.35513716794836
146,oliver-florent,Oliver Florent,MID,DEF,11.0,10,28.0,263.2725544865306,185.87014105217378,2.7043768682147413,629.5228645979798,50.68333333333333,3655.5572109546156,0.013333333333333334,0.36,0.13166666666666665,0.02666666666666667,0.455,0.14166666666666666,0.02666666666666667,112.69274479442599,82.93922948127532,0.0,357.7594635276282,0.0,269.08898374217944
147,jack-steele,Jack Steele,MID,MID,21.0,12,31.0,258.6718486962297,189.19979931182553,2.8365352442202085,621.5202101467794,44.34166666666667,3268.226793426326,0.03333333333333333,0.40166666666666667,0.15333333333333332,0.04833333333333333,0.4766666666666667,0.165,0.05,164.17185510106845,63.373688600921355,0.0,452.17269001698804,0.0,205.9562919229894
148,dylan-stephens,Dylan Stephens,MID,MID,5.0,7,25.0,254.95410077449932,150.33544415708104,2.8105906372306664,647.9714765027313,58.48833333333334,4292.26106921903,0.028333333333333332,0.39166666666666666,0.16,0.051666666666666666,0.5216666666666666,0.17666666666666667,0.051666666666666666,77.10663639756548,77.7522206794778,0.0,266.51298993507334,0.0,267.619913799006
149,ollie-dempsey,Ollie Dempsey,FWD,MID,8.0,5,23.0,254.7986958912111,148.42403920671512,1.8683731599267903,692.4337424644817,66.03166666666667,4771.692023996456,0.025,0.3416666666666667,0.13333333333333333,0.041666666666666664,0.46166666666666667,0.15166666666666667,0.041666666666666664,75.46744851441639,73.08849421760546,0.0,245.4752093170863,0.0,260.3440100577397
150,zane-duursma,Zane Duursma,FWD,FWD,4.0,3,21.0,252.383873998583,163.6064621211378,3.4711767097089634,648.797715463607,59.288333333333334,3859.9206543423734,0.03,0.20666666666666667,0.045,0.006666666666666667,0.245,0.04666666666666667,0.006666666666666667,36.168787575224364,65.68098346999322,0.0,134.84859546198052,0.0,226.3433714229392
151,mattaes-phillipou,Mattaes Phillipou,MID,MID,10.0,4,22.0,252.26578997964,168.76468284363204,1.9053137439528742,638.8452492057905,60.905,4477.159594688929,0.018333333333333333,0.4083333333333333,0.15166666666666667,0.03166666666666667,0.555,0.17,0.035,51.557333320093946,63.28138604059437,0.0,183.9815875158293,0.0,201.0958811409319
152,connor-idun,Connor Idun,DEF,DEF,61.0,8,26.0,249.88083457453888,155.17617784856486,1.4278233974449395,632.9738676524164,55.208333333333336,3920.4008643400157,0.043333333333333335,0.32666666666666666,0.115,0.015,0.4033333333333333,0.12333333333333334,0.015,113.14242010859016,62.80278858237854,0.0,370.3569950579378,0.0,223.83398290559268
153,sam-banks,Sam Banks,MID,DEF,29.0,5,23.0,248.96534817737077,177.47869650538203,2.280787453694365,600.7275208404579,56.11333333333334,4084.9181864113516,0.041666666666666664,0.3433333333333333,0.13333333333333333,0.03333333333333333,0.44166666666666665,0.14166666666666666,0.03333333333333333,63.26879868318928,64.35256133909058,0.0,210.68853557592251,0.0,215.1814254793396
154,joe-richards,Joe Richards,FWD,FWD,48.0,4,27.0,246.66125857009794,159.77189214814211,2.128407877236375,640.2960686122071,49.788333333333334,3269.6241836437957,0.045,0.16333333333333333,0.03666666666666667,0.011666666666666667,0.19,0.03833333333333333,0.011666666666666667,90.5544758878244,75.57369250086995,0.0,285.2078081085079,0.0,262.30636019326704
155,adam-cerra,Adam Cerra,MID,MID,5.0,9,27.0,245.64717072759538,143.3614733980994,2.1325534110203423,618.5277419644544,52.593333333333334,3850.355735078648,0.03166666666666667,0.39166666666666666,0.14666666666666667,0.023333333333333334,0.51,0.16166666666666665,0.023333333333333334,113.80867314953434,62.67686712916857,0.0,364.20432855134277,0.0,245.1398635332074
156,ryan-maric,Ryan Maric,FWD,MID,1.0,3,22.0,245.42357921128215,163.57664477349607,3.5771750395179653,638.3258884125947,70.085,5049.414660026827,0.01,0.3616666666666667,0.13666666666666666,0.035,0.5066666666666667,0.15166666666666667,0.035,49.39554608337469,53.218770034970106,0.0,180.5639424254619,0.0,186.98570920628484
157,timothy-english,Timothy English,RUC,RUC,19.0,10,29.0,244.90617717803576,158.22105268826158,0.9629069515821339,591.0842064415349,44.586666666666666,3188.7545804090146,0.06166666666666667,0.365,0.13833333333333334,0.03166666666666667,0.44,0.14833333333333334,0.03333333333333333,147.11469542886582,59.77194914588585,0.0,420.3607435995338,0.0,194.39836873583832
158,callum-mills,Callum Mills,MID,DEF,3.0,11,29.0,240.34237651052527,150.68032193083087,0.9738659177173606,597.7000846375097,42.08833333333333,3043.594527077613,0.07,0.36,0.135,0.03,0.41833333333333333,0.13833333333333334,0.03,139.9686659945817,58.67006607049858,0.0,421.3171512666001,0.0,212.61236771441455
159,josh-daicos,Josh Daicos,MID,DEF,57.0,10,28.0,237.2540731420466,153.29359356857373,1.077513217142702,584.6511511056935,46.93833333333333,3309.3896769821854,0.03666666666666667,0.31833333333333336,0.12,0.03,0.38166666666666665,0.13166666666666665,0.03,138.08513554187985,59.281342257488774,0.0007762763467379552,399.1806019581144,0.0,215.6745788048682
160,jordan-dawson,Jordan Dawson,MID,MID,55.0,11,29.0,234.42003436715333,160.81280690448074,0.38258945696507396,585.0189261906947,39.446666666666665,2883.3448681455698,0.07,0.38666666666666666,0.15,0.03666666666666667,0.44333333333333336,0.16333333333333333,0.03666666666666667,161.5853586171931,52.898007716190456,0.0,443.41422752264896,0.0,173.8348198170359
161,gryan-miers,Gryan Miers,FWD,FWD,57.0,9,27.0,234.30554334743996,156.87505519817785,0.4417631135547115,606.4108818329801,43.29666666666667,2839.515582674314,0.07666666666666666,0.17666666666666667,0.05,0.005,0.19166666666666668,0.05,0.005,116.47317045301435,62.372380236822806,0.0,371.2153633150358,0.0,213.55639913048577
162,bodhi-uwland,Bodhi Uwland,DEF,DEF,80.0,5,23.0,230.4737484466331,145.76297178112384,4.13036016906497,599.9694203956591,59.53,4173.0631028095295,0.021666666666666667,0.29833333333333334,0.09333333333333334,0.021666666666666667,0.3616666666666667,0.1,0.023333333333333334,99.68572032593073,58.50531856224768,0.0,322.653784909179,0.0,214.91425086081009
163,lachlan-cowan,Lachlan Cowan,DEF,DEF,30.0,4,22.0,229.37148826448762,161.51429217912658,1.641162831972586,585.8347447153491,63.32833333333333,4485.014733139381,0.025,0.305,0.09833333333333333,0.011666666666666667,0.37666666666666665,0.105,0.011666666666666667,44.17760586854689,54.74552308721849,0.0,166.66231019035914,0.0,186.48523354431921
164,beau-mccreery,Beau McCreery,FWD,FWD,46.0,6,25.0,228.3420162443868,136.65391429120848,1.3423449340068274,588.5181656491687,53.37833333333333,3412.749066320765,0.03,0.12833333333333333,0.03,0.0033333333333333335,0.14333333333333334,0.03166666666666667,0.0033333333333333335,81.51291399505746,61.36582661234748,0.0007527951605265836,271.8393966964655,0.0,202.27734393563895
165,matt-johnson-1,Matt Johnson,MID,MID,21.0,5,23.0,226.04155351201874,155.58571991325763,2.93735390751338,556.6756782700869,61.235,4434.206097997664,0.013333333333333334,0.38333333333333336,0.105,0.021666666666666667,0.45666666666666667,0.115,0.021666666666666667,56.51973308758463,60.318422492503885,0.0,188.3331071451749,0.0,218.9967508585333
166,steely-green,Steely Green,FWD,FWD,55.0,4,22.0,225.0952711470952,152.51012279750697,1.732780544266499,551.4587789963017,53.876666666666665,3474.375085519688,0.03,0.145,0.03166666666666667,0.0033333333333333335,0.165,0.03333333333333333,0.0033333333333333335,48.337545234310866,63.465929248312655,0.0,172.06796175195615,0.0,234.14118265331928
167,sam-durham,Sam Durham,MID,MID,9.0,5,25.0,225.0619260846837,131.33465227281013,0.9384668229233177,593.6975829270183,61.64,4397.278593612335,0.021666666666666667,0.3283333333333333,0.10333333333333333,0.02,0.45,0.11166666666666666,0.02,77.06454328834242,61.71834525242278,0.0,277.7266983808534,0.0,229.04561829138515
168,angus-clarke,Angus Clarke,DEF,DEF,39.0,2,20.0,221.2098696288086,150.8603775678297,0.8953380322363362,556.0256340020244,59.028333333333336,4179.753208517736,0.041666666666666664,0.35333333333333333,0.12,0.03666666666666667,0.41333333333333333,0.12666666666666668,0.03666666666666667,22.99862584532666,51.49609446513703,0.0,73.69693864416331,0.0,192.27257147523352
169,alix-tauru,Alix Tauru,DEF,DEF,10.0,2,20.0,220.29643879264293,132.21300819850214,2.0645721376595736,567.8045015212032,63.92,4472.10337477544,0.015,0.33,0.13166666666666665,0.03,0.42,0.14666666666666667,0.03166666666666667,15.876299205698508,44.80003820522789,0.0,35.82267886410977,0.0,154.83085749791678
170,cooper-trembath,Cooper Trembath,FWD,FWD,10.0,1,21.0,220.1729797618671,132.60793500609572,3.094369808501793,567.9891769372317,56.87,3649.8610086334775,0.02,0.165,0.041666666666666664,0.013333333333333334,0.18833333333333332,0.043333333333333335,0.013333333333333334,40.18771159615325,49.98558818448669,0.0,146.45937176932173,0.0,186.2755295087767
171,tom-sparrow,Tom Sparrow,MID,MID,27.0,8,26.0,216.17696682280987,135.78496414953466,1.7002852080808617,521.9119051952046,56.67,4036.871371851596,0.015,0.3233333333333333,0.13,0.025,0.40166666666666667,0.13833333333333334,0.025,81.33280315135586,65.07262109593051,0.0,275.878843631632,0.0,242.64060650239645
172,ben-king,Ben King,FWD,FWD,6.0,8,26.0,212.95542115559468,141.0612856895484,1.9920865349037793,544.5405290896041,52.88333333333333,3355.8594274288253,0.02666666666666667,0.12,0.02666666666666667,0.0016666666666666668,0.135,0.02666666666666667,0.0016666666666666668,74.9277567466824,67.429549296057,0.0,252.97490107006303,0.0,244.0022749855996
173,justin-mcinerney,Justin McInerney,MID,MID,44.0,8,26.0,212.41117547057564,121.10849026655063,0.8164005790481929,534.4764950204345,48.83,3499.4261812850164,0.041666666666666664,0.3433333333333333,0.11333333333333333,0.02666666666666667,0.41,0.12166666666666667,0.02666666666666667,105.73663028979907,57.19590801902084,0.0,350.1327883463815,0.0,218.85286707870344
174,wil-powell,Wil Powell,DEF,DEF,19.0,9,27.0,212.1291909841579,129.52240315618468,1.427107664111513,559.2276303242588,55.596666666666664,3847.8328701660603,0.03166666666666667,0.265,0.08166666666666667,0.011666666666666667,0.3433333333333333,0.08833333333333333,0.013333333333333334,81.98007311152098,69.36337169645904,0.0,278.01160606645306,0.0,248.16773438064968
175,angus-sheldrick,Angus Sheldrick,MID,MID,18.0,5,23.0,211.49289713456753,127.54941419369239,1.0122105980906986,537.8250304700676,58.708333333333336,4208.492462239104,0.03,0.335,0.11666666666666667,0.023333333333333334,0.415,0.12333333333333334,0.023333333333333334,57.4573290013868,52.9961876006195,0.0,203.98331669491247,0.0,207.6764474723653
176,oliver-henry,Oliver Henry,FWD,FWD,18.0,6,24.0,209.52389197912393,146.14288592892171,1.4305964069776522,551.1904127213277,51.755,3308.700838435328,0.023333333333333334,0.13333333333333333,0.03833333333333333,0.01,0.15333333333333332,0.04,0.01,54.20144421198462,62.292188792664504,0.0,180.07689914593217,0.0,199.33734317598928
177,tom-brown,Tom Brown,DEF,DEF,17.0,5,23.0,208.1149111961959,114.6921228276318,1.2678825303365235,553.6088409349667,60.31,4198.43669491882,0.035,0.275,0.09,0.023333333333333334,0.33666666666666667,0.09833333333333333,0.025,47.98829313264223,54.941460188375764,0.0,166.9525201007056,0.0,184.14913246545493
178,elijah-tsatas,Elijah Tsatas,MID,MID,5.0,4,22.0,206.3903879865269,121.2578257732293,1.1936149673756653,556.2141705343569,53.295,3885.6277527906714,0.04,0.35,0.12833333333333333,0.03166666666666667,0.4583333333333333,0.14333333333333334,0.03166666666666667,43.67028948939096,53.85748882596336,0.0,167.81664066366437,0.0,192.42979126920898
179,tristan-xerri,Tristan Xerri,RUC,RUC,71.0,9,27.0,205.89158084128047,130.83906185444408,0.0,550.766865493835,33.205,2412.745838280486,0.13833333333333334,0.3283333333333333,0.13166666666666665,0.03166666666666667,0.36666666666666664,0.13333333333333333,0.03166666666666667,147.0796030387108,35.54628802432553,0.0,443.08251370345187,0.0,143.85751579357532
180,lachie-neale,Lachie Neale,MID,MID,73.0,15,33.0,202.37570682725712,132.29833906997135,0.11461052990816739,516.4876750381006,34.248333333333335,2444.4949069255017,0.065,0.35333333333333333,0.14833333333333334,0.028333333333333332,0.4033333333333333,0.15833333333333333,0.028333333333333332,148.7947083796752,46.27028887320947,0.0,429.6822161383688,0.0,161.58794434651352
181,cooper-hynes,Cooper Hynes,MID,MID,20.0,2,20.0,202.2354631917493,120.2574026015584,0.7103587738738385,522.9764393008841,61.81333333333333,4370.338388454549,0.015,0.36,0.14,0.035,0.455,0.14333333333333334,0.035,17.299172134687552,46.000436074536736,0.0,46.51663717294513,0.0,161.8603812257337
182,hamish-davis,Hamish Davis,MID,MID,65.0,2,20.0,201.1467319386258,117.76024994099431,1.018956087768214,514.9750722509793,61.04,4359.729652998975,0.03166666666666667,0.3433333333333333,0.125,0.021666666666666667,0.44666666666666666,0.13666666666666666,0.021666666666666667,26.25256184812393,53.11681455907489,0.0,72.93561623593664,0.0,202.14146239884647
183,christian-moraes,Christian Moraes,MID,MID,38.0,2,20.0,200.99446307068854,122.72643848727344,1.222431099585952,553.5773444283775,59.33166666666666,4243.789846327709,0.023333333333333334,0.3416666666666667,0.13166666666666665,0.035,0.45,0.14333333333333334,0.035,21.002718203478235,50.34230380976394,0.0,52.18171501562395,0.0,193.57908470696844
184,caiden-cleary,Caiden Cleary,MID,FWD,24.0,3,21.0,198.93797405274296,118.28097026574449,1.0975098369512029,504.8020206364865,50.41833333333334,3262.3374763911543,0.05333333333333334,0.155,0.03333333333333333,0.0016666666666666668,0.16333333333333333,0.03666666666666667,0.0016666666666666668,24.487285737789655,53.78096223450042,0.0,79.53597665331225,0.0,194.45167687425013
185,ben-ainsworth,Ben Ainsworth,FWD,FWD,4.0,10,28.0,195.1504553438293,111.06963122523058,1.301798775979976,515.9884328088956,46.52,2942.9089913935472,0.028333333333333332,0.12333333333333334,0.021666666666666667,0.005,0.14333333333333334,0.023333333333333334,0.005,88.38914390248654,56.10890721180594,0.0,297.80772653758714,0.0,205.0026834185498
186,daniel-rioli,Daniel Rioli,FWD,DEF,15.0,11,29.0,192.0616182994092,101.63388870868962,0.9076932877985481,510.44859505284296,48.86333333333334,3325.2758336697816,0.02666666666666667,0.27166666666666667,0.06166666666666667,0.011666666666666667,0.32666666666666666,0.06666666666666667,0.011666666666666667,92.99057762295854,50.08478959687357,0.0,320.27238180223054,0.0,180.71227846223567
187,lachy-dovaston,Lachy Dovaston,FWD,FWD,16.0,1,19.0,189.1441052536458,118.61615337485668,1.0206493306529985,474.72080224255564,51.93666666666667,3295.956974831839,0.04833333333333333,0.14333333333333334,0.045,0.011666666666666667,0.15666666666666668,0.04666666666666667,0.011666666666666667,13.142882277074714,37.102749266665185,0.0,17.684710526743583,0.0,121.12013956981801
188,dylan-moore,Dylan Moore,MID,FWD,66.0,9,27.0,188.40122210883393,125.47199910681364,0.0,470.2340000497671,35.835,2347.383357241797,0.11166666666666666,0.12333333333333334,0.023333333333333334,0.008333333333333333,0.12666666666666668,0.023333333333333334,0.008333333333333333,100.63968859446581,52.80667007779894,0.0,334.3758085692548,0.0,200.81675751251305
189,kane-mcauliffe,Kane McAuliffe,MID,MID,40.0,3,21.0,184.00390413180648,113.20746776403848,0.5382328504768475,466.7371184906886,50.56,3679.4128392341167,0.058333333333333334,0.32,0.105,0.02666666666666667,0.39,0.11166666666666666,0.02666666666666667,36.606303069058846,47.137887886337545,0.0,117.83866820405139,0.0,179.33849264766675
190,tyler-sonsie,Tyler Sonsie,MID,MID,28.0,5,23.0,180.4961485235035,94.29451676781508,0.7788144465050446,485.2137723723565,54.32,3833.7971410521773,0.02666666666666667,0.29,0.08666666666666667,0.02,0.3616666666666667,0.095,0.02,49.71116189629307,52.615411660181614,0.0,183.16315855584554,0.0,174.32760594153243
191,caleb-daniel,Caleb Daniel,DEF,DEF,46.0,12,30.0,179.83839451699964,82.37747320346676,0.3143702587015483,497.03918854195615,44.495,2987.972385979342,0.041666666666666664,0.24666666666666667,0.08166666666666667,0.015,0.285,0.08833333333333333,0.015,113.85421457674718,40.3522715211433,0.0,370.1168318590327,0.0,145.9712757893077
192,matt-carroll,Matt Carroll,MID,MID,8.0,3,21.0,178.89146311147903,104.82846389491712,0.7940410631139733,476.6374089824185,58.865,4159.3800496882595,0.03333333333333333,0.2816666666666667,0.09166666666666666,0.016666666666666666,0.3433333333333333,0.09666666666666666,0.016666666666666666,26.56413824816281,47.60577279398327,0.0,86.84897706015174,0.0,160.07644949030376
193,neil-erasmus,Neil Erasmus,MID,MID,10.0,5,23.0,178.5923092187263,93.0318464641947,0.8997973001059366,507.819870546105,59.55166666666667,4166.143222482622,0.03833333333333333,0.26666666666666666,0.08666666666666667,0.02,0.3383333333333333,0.09833333333333333,0.02,45.23653271282238,43.16749896952803,0.0,148.99986649953988,0.0,148.15493086499538
194,patrick-voss,Patrick Voss,FWD,FWD,6.0,5,23.0,175.1920646926247,88.14355946063053,0.801971595155135,464.8653220063329,43.955,2810.3209517923533,0.065,0.12,0.03833333333333333,0.006666666666666667,0.12333333333333334,0.04,0.006666666666666667,55.23426361484348,53.37609825436698,0.0,195.395945560876,0.0,177.58223110821305
195,jarrod-berry,Jarrod Berry,MID,MID,17.0,10,28.0,170.85157306755593,84.50884348049438,0.5191113175873915,454.634814082588,47.696666666666665,3320.8359078242815,0.03833333333333333,0.27,0.085,0.021666666666666667,0.31333333333333335,0.09166666666666666,0.025,79.16144305095169,44.61812894273305,0.0,244.7500175994598,0.0,151.15121459424643
196,jy-simpkin,Jy Simpkin,FWD,MID,12.0,10,28.0,170.45117756977197,87.5798420690814,0.804262279667558,479.8697037501925,50.84166666666667,3509.6424929357895,0.02666666666666667,0.25333333333333335,0.08,0.013333333333333334,0.2966666666666667,0.08,0.013333333333333334,80.45377484832986,46.604239994526424,0.0001645777847648587,241.63805206552553,0.0,176.06633345989778
197,brayden-maynard,Brayden Maynard,DEF,DEF,30.0,12,30.0,168.03573689155974,76.6856116491569,0.5833336545211587,473.8805349981184,46.736666666666665,3118.712093044833,0.04,0.225,0.056666666666666664,0.01,0.275,0.06166666666666667,0.01,88.96585876667149,47.15082878098922,0.0,304.2351881564658,0.0,160.39396710123825
198,xavier-duursma,Xavier Duursma,MID,MID,18.0,8,26.0,166.45290845592268,85.0133112643947,0.41314655838301306,481.26958991034377,53.35666666666667,3693.3351946940197,0.045,0.25666666666666665,0.06333333333333334,0.006666666666666667,0.3,0.07,0.006666666666666667,65.06220872730975,49.1894144563426,0.0,227.28874086215356,0.0,181.35045303628277
199,latrelle-pickett,Latrelle Pickett,FWD,FWD,12.0,1,21.0,163.96145432179802,82.10410467200353,0.43953259495895153,463.1654208137006,55.64666666666667,3388.7554752000538,0.03166666666666667,0.12166666666666667,0.03,0.0,0.13333333333333333,0.03,0.0,13.733142991971778,30.710318242489734,0.0,28.932257974642802,0.0,114.39449024766142
200,will-hayward,Will Hayward,FWD,FWD,21.0,10,28.0,163.87790250525813,83.70504370056098,0.5858985011768703,445.3020240025075,44.40833333333333,2727.8413718362417,0.03166666666666667,0.09333333333333334,0.025,0.0033333333333333335,0.105,0.02666666666666667,0.0033333333333333335,77.5456992940109,41.03425057068029,0.0,257.33288855375986,0.0,150.8956862162195
201,dyson-sharp,Dyson Sharp,MID,MID,13.0,1,19.0,163.46935764716935,87.70834808210967,0.6367947846529491,457.8597826981825,57.263333333333335,3975.5192829242137,0.03333333333333333,0.30333333333333334,0.12333333333333334,0.02666666666666667,0.36,0.13166666666666665,0.02666666666666667,10.566657628967459,25.82324502288724,0.0,13.08909774118961,0.0,82.45756704883499
202,archer-day-wicks,Archer Day-Wicks,FWD,FWD,2.0,2,20.0,161.0036948786344,86.6483083256984,0.6600042166358505,422.8629519545646,52.065,3209.693300670448,0.04666666666666667,0.11333333333333333,0.02666666666666667,0.005,0.11666666666666667,0.02666666666666667,0.005,22.282420297889438,33.135917202895435,0.0,51.02227951321462,0.0,99.44925348402305
203,wayne-milera,Wayne Milera,FWD,DEF,11.0,11,29.0,160.59235980275025,72.06976739702347,0.20047756724155855,427.07985174408685,38.51,2618.8931314379315,0.06333333333333334,0.225,0.075,0.013333333333333334,0.25,0.07666666666666666,0.013333333333333334,102.68953070586394,42.4197766282916,0.0,332.9118070686839,0.0,161.78236177150885
204,sam-davidson,Sam Davidson,FWD,FWD,51.0,2,25.0,160.50237649145177,82.90232018037766,0.34842916903149973,448.69645806123793,50.13166666666667,3082.9614466356725,0.045,0.1,0.023333333333333334,0.006666666666666667,0.10333333333333333,0.023333333333333334,0.006666666666666667,37.599267567651275,49.58309717512353,0.0,126.80080485480258,0.0,175.1352372184072
205,talor-byrne,Talor Byrne,FWD,FWD,45.0,1,19.0,160.37538728828727,80.23335895552137,0.08271170969401154,434.40538338143017,49.43,3038.6627697041536,0.06,0.14333333333333334,0.04,0.01,0.15,0.04,0.01,11.491635882019585,34.065927694783724,0.0,19.846991715472033,0.0,113.8546091521743
206,jacob-weitering,Jacob Weitering,DEF,DEF,1.0,11,29.0,160.30476275886232,77.39474826219359,0.30018673411880675,425.8152553838348,48.29833333333333,3224.6303701299144,0.04,0.21333333333333335,0.06333333333333334,0.01,0.24,0.06666666666666667,0.01,75.28325976368352,47.48413667517291,0.0,254.32122867206513,0.0,156.29450538499046
207,lachie-jaques,Lachie Jaques,DEF,DEF,29.0,2,20.0,159.83603032242308,84.62636813716736,0.16985365066855096,424.60130287399227,56.61,3815.111880006809,0.04,0.22166666666666668,0.065,0.016666666666666666,0.255,0.065,0.016666666666666666,22.314954513008935,32.93858589805771,0.0,67.3219233856491,0.0,106.0057637039725
208,tim-kelly,Tim Kelly,MID,MID,24.0,9,32.0,159.53796150739925,76.94234390190775,0.18289989595710343,459.9414074495094,42.595,2921.8004636203495,0.045,0.24333333333333335,0.07333333333333333,0.016666666666666666,0.2916666666666667,0.07666666666666666,0.016666666666666666,88.30152161105275,43.486548522026766,0.0,274.3688795080003,0.0,151.88831606319002
209,patrick-lipinski,Patrick Lipinski,MID,FWD,28.0,10,28.0,159.05275304132894,80.03919550813899,0.005826269336599667,422.4056130911558,34.515,2194.845409300807,0.09833333333333333,0.09,0.023333333333333334,0.006666666666666667,0.095,0.025,0.006666666666666667,87.3963315138347,47.346374621396464,0.0,310.11866892183457,0.0,152.60697108032304
210,james-peatling,James Peatling,MID,MID,8.0,5,26.0,158.42330711345542,78.23978981541303,0.5076147379567197,444.81956800833194,55.67333333333333,3794.6333706189193,0.02,0.23166666666666666,0.06666666666666667,0.02,0.28833333333333333,0.07,0.02,59.12589080821078,46.30100373708979,0.000257301400833037,188.13530975832805,1.0064259529801772e-05,147.81187630582454
211,miles-bergman,Miles Bergman,DEF,DEF,14.0,7,25.0,156.7015234231213,73.49613286358485,0.5277082760843781,422.36708848930965,54.59166666666667,3667.105766526467,0.03166666666666667,0.225,0.04833333333333333,0.013333333333333334,0.25333333333333335,0.051666666666666666,0.013333333333333334,43.925177532487595,42.94021925420497,0.0,152.36903712459744,0.0,157.20152233169
212,ned-long,Ned Long,MID,MID,4.0,5,23.0,155.89514345911127,76.12172113562627,0.23780081674012923,406.0793566309645,54.211666666666666,3755.385165136104,0.05,0.24,0.06333333333333334,0.015,0.2966666666666667,0.07,0.016666666666666666,34.01955254582077,45.10369160089147,0.0,123.28406243216732,0.0,157.2415061814833
213,karl-worner,Karl Worner,DEF,DEF,5.0,5,24.0,154.78040702776494,62.0405951012526,0.4827281220267889,422.1152606407504,56.96,3770.9262986777458,0.028333333333333332,0.205,0.055,0.011666666666666667,0.24,0.065,0.011666666666666667,40.60236605622967,48.56085515380466,0.0,125.59153152953195,1.3810903246973567e-05,163.50174127515177
214,rhylee-west,Rhylee West,MID,FWD,26.0,8,26.0,153.16655181029117,92.06642363419643,0.46621775890544065,409.0901570307837,41.88666666666666,2627.8218897761826,0.058333333333333334,0.08666666666666667,0.01,0.0,0.09333333333333334,0.01,0.0,61.19058565821232,49.03289326136013,0.0,219.8266229919088,0.0,176.7339875101312
215,jordan-de-goey,Jordan De Goey,FWD,FWD,6.0,12,30.0,152.2755964677112,76.03219517483706,0.0010014824810393955,416.44700981801935,28.658333333333335,1810.4007124697541,0.09833333333333333,0.12333333333333334,0.025,0.0016666666666666668,0.125,0.025,0.0016666666666666668,95.76544345297746,44.085131072850736,0.0,303.8736404154768,0.0,146.91158662322562
216,braeden-campbell,Braeden Campbell,DEF,DEF,5.0,6,24.0,152.13348623411423,73.45982204026036,0.3377305883902275,443.65060498485394,56.44,3809.0441474330873,0.051666666666666666,0.21,0.06666666666666667,0.02,0.23166666666666666,0.06833333333333333,0.02,25.12749170812825,33.01650956236773,0.0,79.30130373755078,0.0,100.37774067419936
217,bailey-dale,Bailey Dale,FWD,DEF,45.0,12,30.0,151.92664250085826,63.655914498869215,0.08006547655195019,406.8972803818139,37.001666666666665,2465.2769913431507,0.06666666666666667,0.20666666666666667,0.07166666666666667,0.011666666666666667,0.22333333333333333,0.07166666666666667,0.011666666666666667,101.82195120125205,38.33027514359919,0.0,321.3920459182071,0.0,134.1587402076708
218,sam-de-koning,Sam De Koning,DEF,DEF,19.0,7,25.0,151.16156197470386,64.99803924931909,0.6777259363915371,399.8164010301665,54.43666666666667,3622.6686582177763,0.02666666666666667,0.17833333333333334,0.041666666666666664,0.013333333333333334,0.205,0.043333333333333335,0.013333333333333334,50.51816694851256,45.64598099025417,0.0,178.02452461483318,0.0,172.25415630245584
219,jye-caldwell,Jye Caldwell,MID,MID,11.0,8,26.0,150.69519406392607,75.76137302749109,0.03385924397085829,428.26526368227195,39.208333333333336,2778.3831386741135,0.08833333333333333,0.25333333333333335,0.06666666666666667,0.01,0.28833333333333333,0.06833333333333333,0.01,75.07358524788484,45.21468113448271,0.0,254.12073578157046,0.0,155.0049431945595
220,jack-higgins,Jack Higgins,FWD,FWD,17.0,9,27.0,148.8645653115593,67.89531903904084,0.01610257070946311,412.1063453213784,37.97833333333333,2381.616671469569,0.095,0.09,0.013333333333333334,0.0016666666666666668,0.09666666666666666,0.013333333333333334,0.0016666666666666668,64.7836364325461,50.47164522709411,0.0,231.42971845735508,0.0,196.83717582686833
221,thomas-stewart,Thomas Stewart,DEF,DEF,40.0,10,33.0,148.52634316067665,60.08006593309151,0.12628470863533986,437.7461630192738,41.13666666666666,2686.4151597067876,0.04833333333333333,0.2,0.058333333333333334,0.011666666666666667,0.22833333333333333,0.06,0.011666666666666667,96.79851368776447,34.449282052107634,0.0,329.50749568918764,0.0,136.17263626101487
222,jake-rogers,Jake Rogers,MID,FWD,14.0,3,21.0,146.03443770338262,82.375580906366,0.2265638834090021,423.1133230174616,45.94833333333333,2847.088668217225,0.06166666666666667,0.12,0.021666666666666667,0.0016666666666666668,0.12333333333333334,0.021666666666666667,0.0016666666666666668,15.954924698603836,28.82268792815815,0.0,40.99837115500868,0.0,110.91993735223441
223,harry-sharp,Harry Sharp,FWD,FWD,45.0,6,24.0,144.97741428575563,82.42146324725402,0.3975280509070228,372.90411056927695,41.788333333333334,2577.294780187342,0.05333333333333334,0.065,0.013333333333333334,0.0,0.06666666666666667,0.013333333333333334,0.0,59.651750743479155,44.90246708153401,0.0,214.9226524116787,0.0,166.908263189897
224,tom-mccartin,Tom McCartin,FWD,DEF,33.0,9,27.0,144.70739318794716,64.00453587961924,0.1894709740261489,428.21274836625685,46.57,3093.111929631657,0.04,0.19166666666666668,0.041666666666666664,0.0033333333333333335,0.215,0.043333333333333335,0.0033333333333333335,71.11052125661811,41.26500782320179,0.0,254.78386578875802,0.0,149.4394620904647
225,jesse-motlop,Jesse Motlop,FWD,FWD,27.0,5,23.0,140.56611228854695,65.07849253577501,0.00902303168415564,374.94576264384875,43.641666666666666,2683.317268637619,0.09333333333333334,0.08666666666666667,0.023333333333333334,0.005,0.09333333333333334,0.023333333333333334,0.005,21.256886993412838,40.28037461130354,0.0,62.256737291572065,0.0,135.1559506365876
226,lachlan-jones,Lachlan Jones,DEF,DEF,16.0,6,24.0,139.63207986203952,60.72216437910457,0.3907429839141178,390.8334559322146,57.11833333333333,3749.0763311412356,0.03,0.19333333333333333,0.056666666666666664,0.008333333333333333,0.225,0.06333333333333334,0.008333333333333333,35.259994256129964,33.99380426869133,0.0,94.45955416808181,0.0,112.62766089243287
227,jeremy-cameron,Jeremy Cameron,FWD,FWD,13.0,15,33.0,137.58713222504525,69.73910722379787,0.12215979561056128,384.1014686670218,33.64666666666667,2012.3174028845733,0.06833333333333333,0.07333333333333333,0.02,0.0,0.07666666666666666,0.02,0.0,89.01717712284368,36.999100821492796,0.0,277.53647667307746,0.0,128.8800398078013
228,taj-hotton,Taj Hotton,MID,MID,12.0,2,20.0,135.45819536776654,69.63847540711822,0.09521341354507339,365.49515784294135,48.28,3381.5615116602385,0.07333333333333333,0.25833333333333336,0.08,0.02666666666666667,0.30666666666666664,0.085,0.028333333333333332,11.522263789446589,27.240377910302424,0.0,13.630926151776242,0.0,81.19289358144289
229,ben-keays,Ben Keays,MID,FWD,24.0,11,29.0,133.83470701221532,53.63530920741246,0.0,399.2714697182293,29.815,1885.9254272340972,0.16166666666666665,0.08833333333333333,0.013333333333333334,0.0016666666666666668,0.09,0.013333333333333334,0.0016666666666666668,82.94935107215036,30.225194540078586,0.0,281.013863151582,0.0,113.87538032582052
230,kade-chandler,Kade Chandler,FWD,FWD,11.0,8,26.0,132.73003371161303,52.08360499017391,0.05325519665339893,372.5935508736073,36.656666666666666,2234.025869234787,0.08333333333333333,0.06333333333333334,0.016666666666666666,0.0,0.065,0.016666666666666666,0.0,69.18721722185148,37.437249129599046,0.0,246.22371014644378,0.0,126.87393909587487
231,josh-battle,Josh Battle,FWD,DEF,39.0,10,28.0,131.16726186724432,55.791179206834045,0.12378453643119847,370.83414699262715,46.04666666666667,3005.3213637317895,0.05333333333333334,0.145,0.03,0.008333333333333333,0.16166666666666665,0.03166666666666667,0.008333333333333333,74.41902604224582,36.217191145003795,0.0,252.91936049578055,0.0,121.73650999936052
232,clay-hall,Clay Hall,MID,MID,38.0,3,21.0,131.1012557120759,59.13443766976246,0.005315033195287197,354.18143470382944,46.538333333333334,3220.5317825299007,0.095,0.23833333333333334,0.06666666666666667,0.013333333333333334,0.2733333333333333,0.07166666666666667,0.013333333333333334,17.528983842994194,35.16451588444095,0.0,45.54075607852168,0.0,131.72852085874942
233,tom-atkins,Tom Atkins,MID,MID,8.0,8,31.0,130.9006195203875,47.56359721363545,0.2639272089934793,360.1380895976863,45.52333333333333,3000.00104189239,0.02666666666666667,0.22166666666666668,0.055,0.01,0.24333333333333335,0.056666666666666664,0.01,70.44961212491786,34.945953688033676,0.0,235.24473935342124,0.0,133.23304603186597
234,luke-parker,Luke Parker,MID,DEF,49.0,16,34.0,130.65126157606161,50.67029984849164,0.038276441985932386,351.4289591729491,29.945,1983.8064281068516,0.07,0.18,0.06166666666666667,0.018333333333333333,0.195,0.06333333333333334,0.018333333333333333,94.42094793829519,31.999673320935035,0.0,283.4532714344184,0.0,102.8359310639552
235,kane-farrell,Kane Farrell,DEF,DEF,51.0,9,27.0,129.60322575565084,44.15618977514145,0.00990465420243343,374.77488128995975,39.88166666666667,2620.691694901889,0.08,0.17166666666666666,0.04833333333333333,0.005,0.185,0.051666666666666666,0.005,71.9902689153355,35.16784263754932,0.0,261.6184712037332,0.0,123.55037471004289
236,hugh-boxshall,Hugh Boxshall,MID,MID,45.0,2,20.0,126.93138813596973,55.63930760268558,0.08682584257695962,344.4795305112388,51.23,3483.671457179932,0.06666666666666667,0.21333333333333335,0.07,0.018333333333333333,0.25833333333333336,0.07333333333333333,0.018333333333333333,16.423797650011124,29.096291037924825,0.0,47.613394197765004,0.0,97.78046419749565
237,max-gawn,Max Gawn,RUC,RUC,33.0,17,35.0,126.21412395908624,45.359833042943535,0.0,358.48996571749433,21.128333333333334,1446.460700271622,0.16833333333333333,0.21,0.085,0.011666666666666667,0.21333333333333335,0.085,0.011666666666666667,115.91210526189558,8.944723027852012,0.0,352.72842767311073,0.0,10.390603092704094
238,cooper-lord,Cooper Lord,MID,MID,9.0,2,21.0,125.5960158471266,48.16868106861972,0.27725775370430067,369.84971185035363,60.17666666666667,3993.2894062859364,0.013333333333333334,0.24166666666666667,0.06666666666666667,0.015,0.285,0.07,0.015,21.682181905265896,30.975703613546575,0.0,58.491733889278095,0.0,114.93867305389344
239,bayley-fritsch,Bayley Fritsch,FWD,FWD,31.0,9,30.0,124.4922575199915,49.19600885150584,0.16476175087464096,361.6630627756465,40.13666666666666,2375.329083332978,0.04,0.065,0.006666666666666667,0.0016666666666666668,0.06833333333333333,0.006666666666666667,0.0016666666666666668,64.81097096296615,32.31645812801503,0.0,223.26051528524863,0.0,104.32170897575665
240,tom-de-koning,Tom De Koning,RUC,RUC,30.0,9,27.0,124.44596834296097,41.65347760180237,0.030075400351689766,357.44602870113545,42.89333333333333,2842.1454588001825,0.07833333333333334,0.15333333333333332,0.03,0.005,0.165,0.03166666666666667,0.005,65.87148243262713,33.5810076699404,0.0,237.2267373717913,0.0,143.2002041487592
241,elijah-hewett,Elijah Hewett,MID,MID,14.0,4,22.0,123.24145423512353,44.51098950630286,0.11993812133292628,367.0395422074258,50.38666666666666,3409.52602108276,0.055,0.22166666666666668,0.07166666666666667,0.01,0.26166666666666666,0.075,0.01,16.10752359598057,37.59344131943695,0.0,37.3960697959318,0.0,139.59652518103684
242,archie-may,Archie May,FWD,FWD,6.0,1,22.0,121.33623561292644,47.25694510162853,0.18383968768697068,357.63917327991885,51.57333333333333,3021.9541156055357,0.035,0.08833333333333333,0.015,0.0016666666666666668,0.08833333333333333,0.015,0.0016666666666666668,15.895824486027596,28.994280041697888,0.0,40.6902573946362,0.0,90.71482518827132
243,zac-taylor,Zac Taylor,FWD,FWD,44.0,5,23.0,118.71101723095242,56.144829901106284,0.03894592432640936,345.337757187509,39.278333333333336,2378.3695267276325,0.08666666666666667,0.05,0.01,0.0016666666666666668,0.05,0.01,0.0016666666666666668,36.4107323992557,39.248553667381884,0.0,119.76949546438001,0.0,143.99244882980727
244,will-day,Will Day,MID,MID,13.0,7,25.0,118.02512487003733,43.24284859509521,0.0,353.0765428744978,32.225,2268.84023368436,0.13166666666666665,0.225,0.07666666666666666,0.0033333333333333335,0.25333333333333335,0.07666666666666666,0.0033333333333333335,64.78147917127428,28.034872517518185,0.0,237.72635334174544,0.0,85.9075591987142
245,liam-duggan,Liam Duggan,DEF,DEF,12.0,12,30.0,117.93968537616762,42.99775667499383,0.058187183612634794,348.140021811406,42.406666666666666,2728.855344966296,0.055,0.15666666666666668,0.03166666666666667,0.0033333333333333335,0.17333333333333334,0.03333333333333333,0.0033333333333333335,66.50475171898114,32.802677866294324,0.0,223.42739815169276,0.0,105.56074680348993
246,tobie-travaglia,Tobie Travaglia,DEF,DEF,8.0,2,20.0,117.62972746243535,43.31601234910066,0.17304316719082077,356.8065504839282,55.18,3563.3229698761024,0.043333333333333335,0.18833333333333332,0.04833333333333333,0.011666666666666667,0.20666666666666667,0.04833333333333333,0.011666666666666667,5.866156783011886,23.543743766988445,0.0,3.1657140856412176,0.0,79.69280262349874
247,thomas-sims,Thomas Sims,FWD,FWD,28.0,2,20.0,117.61465702482204,49.424871875336095,0.005216764184119577,337.66306009309517,42.64666666666667,2563.68014994318,0.09833333333333333,0.08,0.018333333333333333,0.0016666666666666668,0.085,0.018333333333333333,0.0016666666666666668,5.899356307256647,27.98568213123938,0.0,7.267989905765997,0.0,85.79336827934257
248,logan-mcdonald,Logan McDonald,FWD,FWD,4.0,6,24.0,117.21441268102295,41.575263491539744,0.0,328.2110607865349,34.53333333333333,2141.9585645021534,0.17166666666666666,0.075,0.013333333333333334,0.0016666666666666668,0.08166666666666667,0.013333333333333334,0.0016666666666666668,24.305985079993487,32.66677669384307,0.0,81.38403117555352,0.0,124.41301167349701
249,matthew-kennedy-1,Matthew Kennedy,MID,MID,13.0,11,29.0,117.19524710335963,48.221741878331784,0.001714985312478513,327.1574957857222,36.55833333333333,2500.003043020612,0.09666666666666666,0.165,0.056666666666666664,0.0033333333333333335,0.19333333333333333,0.058333333333333334,0.0033333333333333335,70.98111250927315,31.71418797927296,0.0,242.1474639112807,0.0,111.78644267792166
250,harrison-himmelberg,Harrison Himmelberg,FWD,DEF,16.0,11,30.0,116.11267345097593,29.946378971113234,0.1440361452610716,376.66814616700043,45.81,2907.2542892261695,0.04,0.13666666666666666,0.025,0.005,0.15,0.025,0.005,60.213575754690964,31.618390728630015,0.0,226.86047808773932,0.0,106.12977697892576
251,corey-durdin,Corey Durdin,FWD,FWD,39.0,6,24.0,114.80827341573905,36.93424760522846,0.18270391228336724,345.0715183242892,42.528333333333336,2487.5306214160137,0.043333333333333335,0.06,0.016666666666666666,0.006666666666666667,0.06333333333333334,0.016666666666666666,0.006666666666666667,30.553014634415806,43.941549295473116,0.0,100.41197145266794,0.0,149.3466178460839
252,judd-mcvee,Judd McVee,DEF,DEF,11.0,5,23.0,112.84382659908185,52.07584525466727,0.2662871770762521,299.3255281520934,53.83166666666666,3496.435469740646,0.03,0.12666666666666668,0.028333333333333332,0.005,0.13833333333333334,0.03,0.005,28.46932817216881,24.21250683632902,0.0,95.23721163894113,0.0,88.39902731638614
253,harris-andrews,Harris Andrews,DEF,DEF,60.0,12,30.0,112.21600611437792,33.28798611032823,0.045893088854108394,352.25493799023286,40.43,2575.5341833666293,0.06,0.13666666666666666,0.03666666666666667,0.0033333333333333335,0.14833333333333334,0.03833333333333333,0.0033333333333333335,62.89343700652181,34.673344472790475,0.0,227.21751570970957,0.0,119.79722964744393
254,alex-neal-bullen,Alex Neal-Bullen,FWD,FWD,40.0,12,30.0,111.26608580832458,36.71074610331182,0.014982171169157356,333.54242269780264,33.806666666666665,1973.2581407238076,0.08166666666666667,0.05333333333333334,0.008333333333333333,0.0,0.055,0.008333333333333333,0.0,70.66863023852433,29.656431749572253,0.0,251.7943778506833,0.0,113.02997415390635
255,blake-hardwick,Blake Hardwick,FWD,DEF,44.0,11,29.0,110.7244693870599,34.586146600405826,0.09205316974511216,310.65379122175057,43.35666666666667,2746.0560894538967,0.03666666666666667,0.13166666666666665,0.035,0.006666666666666667,0.145,0.03833333333333333,0.006666666666666667,63.1331668786984,29.23496779806487,0.0,224.72509027680564,0.0,100.35558445986116
256,tanner-bruhn,Tanner Bruhn,MID,MID,12.0,6,24.0,110.35626063588141,38.889295272963665,0.0054571562558409555,306.11154970395364,40.763333333333335,2790.2086094902093,0.09333333333333334,0.17666666666666667,0.04833333333333333,0.005,0.20166666666666666,0.051666666666666666,0.005,26.104410282904986,41.066444947398644,0.0,96.6134165535973,0.0,163.89304484981432
257,sam-marshall,Sam Marshall,MID,MID,25.0,2,20.0,107.53972914779736,35.661848058517904,0.038589726328718287,320.934095356451,49.51833333333333,3291.4653422251085,0.06333333333333334,0.20666666666666667,0.04833333333333333,0.006666666666666667,0.22833333333333333,0.05,0.006666666666666667,8.85608405854778,26.943314731060248,0.0,8.411886199232875,0.0,92.09911261802759
258,patrick-retschko,Patrick Retschko,MID,MID,9.0,2,20.0,105.86917355854983,35.262830344001415,0.1261043805182839,306.5968402821162,49.635,3310.1589509633,0.055,0.17,0.05,0.015,0.19666666666666666,0.05,0.015,14.50612464165324,24.343900637903733,0.0,23.772014130444834,0.0,78.23977309609158
259,blake-howes,Blake Howes,DEF,DEF,39.0,5,23.0,105.18309559589018,36.079316249296845,0.06790028702252729,312.23074292464565,49.055,3185.443680099626,0.056666666666666664,0.12666666666666668,0.02,0.005,0.14,0.023333333333333334,0.005,26.71969772676689,30.38195550704603,0.0,93.1501867879038,0.0,94.41478854284102
260,lachlan-schultz,Lachlan Schultz,FWD,FWD,57.0,8,29.0,104.95717854274571,36.169093271135566,0.002497393129823227,313.09672372697884,32.42,1932.2445184451271,0.1,0.04666666666666667,0.006666666666666667,0.0,0.04833333333333333,0.006666666666666667,0.0,58.05430959125228,31.683670604260968,0.0,205.91852429850496,0.0,122.58883199888022
261,harry-perryman,Harry Perryman,MID,DEF,14.0,10,28.0,103.26205829675986,27.12728079109474,0.0,324.36710823744926,35.40833333333333,2329.774769534961,0.105,0.14833333333333334,0.03,0.0033333333333333335,0.16,0.03,0.0033333333333333335,55.655479297282774,31.719200272706377,0.0,183.7003433500799,0.0,111.33468399810455
262,harry-o-farrell,Harry O'Farrell,DEF,DEF,40.0,2,20.0,103.19055218832693,29.65240854082341,0.013714619458902422,307.7088631410904,47.163333333333334,3063.681037156599,0.07,0.16833333333333333,0.04666666666666667,0.011666666666666667,0.18333333333333332,0.04833333333333333,0.011666666666666667,8.68896171768788,25.950450686437957,0.0,10.637384630946903,0.0,80.89459675819805
263,oliver-wines,Oliver Wines,MID,MID,10.0,14,32.0,101.59848079720767,32.93026814536155,0.002155716667330624,311.8683669807863,32.70666666666666,2177.740537108516,0.09166666666666666,0.18666666666666668,0.041666666666666664,0.008333333333333333,0.20166666666666666,0.041666666666666664,0.008333333333333333,66.56565802167499,24.01517541310602,0.0,249.0663329897602,0.0,83.5251216780144
264,jacob-konstanty,Jacob Konstanty,FWD,FWD,20.0,4,22.0,99.81394971092362,28.935218216385355,0.0017937590731737577,315.25772601329317,43.47666666666667,2524.9142765053907,0.09333333333333334,0.055,0.008333333333333333,0.0033333333333333335,0.055,0.008333333333333333,0.0033333333333333335,13.6441376500092,32.52142135698588,0.0,23.766061542602976,0.0,100.38630844547527
265,josh-dolan,Josh Dolan,FWD,FWD,31.0,2,20.0,99.10851198209687,31.588111228924216,0.050256240934529024,293.53585877827095,46.17,2651.618883506694,0.06333333333333334,0.06333333333333334,0.011666666666666667,0.005,0.06666666666666667,0.011666666666666667,0.005,7.3353928660047645,22.656167815074745,0.0,9.457719388088316,0.0,78.42450813203214
266,cooper-sharman,Cooper Sharman,FWD,FWD,20.0,5,26.0,98.98245857989772,29.888004796519063,0.2018364566701779,269.22889574488227,46.22666666666667,2607.7121052286197,0.02666666666666667,0.056666666666666664,0.011666666666666667,0.0016666666666666668,0.06,0.011666666666666667,0.0016666666666666668,31.47412122429982,31.771553788833614,0.0,100.92657886270187,0.0,100.93681727350746
267,bailey-williams-wc,Bailey J. Williams,RUC,RUC,35.0,8,26.0,98.02058640454392,34.31751331766106,0.05928348932587725,293.7853566724556,38.57333333333333,2485.846803033942,0.051666666666666666,0.135,0.035,0.005,0.15,0.03666666666666667,0.005,51.06575929476673,24.771385694619664,0.0,179.68039628164175,0.0,77.66702037489239
268,ewan-mackinlay,Ewan Mackinlay,FWD,FWD,11.0,1,23.0,97.49508799650437,30.129380185497457,0.12329610794424511,295.29703702965116,45.24,2577.813259948202,0.03666666666666667,0.055,0.013333333333333334,0.0,0.058333333333333334,0.013333333333333334,0.0,20.100684748295613,22.237267568211585,0.0,39.01805012956814,0.0,69.98022229943282
269,dan-houston,Dan Houston,FWD,DEF,32.0,11,29.0,95.73826898906387,25.288449861061842,0.003719983807722905,302.43870177515254,34.071666666666665,2151.4823349114863,0.08666666666666667,0.12333333333333334,0.021666666666666667,0.0016666666666666668,0.12833333333333333,0.023333333333333334,0.0016666666666666668,60.85404047992793,26.609404769913542,0.0,205.89020253676824,0.0,101.30901409861507
270,zach-reid,Zach Reid,DEF,DEF,10.0,6,24.0,94.99330639971517,22.87627085765161,7.759927202473785e-05,306.73641913554286,42.81333333333333,2747.449973305178,0.1,0.115,0.023333333333333334,0.0016666666666666668,0.125,0.02666666666666667,0.0016666666666666668,40.45521782520618,24.905563441664505,0.0,135.67435604992977,0.0,87.73814163243391
271,charlie-curnow,Charlie Curnow,FWD,FWD,12.0,11,29.0,94.28056907001546,29.433030049682028,0.0,269.8579783938842,28.541666666666668,1683.129009950371,0.12166666666666667,0.05,0.005,0.0016666666666666668,0.05,0.005,0.0016666666666666668,67.1371195142144,18.560139004267022,0.0,213.67848369772963,0.0,47.79523539387492
272,toby-greene,Toby Greene,MID,FWD,18.0,15,33.0,92.21198858837201,22.795297722531686,0.0,292.3854073105578,24.361666666666668,1454.2640134969943,0.13333333333333333,0.045,0.01,0.0016666666666666668,0.045,0.01,0.0016666666666666668,67.99233180170702,19.971675523367857,0.0,229.5432222951885,0.0,67.17347146785946
273,jack-lukosius,Jack Lukosius,FWD,FWD,2.0,8,26.0,91.62190535912782,35.700496347166165,0.0,270.3954832503943,31.29,1850.722819288051,0.115,0.051666666666666666,0.008333333333333333,0.0,0.051666666666666666,0.008333333333333333,0.0,44.10003564688121,24.564194188311326,0.0,139.5749420189322,0.0,67.90806046522016
274,archer-reid,Archer Reid,FWD,FWD,30.0,3,21.0,91.11517274863296,23.162304523596585,0.0,288.8720884184336,39.105,2288.3646544554645,0.11833333333333333,0.055,0.01,0.0033333333333333335,0.058333333333333334,0.01,0.0033333333333333335,12.12585953194088,24.823698561556625,0.0,12.503628272550262,0.0,76.67483814960579
275,darcy-parish,Darcy Parish,MID,MID,5.0,11,29.0,88.16057263526335,18.150243967526578,0.0,247.2782326529943,26.638333333333332,1772.022284903047,0.13166666666666665,0.15166666666666667,0.058333333333333334,0.008333333333333333,0.15666666666666668,0.058333333333333334,0.008333333333333333,62.744827332003915,18.27694474490365,0.0,188.44750391623958,0.0,49.53336309381897
276,bradley-hill,Bradley Hill,MID,FWD,45.0,15,33.0,88.15754595946756,27.320322618219237,0.0006634536528808189,278.17061215392533,27.438333333333333,1564.108924416517,0.09333333333333334,0.055,0.0016666666666666668,0.0,0.055,0.0016666666666666668,0.0,57.8071131957541,25.49716304521053,0.0,197.04542516144986,0.0,75.37991410494108
277,michael-frederick,Michael Frederick,FWD,FWD,61.0,7,26.0,88.09879746605637,21.637851376622365,0.0019515319265773737,270.4283194883003,35.108333333333334,2027.822809025367,0.09666666666666666,0.043333333333333335,0.006666666666666667,0.0,0.043333333333333335,0.006666666666666667,0.0,36.985646075457026,28.924251116791602,0.0,135.8555220634513,0.0,107.55462463191141
278,elijah-hollands,Elijah Hollands,MID,FWD,7.0,6,24.0,87.6874016144045,20.32584746185086,0.0,272.80702539450823,28.016666666666666,1689.3321464024548,0.17,0.056666666666666664,0.015,0.0016666666666666668,0.06166666666666667,0.015,0.0016666666666666668,33.48322236580072,26.056509690074595,0.0,117.58887837091999,0.0,78.79831437954269
279,calsher-dear,Calsher Dear,FWD,FWD,56.0,3,21.0,87.43186727632164,22.428498742599096,0.0,272.5804932084176,33.711666666666666,1989.7072421040261,0.15166666666666667,0.07,0.016666666666666666,0.0033333333333333335,0.07,0.016666666666666666,0.0033333333333333335,15.989164261212858,22.492798826874047,0.0,23.57308142575786,0.0,62.37573822858135
280,zak-johnson,Zak Johnson,DEF,DEF,70.0,2,20.0,87.22621659907185,15.880364679627812,0.0338149896403499,269.8336244626346,48.175,3020.7760227428735,0.065,0.13166666666666665,0.051666666666666666,0.013333333333333334,0.145,0.055,0.013333333333333334,9.362509616671147,19.61755612700525,0.0,13.680496033309286,0.0,48.743642318503426
281,liam-baker,Liam Baker,DEF,DEF,16.0,9,28.0,86.15827912991531,19.733355271160253,0.012141202703975375,266.757458801756,43.0,2651.741510833307,0.065,0.105,0.018333333333333333,0.0033333333333333335,0.11,0.018333333333333333,0.0033333333333333335,42.73480559884908,26.817770937576018,0.0,147.0144751069266,0.0,81.27971883333508
282,ed-langdon,Ed Langdon,MID,DEF,54.0,12,30.0,84.82151643635382,16.37312577765183,0.008537272197137865,267.27296812644266,33.46333333333333,2101.862638641293,0.085,0.10166666666666667,0.02666666666666667,0.005,0.10333333333333333,0.02666666666666667,0.005,52.813553046809375,24.81211031784292,0.0,186.1347437700985,0.0,66.40266366196671
283,jordan-croft,Jordan Croft,FWD,FWD,15.0,3,21.0,84.67029586638327,21.74085906973907,0.0,271.6294555024114,35.02166666666667,2062.0362692847384,0.105,0.043333333333333335,0.008333333333333333,0.0033333333333333335,0.04666666666666667,0.008333333333333333,0.0033333333333333335,9.996792481871347,29.68224853204057,0.0,15.87933910960993,0.0,97.95423544535116
284,sam-clohesy,Sam Clohesy,MID,MID,3.0,3,24.0,83.83082966443676,16.06317818431934,0.0185765559398215,279.38165191985524,46.755,3002.852919894132,0.06166666666666667,0.14333333333333334,0.028333333333333332,0.006666666666666667,0.165,0.028333333333333332,0.006666666666666667,16.32345383408637,26.483373358825066,0.0,39.25002276672863,0.0,98.5001038313502
285,brodie-kemp,Brodie Kemp,DEF,FWD,17.0,7,25.0,83.72840328893149,26.07842917474555,0.03126650907012546,247.54738443712088,34.09,1974.1757500076853,0.08333333333333333,0.04,0.008333333333333333,0.0,0.041666666666666664,0.008333333333333333,0.0,35.529419111380946,26.753800371292368,0.0,126.48007671314966,0.0,88.3881708773844
286,peter-wright,Peter Wright,FWD,FWD,10.0,12,30.0,81.67592337002408,13.029760852190226,0.0,252.29090066150235,22.825,1340.0475489317043,0.15833333333333333,0.043333333333333335,0.005,0.0,0.04666666666666667,0.006666666666666667,0.0,61.11926718900191,15.306043298667744,0.0,203.20057821431968,0.0,35.636609973055926
287,jacob-hopper,Jacob Hopper,MID,MID,7.0,11,29.0,81.54264356568885,15.88984320145489,0.0,247.64519880808507,32.835,2159.011374128306,0.15833333333333333,0.11333333333333333,0.025,0.0033333333333333335,0.12666666666666668,0.025,0.0033333333333333335,49.91338358682794,20.304347251934082,0.0,177.4629045546571,0.0,45.42624699318912
288,willem-drew,Willem Drew,MID,MID,33.0,10,28.0,81.5386899031732,21.28515215609443,0.0028716706391932884,257.20787997154605,35.26166666666666,2326.0893169313154,0.09166666666666666,0.12333333333333334,0.028333333333333332,0.0016666666666666668,0.125,0.028333333333333332,0.0016666666666666668,45.478235888563,23.724235434776027,0.0,164.42380507926637,0.0,81.73241231489156
289,darcy-fogarty,Darcy Fogarty,FWD,FWD,12.0,9,27.0,80.32657768414994,15.102050824217702,0.0,252.82590709728788,31.44,1799.0114438287658,0.13833333333333334,0.025,0.005,0.0016666666666666668,0.025,0.005,0.0016666666666666668,36.14362323593119,30.944982954732065,0.0,130.45603738863764,0.0,107.99183165218248
290,dayne-zorko,Dayne Zorko,FWD,DEF,41.0,15,37.0,78.65368169425862,13.660228415922681,0.0,244.18544701858661,25.738333333333333,1570.691377404976,0.11166666666666666,0.11833333333333333,0.018333333333333333,0.0033333333333333335,0.12166666666666667,0.018333333333333333,0.0033333333333333335,64.05872186964201,12.24237991938747,0.0,210.44196642547755,0.0,17.820333614218494
291,nicholas-martin,Nicholas Martin,MID,MID,80.0,5,25.0,78.5027986941959,15.445615095112238,0.00013815616271511627,252.86252120083702,36.123333333333335,2326.1519030023965,0.09833333333333333,0.13666666666666666,0.03333333333333333,0.005,0.14666666666666667,0.03333333333333333,0.005,37.443173228766824,19.163444060097,0.0,131.23449527016263,0.0,51.4089001446626
292,bailey-williams-wb,Bailey Williams,MID,DEF,48.0,11,29.0,78.16659217394268,13.742978339178473,0.0,269.2464752419938,30.326666666666668,1928.4734598848001,0.13,0.09166666666666666,0.021666666666666667,0.0016666666666666668,0.09166666666666666,0.021666666666666667,0.0016666666666666668,42.575220431418046,25.457334002615497,0.0,149.76248153519242,0.0,71.29445866399118
293,jarman-impey,Jarman Impey,FWD,DEF,21.0,13,31.0,76.32483959234742,16.871880988833915,0.012663782578583348,243.6020358915279,34.958333333333336,2141.8307687349375,0.065,0.08333333333333333,0.011666666666666667,0.0016666666666666668,0.08666666666666667,0.011666666666666667,0.0016666666666666668,50.085623378137385,18.993030154124444,0.0,164.12334901616296,0.0,53.650015223004516
294,brent-daniels,Brent Daniels,FWD,FWD,27.0,9,27.0,75.05743625710129,20.461318139158376,0.0,235.94646420907145,26.16,1510.9888961903116,0.14333333333333334,0.03166666666666667,0.006666666666666667,0.0,0.03166666666666667,0.006666666666666667,0.0,48.974926885261496,16.2405092720174,0.0,185.5617553362305,0.0,48.11494994201511
295,riley-hardeman,Riley Hardeman,DEF,DEF,23.0,3,21.0,74.4714971661302,14.334171767191108,0.008019500359513258,238.4635723498107,43.675,2695.9421214991953,0.07833333333333334,0.115,0.03666666666666667,0.006666666666666667,0.12166666666666667,0.03833333333333333,0.006666666666666667,5.476729394666766,19.29185526763864,0.0,2.4002232395759435,0.0,49.46310170228686
296,nathan-o-driscoll,Nathan O'Driscoll,MID,MID,28.0,6,24.0,74.1616931810774,9.51558782820509,0.0,238.67910385779035,33.94166666666667,2204.6710087862207,0.12833333333333333,0.13,0.03166666666666667,0.006666666666666667,0.13666666666666666,0.03166666666666667,0.006666666666666667,27.15598144070643,26.107236437756626,0.0,79.17147190035283,0.0,68.9100188588094
297,nick-vlastuin,Nick Vlastuin,DEF,DEF,12.0,14,32.0,74.05580823222304,12.421091767240434,0.00010988073274183975,237.76719083906292,32.67333333333333,2001.6829541590503,0.095,0.095,0.013333333333333334,0.0016666666666666668,0.09666666666666666,0.013333333333333334,0.0016666666666666668,46.34025516316505,20.291914685143375,0.0,170.8322936843224,0.0,54.00548822850221
298,jayden-short,Jayden Short,DEF,DEF,10.0,12,30.0,73.89277216688178,8.952212261903092,0.0,247.23812263129673,28.683333333333334,1758.3445920250192,0.10833333333333334,0.09,0.02,0.005,0.09,0.02,0.005,52.08949573902504,19.16649645710021,0.0,185.9748381849854,0.0,48.04537470608524
299,james-worpel,James Worpel,MID,MID,45.0,9,27.0,73.27492703342759,8.0431964580639,0.0,258.20371039070386,30.436666666666667,1976.463178903883,0.14,0.11333333333333333,0.03,0.0033333333333333335,0.12666666666666668,0.03,0.0033333333333333335,39.93286887098312,20.982826049766995,0.0,135.7368345484173,0.0,46.138424495133535
300,daniel-turner,Daniel Turner,DEF,DEF,22.0,5,24.0,71.67978908573923,14.817667284126191,0.050220774926324555,245.03540243744567,50.30833333333333,3025.593894983427,0.021666666666666667,0.08,0.013333333333333334,0.0016666666666666668,0.08333333333333333,0.013333333333333334,0.0016666666666666668,23.99163254503052,17.87745923191098,0.0,69.81282813391839,0.0,44.33943695481246
301,james-sicily,James Sicily,FWD,DEF,52.0,13,31.0,70.85298182756031,4.092440358736495,0.0,248.98385540704194,21.661666666666665,1376.2692202015319,0.21,0.10666666666666667,0.016666666666666666,0.0033333333333333335,0.10833333333333334,0.016666666666666666,0.0033333333333333335,61.790370190206744,6.318880641640916,0.0,231.9208614003419,0.0,2.309294147186611
302,jaxon-prior,Jaxon Prior,DEF,DEF,59.0,7,25.0,67.43527505597194,11.106418320386531,0.006361829212205001,202.1979981112707,42.02,2547.21122400967,0.07666666666666666,0.08166666666666667,0.016666666666666666,0.0,0.085,0.016666666666666666,0.0,25.061409639895928,22.620617968725178,0.0,78.92353328690118,0.0,67.95413467227117
303,rowan-marshall,Rowan Marshall,RUC,RUC,9.0,10,31.0,67.37750712389214,10.038238446914288,0.0,216.1821824440974,29.936666666666667,1823.023471391898,0.11166666666666666,0.08,0.013333333333333334,0.0016666666666666668,0.085,0.013333333333333334,0.0016666666666666668,47.86503476822474,12.902268820756873,0.0,166.0873498120001,0.0,26.519227520958054
304,james-jordon,James Jordon,MID,MID,33.0,8,26.0,66.90432014190802,11.374698869257616,0.016702246943770278,216.43117137572617,44.958333333333336,2792.599651021011,0.055,0.09166666666666666,0.021666666666666667,0.005,0.09666666666666666,0.021666666666666667,0.005,19.855667528177328,22.62459205021332,0.0,58.84800778781363,0.0,66.09475209974664
305,george-hewett,George Hewett,MID,MID,32.0,13,31.0,64.7468897071169,5.696471506113879,0.0,224.91089795674142,25.026666666666667,1581.1362910678495,0.19833333333333333,0.11166666666666666,0.023333333333333334,0.0016666666666666668,0.115,0.023333333333333334,0.0016666666666666668,50.069258583407624,10.008224388301953,0.0,171.78427941064325,0.0,17.413296217592638
306,mason-redman,Mason Redman,DEF,DEF,30.0,11,29.0,64.7117132774754,5.40958468352804,0.0,216.4265616601871,26.623333333333335,1628.0486745833248,0.15,0.09833333333333333,0.021666666666666667,0.0016666666666666668,0.09833333333333333,0.021666666666666667,0.0016666666666666668,48.47150631963324,9.889656632586915,0.0,151.52213722939723,0.0,12.627196382534018
307,charlie-cameron,Charlie Cameron,FWD,FWD,6.0,13,32.0,63.920785729339286,8.64383990429468,0.01284077701514698,190.0359859563342,31.395,1653.6515524326276,0.056666666666666664,0.023333333333333334,0.005,0.0,0.023333333333333334,0.005,0.0,43.32811094323806,14.097938590434866,0.0,145.52556328989235,0.0,27.84958993661898
308,charlie-comben,Charlie Comben,FWD,DEF,31.0,7,25.0,63.403966040762896,6.287287467855246,0.0,199.71742363950142,35.67166666666667,2180.3161133188764,0.10833333333333334,0.08,0.015,0.0033333333333333335,0.08333333333333333,0.015,0.0033333333333333335,28.932263677627574,18.863161082178017,0.0,87.06122794891856,0.0,37.39363651569885
309,jackson-macrae,Jackson Macrae,MID,MID,8.0,14,32.0,62.23840859452145,4.800643976173813,0.0,211.04000900212557,25.893333333333334,1613.592560780987,0.21166666666666667,0.105,0.028333333333333332,0.006666666666666667,0.10833333333333334,0.028333333333333332,0.006666666666666667,47.57007392788793,9.087651627873022,0.0,170.81644504482608,0.0,12.733384273890627
310,harry-mckay,Harry McKay,FWD,FWD,10.0,11,29.0,61.46847468267343,5.983663998146879,0.0,209.93778406556774,21.835,1238.3909443175091,0.21166666666666667,0.03333333333333333,0.0016666666666666668,0.0,0.03333333333333333,0.0016666666666666668,0.0,44.887071819146904,9.58128906029151,0.0,158.79389687615992,0.0,15.266749409641273
311,noah-balta,Noah Balta,DEF,FWD,25.0,9,27.0,60.612816867695535,6.638910120083702,0.0,190.1455309177467,28.006666666666668,1550.1284269243226,0.155,0.021666666666666667,0.01,0.0,0.021666666666666667,0.01,0.0,34.01945219160484,13.516256045477137,0.0,124.92666334176744,0.0,32.528953537430475
312,max-gruzewski,Max Gruzewski,FWD,FWD,22.0,4,22.0,60.17164968877405,7.259268035287878,0.0,202.78662802298211,32.66166666666667,1833.6833516530266,0.125,0.03166666666666667,0.0033333333333333335,0.0,0.03166666666666667,0.0033333333333333335,0.0,12.547095330273859,18.983721966964875,0.0,19.523950175686267,0.0,47.948235006954974
313,cameron-nairn,Cameron Nairn,MID,FWD,20.0,1,19.0,59.016405554173595,7.849247416069364,0.0,203.42875403732873,35.79666666666667,1955.4324373630457,0.115,0.03333333333333333,0.01,0.0016666666666666668,0.03333333333333333,0.01,0.0016666666666666668,2.14088008925697,14.582256768806547,0.0,0.354107497095459,0.0,32.58854053201178
314,jack-bowes,Jack Bowes,MID,MID,10.0,10,28.0,59.002166113028565,5.822953312805916,0.0,191.42467960778927,31.128333333333334,1959.7563356474216,0.12166666666666667,0.08166666666666667,0.016666666666666666,0.0033333333333333335,0.08666666666666667,0.018333333333333333,0.0033333333333333335,31.187111818113067,19.011444069115168,0.0,100.97406992665634,0.0,54.44097658218477
315,edward-allan,Edward Allan,MID,MID,19.0,4,22.0,57.9949383414454,9.501461798826764,0.012295767863364017,167.00322544455278,41.775,2637.269750038656,0.08166666666666667,0.09,0.023333333333333334,0.0033333333333333335,0.09833333333333333,0.02666666666666667,0.0033333333333333335,10.147272617120219,19.054296299756757,0.0,15.70515193435898,0.0,51.39791780476893
316,kieren-briggs,Kieren Briggs,RUC,RUC,34.0,8,27.0,57.49261720759967,5.85956869931905,0.0,187.42878072422823,30.22,1869.5799320230649,0.145,0.07333333333333333,0.018333333333333333,0.0033333333333333335,0.07666666666666666,0.02,0.0033333333333333335,38.03349649750583,11.753189989573023,0.0,125.5474813321781,0.0,21.40485339075567
317,isaiah-dudley,Isaiah Dudley,FWD,FWD,80.0,2,23.0,54.58043461385619,6.754268117908751,0.030828239783317002,165.1794039820337,41.32,2179.669459034155,0.03833333333333333,0.028333333333333332,0.005,0.0,0.03,0.005,0.0,12.919823908870368,18.425970085345554,0.0,34.528758999457814,0.0,49.618273888926794
318,james-trezise,James Trezise,DEF,DEF,12.0,3,24.0,53.37495336447789,7.95899293526117,0.025523034709960965,171.41225790511794,49.946666666666665,2944.34293105782,0.025,0.06166666666666667,0.011666666666666667,0.0,0.06166666666666667,0.011666666666666667,0.0,11.227279037950396,15.272825473823078,0.0,23.661214795899266,0.0,39.66276314960233
319,cameron-zurhaar,Cameron Zurhaar,FWD,FWD,10.0,10,28.0,52.93331175561773,4.017042945653456,0.0,195.05734450590893,28.456666666666667,1518.815494011795,0.10666666666666667,0.02,0.0033333333333333335,0.0,0.02,0.0033333333333333335,0.0,31.45376067962379,15.087735691869868,0.0,101.910654878542,0.0,31.06701598492733
320,anthony-caminiti,Anthony Caminiti,FWD,FWD,80.0,4,23.0,52.72243176994095,6.385380791665736,0.003013695583506357,158.7499914485642,39.346666666666664,2069.9535717420404,0.07833333333333334,0.023333333333333334,0.006666666666666667,0.0,0.025,0.006666666666666667,0.0,11.21020693209962,21.06969522320776,0.0,23.013780090521433,0.0,49.800662937887445
321,darcy-cameron,Darcy Cameron,RUC,RUC,48.0,10,31.0,51.384981880594715,2.736308328230197,0.0,168.77448784431957,25.125,1475.7655004427056,0.165,0.06666666666666667,0.01,0.0016666666666666668,0.06666666666666667,0.01,0.0016666666666666668,41.69215118870907,5.989475702997714,0.0,144.84827220422372,0.0,1.2956316184595364
322,harry-armstrong,Harry Armstrong,FWD,FWD,23.0,2,20.0,51.031990664243715,3.3858892708617745,0.0,166.2265953880109,32.3,1731.848608448018,0.15166666666666667,0.02666666666666667,0.006666666666666667,0.0016666666666666668,0.02666666666666667,0.006666666666666667,0.0016666666666666668,3.154098803897593,18.04706896102658,0.0,0.8246649485485247,0.0,22.516532331058105
323,joshua-kelly,Joshua Kelly,MID,MID,2.0,13,31.0,50.19384906590774,1.6241584654912997,0.0,175.2467420889111,20.218333333333334,1283.9067596540733,0.27166666666666667,0.08833333333333333,0.018333333333333333,0.0016666666666666668,0.09166666666666666,0.018333333333333333,0.0016666666666666668,32.41977336547145,13.177281928587323,0.0,112.1596108486103,0.0,12.233793555446356
324,michael-sellwood,Michael Sellwood,DEF,DEF,5.0,1,23.0,50.12792063249255,7.0564439621321196,0.023928343069689006,185.05154543589788,53.028333333333336,3028.114409410342,0.013333333333333334,0.085,0.013333333333333334,0.0016666666666666668,0.08833333333333333,0.013333333333333334,0.0016666666666666668,5.870489785176377,12.274146159982221,0.0,6.794803825939513,0.0,17.634262150812088
325,jake-riccardi,Jake Riccardi,FWD,FWD,51.0,7,27.0,50.086783563754494,4.104050494924671,0.0,163.383970919836,28.265,1535.1373758117718,0.17333333333333334,0.021666666666666667,0.0,0.0,0.021666666666666667,0.0,0.0,26.00475188620191,12.802584109191429,0.0,80.67008472000285,0.0,21.791438556347646
326,jai-serong,Jai Serong,DEF,DEF,53.0,5,23.0,49.956780757208286,4.110357841206088,0.0,146.74602135144588,33.68,2029.168008981081,0.13333333333333333,0.056666666666666664,0.011666666666666667,0.006666666666666667,0.06,0.011666666666666667,0.006666666666666667,24.90376543940931,10.558700617649704,0.0,64.51397178491273,0.0,13.653956639591843
327,lachlan-mcneil,Lachlan McNeil,FWD,FWD,7.0,6,25.0,48.031992590020906,6.12273954940233,0.0,138.99358924443607,30.595,1677.9823031054116,0.13333333333333333,0.015,0.0016666666666666668,0.0,0.015,0.0016666666666666668,0.0,15.099533066377296,20.087954317799092,0.0,28.691911643483554,0.0,59.27605747672737
328,ashton-moir,Ashton Moir,FWD,FWD,29.0,3,21.0,47.994932915939,3.8673011381309657,0.0,153.67823404177975,28.873333333333335,1586.6794335793925,0.20333333333333334,0.018333333333333333,0.005,0.0,0.02,0.005,0.0,7.7424228660337215,11.07795839444927,0.0,4.834080365401433,0.0,15.093074474924464
329,zach-guthrie,Zach Guthrie,DEF,DEF,25.0,10,28.0,47.33920286840087,3.880174624104483,0.0,170.07180637098426,34.175,1994.5881047655957,0.11,0.041666666666666664,0.008333333333333333,0.0,0.045,0.008333333333333333,0.0,27.849111320672133,12.921736993410162,0.0,104.91147857611588,0.0,21.746773232075785
330,harry-kyle,Harry Kyle,DEF,DEF,14.0,1,19.0,45.27187601613246,3.337188656892251,0.005124929451878556,160.8140435836577,44.13,2490.7392325108262,0.045,0.07666666666666666,0.021666666666666667,0.005,0.08,0.021666666666666667,0.005,0.7728322800603181,6.385228838723923,0.0,0.12679783928282173,0.0,3.8340516742531534
331,bradley-close,Bradley Close,FWD,FWD,10.0,7,28.0,45.20922618651312,3.720246114672883,0.0,166.21348879746236,29.911666666666665,1601.0824225141594,0.15,0.015,0.0016666666666666668,0.0,0.015,0.0016666666666666668,0.0,18.24357783185964,15.36989740629858,0.0,51.37678310921311,0.0,26.88426764946733
332,mitchell-edwards,Mitchell Edwards,RUC,RUC,32.0,3,21.0,44.83354586975248,2.989686938271297,0.0010338511483908531,149.86796691911306,41.46333333333333,2379.227772918866,0.08666666666666667,0.07,0.016666666666666666,0.0033333333333333335,0.075,0.018333333333333333,0.0033333333333333335,3.8397056632573245,8.24002939653493,0.0,1.3346525601150971,0.0,9.917456781448925
333,connor-budarick,Connor Budarick,DEF,DEF,11.0,7,25.0,44.11415317668006,2.841982018360855,0.0006816741182448886,132.33361681961685,34.586666666666666,2035.904137033335,0.09,0.04833333333333333,0.01,0.0016666666666666668,0.051666666666666666,0.01,0.0016666666666666668,16.636395005323774,16.547302613684842,0.0,41.63049406447606,0.0,47.58685503821572
334,brayden-cook,Brayden Cook,FWD,MID,26.0,6,24.0,43.56448808139796,3.461547273344765,0.0,148.25073818603326,36.03333333333333,2168.216490874735,0.10166666666666667,0.06333333333333334,0.008333333333333333,0.0,0.06833333333333333,0.008333333333333333,0.0,15.474506255424076,17.30176708414229,0.0,45.8423446757004,0.0,40.209644764805574
335,rory-laird,Rory Laird,DEF,DEF,11.0,15,33.0,43.13474390725729,0.7386619157215535,0.0,154.43892960508137,19.086666666666666,1115.8302768746503,0.26666666666666666,0.06666666666666667,0.01,0.0016666666666666668,0.06833333333333333,0.01,0.0016666666666666668,36.63073968305158,5.134335073447828,0.0,127.41980697765159,0.0,2.116757742638662
336,matthew-jefferson,Matthew Jefferson,FWD,FWD,15.0,4,22.0,42.95599718428756,4.690404521040506,0.0,126.72002969621781,28.565,1551.4091554770193,0.15666666666666668,0.018333333333333333,0.0033333333333333335,0.0,0.018333333333333333,0.0033333333333333335,0.0,7.640881167377518,20.504191689381617,0.0,7.311314084892459,0.0,56.0250738511604
337,sid-draper,Sid Draper,MID,MID,4.0,2,20.0,42.731965179543096,3.1358075159661434,6.249481579421461e-05,148.83583518579692,42.01166666666666,2466.111531206762,0.09166666666666666,0.08333333333333333,0.015,0.006666666666666667,0.08666666666666667,0.015,0.006666666666666667,0.39785250221282314,7.147712114334759,0.0,0.03825535838105132,0.0,11.432004605335749
338,josh-sinn,Josh Sinn,DEF,DEF,12.0,5,23.0,42.57332621533533,3.828912352793302,0.0,136.76570283566429,38.445,2267.493698662707,0.12833333333333333,0.04666666666666667,0.006666666666666667,0.0,0.04666666666666667,0.006666666666666667,0.0,6.890176820197074,12.70637844669634,0.0,7.319971371166451,0.0,27.79684227873642
339,kyle-langford,Kyle Langford,FWD,FWD,18.0,12,30.0,42.23554873040317,1.3629959737204764,0.0,147.88582484565882,17.855,996.1826218582826,0.25833333333333336,0.01,0.0,0.0,0.01,0.0,0.0,32.284820835776394,6.633811949162708,0.0,109.41523480358745,0.0,5.3285818045999305
340,alex-davies,Alex Davies,MID,MID,17.0,6,24.0,40.94248759506805,1.4407620519029405,0.0,142.9850724608976,24.65,1548.1483856163165,0.23,0.06333333333333334,0.016666666666666666,0.0,0.065,0.016666666666666666,0.0,16.74284350114951,10.880081554378496,0.0,25.15786718233755,0.0,8.277635017901927
341,toby-mcmullin,Toby McMullin,FWD,FWD,34.0,4,22.0,39.985383977425435,1.9861358824123685,0.0,122.34953152825688,28.675,1512.1422892486346,0.18333333333333332,0.013333333333333334,0.005,0.0,0.013333333333333334,0.005,0.0,6.3918195700873355,11.717325138699943,0.0,2.0524186643700055,0.0,14.06050244470378
342,xavier-bamert,Xavier Bamert,MID,FWD,5.0,0,19.0,39.123405433027365,2.589149424393697,0.003628826806819495,122.05503832678735,37.69166666666667,1853.5977373207427,0.03833333333333333,0.02,0.0016666666666666668,0.0,0.023333333333333334,0.0016666666666666668,0.0,0.34854616147797973,5.9741595290935035,0.0,0.04295166739203814,0.0,4.773453059821214
343,karl-amon,Karl Amon,MID,DEF,59.0,13,31.0,39.11459952194073,0.9424230278138648,0.0,155.0857079026826,19.511666666666667,1190.9096466640456,0.2683333333333333,0.045,0.011666666666666667,0.0,0.045,0.011666666666666667,0.0,29.76417994553095,7.788193404409961,0.0,98.99336266213642,0.0,5.232496872750947
344,angus-anderson,Angus Anderson,MID,MID,57.0,1,23.0,39.100472288310606,2.569143657028902,0.0010527598884512465,121.74020083234136,38.623333333333335,2286.291891552763,0.085,0.06666666666666667,0.018333333333333333,0.005,0.06833333333333333,0.018333333333333333,0.005,5.499236400026896,8.736697128177639,0.0,8.113793932148134,0.0,17.659540885104896
345,jedd-busslinger,Jedd Busslinger,DEF,DEF,13.0,4,22.0,37.96218086982401,2.5204182725154807,0.00022240916878403798,126.40805761079248,36.155,2095.353480509706,0.09666666666666666,0.045,0.008333333333333333,0.0,0.04666666666666667,0.008333333333333333,0.0,3.715043743917158,15.108549020253431,0.0,2.958196518683965,0.0,36.106270380419566
346,roan-steele,Roan Steele,MID,MID,8.0,1,25.0,37.65155320781496,2.389754125727925,0.004596990396120594,133.37582610305313,45.468333333333334,2594.463531277852,0.02666666666666667,0.06833333333333333,0.01,0.0016666666666666668,0.06833333333333333,0.01,0.0016666666666666668,5.522526580491062,7.989268996354654,0.0,3.8576488260075674,0.0,7.297028339784561
347,will-hayes-b,Will Hayes,FWD,FWD,56.0,2,20.0,37.2867657634215,2.226566226959621,0.0,127.56212482364204,28.746666666666666,1527.8255094854735,0.165,0.021666666666666667,0.0033333333333333335,0.0,0.021666666666666667,0.0033333333333333335,0.0,3.336296202678216,6.994100451782169,0.0,1.0745283373005183,0.0,6.5894127563639
348,thomas-liberatore,Thomas Liberatore,MID,MID,28.0,16,34.0,37.22135021829695,0.37772053579964604,0.0,132.04823013154785,14.245,893.8232414455583,0.3233333333333333,0.07166666666666667,0.011666666666666667,0.0,0.075,0.011666666666666667,0.0,30.276711205929143,6.002830242011956,0.0,107.13951014455006,0.0,1.8346497262645836
349,ben-long,Ben Long,FWD,FWD,25.0,10,29.0,37.202309537584576,2.039984241704801,0.0,135.38571035054994,25.923333333333332,1339.1807249077792,0.16833333333333333,0.008333333333333333,0.0033333333333333335,0.0,0.008333333333333333,0.0033333333333333335,0.0,21.672303920026927,10.488642473920217,0.0,69.3835773472605,0.0,12.657278119965337
350,max-king-stk,Max King,FWD,FWD,4.0,8,19.0,36.9610094398528,0.22570921428391683,0.0,120.70593848744304,16.871666666666666,978.8146421591996,0.4083333333333333,0.035,0.005,0.0016666666666666668,0.035,0.005,0.0016666666666666668,2.0938160400094996,8.206468297048357,0.0,0.0036915694544600855,0.0,1.6916618822644913
351,ryan-angwin,Ryan Angwin,MID,MID,19.0,6,24.0,36.848892530068646,1.3569610824572607,0.0,142.24037951871625,30.461666666666666,1859.828228660193,0.15833333333333333,0.06166666666666667,0.008333333333333333,0.0,0.06333333333333334,0.008333333333333333,0.0,10.970492691141509,12.020688989099972,0.0,22.492008695259003,0.0,21.22179649623787
352,xavier-o-halloran,Xavier O'Halloran,FWD,FWD,22.0,8,26.0,36.62322323560688,1.471133800663313,0.0,121.09584561634489,25.68,1356.1907403335772,0.22166666666666668,0.016666666666666666,0.0,0.0,0.016666666666666666,0.0,0.0,12.416938519280647,15.649203925253794,0.0,30.764604203550217,0.0,31.607790201357677
353,darcy-byrne-jones,Darcy Byrne-Jones,DEF,DEF,50.0,13,31.0,36.49282602751993,1.1601682314323383,5.8023809193900915e-05,121.90852960017688,30.1,1663.0347899685498,0.09333333333333334,0.041666666666666664,0.006666666666666667,0.0,0.043333333333333335,0.006666666666666667,0.0,23.670195706080655,9.511081353885611,0.0,76.37765815754531,0.0,13.927286332333768
354,patrick-dangerfield,Patrick Dangerfield,MID,FWD,10.0,19,36.0,36.36820540206593,0.15499281727355552,0.0,133.99594362752117,11.966666666666667,649.5529520360996,0.37666666666666665,0.02,0.0016666666666666668,0.0,0.02,0.0016666666666666668,0.0,32.541041259067725,2.849019942654468,0.0,109.67919670087072,0.0,0.17158171138143302
355,xavier-taylor,Xavier Taylor,DEF,DEF,11.0,1,19.0,35.69926127814622,3.19280263674916,0.0037529765866495053,123.28106091247196,45.72833333333333,2550.5314419263686,0.056666666666666664,0.04833333333333333,0.01,0.0016666666666666668,0.05,0.01,0.0016666666666666668,0.43940777003086046,4.634702132092685,0.0,0.049617081464306344,0.0,4.193825219018435
356,sam-butler-1,Sam Butler,FWD,FWD,23.0,5,23.0,35.453182487097344,0.8882593633885496,0.0,125.46528821057667,24.195,1303.6626937620122,0.23666666666666666,0.01,0.0,0.0,0.01,0.0,0.0,11.869670116794369,6.893668705495732,0.0,15.113084687096261,0.0,3.8531585296021924
357,jordon-sweet,Jordon Sweet,RUC,RUC,16.0,8,28.0,34.6428117276502,1.2703000800661721,0.0,116.37525499371907,25.04,1442.4550572432327,0.165,0.04666666666666667,0.005,0.0,0.04833333333333333,0.005,0.0,23.444952266477795,8.133167568710983,0.0,61.547981943723315,0.0,5.488094037168549
358,tom-papley,Tom Papley,FWD,FWD,11.0,11,30.0,34.18668970012263,1.5338415597338786,0.0,119.20684477754938,20.68166666666667,1079.087106690771,0.18666666666666668,0.01,0.0,0.0,0.01,0.0,0.0,24.370215930680267,6.58585632235656,0.0,80.29755799882109,0.0,8.293179324324932
359,milan-murdock,Milan Murdock,FWD,FWD,80.0,1,26.0,33.412089487517896,1.3147146432638699,0.0002614199098583026,101.13959195342956,30.305,1480.5269786341298,0.08166666666666667,0.01,0.0016666666666666668,0.0,0.01,0.0016666666666666668,0.0,16.906138299907543,8.677177732550676,0.0,35.08413990899231,0.0,5.255393090384856
360,jack-darling,Jack Darling,FWD,FWD,34.0,16,34.0,33.29159084373114,1.3337421884874485,0.0,104.04302404093566,21.726666666666667,1082.554962603267,0.175,0.011666666666666667,0.0016666666666666668,0.0,0.011666666666666667,0.0016666666666666668,0.0,25.368002458783966,6.1298383773356395,0.0,74.7809083344742,0.0,4.427169897616966
361,jake-waterman,Jake Waterman,FWD,FWD,76.0,10,28.0,33.242396343066986,0.49182001334425496,0.0,110.93839809089272,15.643333333333333,845.8786268337707,0.3016666666666667,0.016666666666666666,0.0016666666666666668,0.0016666666666666668,0.016666666666666666,0.0016666666666666668,0.0016666666666666668,27.41375998905585,3.8613939860775606,0.0,93.08789164691851,0.0,1.6853655806972008
362,christian-salem,Christian Salem,DEF,DEF,9.0,13,31.0,32.74998268208241,1.067830422853716,0.0,114.14192246547698,22.148333333333333,1288.219182128977,0.225,0.028333333333333332,0.0033333333333333335,0.0,0.028333333333333332,0.0033333333333333335,0.0,21.83179305601891,8.45455314889139,0.0,67.98863443580751,0.0,9.714624372439083
363,luke-pedlar,Luke Pedlar,FWD,FWD,11.0,6,24.0,32.705844365237894,0.9858244190337025,0.0,102.67628515153956,25.503333333333334,1313.0674016104463,0.17166666666666666,0.02,0.005,0.0,0.02,0.005,0.0,10.081480474591183,11.591636721736158,0.0,12.61653347126364,0.0,19.87473215309816
364,jai-murray,Jai Murray,MID,MID,17.0,1,19.0,32.651146360076176,2.0385341402790593,0.00011407060335789054,101.79795910260187,39.11,2270.7728562700954,0.09333333333333334,0.06666666666666667,0.01,0.0033333333333333335,0.06666666666666667,0.01,0.0033333333333333335,0.3579546049862055,6.444103909047524,0.0,0.08095675387432051,0.0,8.1405367128978
365,max-kondogiannis,Max Kondogiannis,DEF,DEF,36.0,1,19.0,31.506161218764955,1.4149275690706105,0.0005803092801141523,114.07907480161218,41.098333333333336,2250.1592917781786,0.07833333333333334,0.045,0.015,0.0,0.045,0.015,0.0,0.48407350023216417,3.6344803558202647,0.0,0.028702720794701667,0.0,2.348418618541553
366,brennan-cox,Brennan Cox,FWD,DEF,41.0,10,28.0,31.352730590281524,0.5491467608679673,0.0,102.33600999881041,23.513333333333332,1352.6746027266363,0.21333333333333335,0.03,0.005,0.0,0.03,0.005,0.0,19.126419544691533,8.389107216254473,0.0,47.97160818888355,0.0,6.447412689980751
367,jack-ison,Jack Ison,FWD,FWD,47.0,1,19.0,30.869744149393796,1.205845568871481,0.0,107.4891534397643,30.791666666666668,1572.3756299562783,0.14833333333333334,0.011666666666666667,0.0016666666666666668,0.0,0.011666666666666667,0.0016666666666666668,0.0,1.6785756489318506,3.9716776304470494,0.0,0.523273081317024,0.0,2.102484826927111
368,harry-rowston,Harry Rowston,MID,MID,16.0,4,22.0,30.71901611793647,1.9568444289960332,0.0,95.89614622759602,32.28333333333333,1945.6755819091115,0.14,0.04,0.013333333333333334,0.0033333333333333335,0.041666666666666664,0.013333333333333334,0.0033333333333333335,3.791781904196679,10.566372190107655,0.0,4.383421448028149,0.0,17.522979942693198
369,jhye-clark,Jhye Clark,MID,MID,8.0,4,22.0,30.60119122335886,1.1611306417978966,0.0,98.66694951401644,33.69166666666667,1929.9738018312448,0.10833333333333334,0.05,0.013333333333333334,0.0016666666666666668,0.05,0.013333333333333334,0.0016666666666666668,4.402874341607169,10.677766247675592,0.0,0.8121211040111851,0.0,12.459843117369283
370,keidean-coleman,Keidean Coleman,FWD,DEF,37.0,7,26.0,30.272435316391043,0.7591928906741088,0.0,103.65487700268912,23.675,1369.382601473217,0.19333333333333333,0.028333333333333332,0.005,0.0016666666666666668,0.028333333333333332,0.005,0.0016666666666666668,20.28832059186145,3.64271370726179,0.0,53.56055608917594,0.0,0.8651310848520435
371,jack-dalton,Jack Dalton,MID,FWD,34.0,1,19.0,29.965681830433702,0.5558104749464134,0.0,91.55017217456502,26.425,1333.9874816397605,0.21333333333333335,0.016666666666666666,0.0,0.0,0.018333333333333333,0.0,0.0,0.8366598310557067,5.192559777882679,0.0,0.051904411371778154,0.0,4.641381817640615
372,tylar-young,Tylar Young,DEF,DEF,11.0,4,28.0,29.850438028287634,1.1213924782875708,0.0005144965347038796,95.7406683551622,34.095,1871.6431366774882,0.08,0.04,0.0033333333333333335,0.0,0.04,0.0033333333333333335,0.0,13.388953512003708,8.610292495174429,0.0,27.12635125265028,0.0,13.116885596734027
373,daniel-annable,Daniel Annable,MID,MID,6.0,1,19.0,29.772389402164766,1.3416398192678853,0.00013159696357719226,95.3543698551272,38.026666666666664,2156.9986316781124,0.08833333333333333,0.051666666666666666,0.01,0.0033333333333333335,0.051666666666666666,0.01,0.0033333333333333335,0.20316402681982684,5.008374591705333,0.0,0.028428236745639344,0.0,3.892471535387585
374,sam-powell-pepper,Sam Powell-Pepper,FWD,FWD,18.0,10,28.0,29.201043143835516,1.0774505247421093,0.0,98.67072626877777,20.171666666666667,1058.670494269602,0.26,0.01,0.0,0.0,0.01,0.0,0.0,16.439168473452618,7.180659215735227,0.0,52.08851957241433,0.0,5.478393286258137
375,samuel-collins,Samuel Collins,DEF,DEF,54.0,11,32.0,28.729110324279244,0.49327135509361036,0.0,78.17783630286276,22.356666666666666,1239.8599959771873,0.14,0.03666666666666667,0.0033333333333333335,0.0,0.04,0.0033333333333333335,0.0,22.547483150342682,5.38771916781364,0.0,55.58936743222999,0.0,1.9548196068350685
376,toby-bedford,Toby Bedford,FWD,FWD,75.0,8,26.0,28.378512632691137,0.8969794213763476,0.0,78.41284547849685,20.691666666666666,1085.0137947387313,0.24833333333333332,0.01,0.0033333333333333335,0.0,0.01,0.0033333333333333335,0.0,17.86888939267253,4.794387437517436,0.0,43.848203677290364,0.0,4.168199951579099
377,maurice-rioli-1,Maurice Rioli,FWD,FWD,53.0,6,24.0,28.09210453473117,0.2876410226864454,0.0,88.94314113501235,19.94333333333333,1018.5115276520676,0.275,0.008333333333333333,0.0016666666666666668,0.0,0.008333333333333333,0.0016666666666666668,0.0,13.584131907822298,9.90198222000421,0.0,20.675943878447352,0.0,8.694371935794912
378,nick-larkey,Nick Larkey,FWD,FWD,72.0,10,28.0,28.046937203380025,0.39602004730064844,0.0,89.24136496741957,18.861666666666668,979.3701560732234,0.25166666666666665,0.008333333333333333,0.0,0.0,0.008333333333333333,0.0,0.0,19.3507930087297,6.011411448158454,0.0,49.73701788843305,0.0,2.5398728696221156
379,hussien-el-achkar,Hussien El Achkar,FWD,FWD,53.0,1,19.0,27.59571556514933,0.5300172021100088,0.0,84.012399641173,28.263333333333332,1363.1762291811806,0.2,0.023333333333333334,0.0033333333333333335,0.0,0.023333333333333334,0.0033333333333333335,0.0,1.2819349747708233,4.50664014246788,0.0,0.10537865310477941,0.0,3.092865499705413
380,toby-nankervis,Toby Nankervis,RUC,RUC,35.0,13,32.0,27.36947361500773,0.28016958441522555,0.0,94.56429108205265,14.535,822.9936907561361,0.30833333333333335,0.03833333333333333,0.01,0.0016666666666666668,0.04,0.01,0.0016666666666666668,23.51643614624684,3.1213008041204944,0.0,76.90322441634311,0.0,0.36202866906672077
381,callum-ah-chee,Callum Ah Chee,FWD,FWD,8.0,11,29.0,27.10716236716399,0.38597824984716045,0.0,86.10058975987488,20.288333333333334,1030.9280948683927,0.22833333333333333,0.01,0.0,0.0,0.01,0.0,0.0,13.495742173961936,10.515500084342378,0.0,33.59080763770943,0.0,18.306096775744063
382,angus-hastie,Angus Hastie,DEF,DEF,33.0,3,21.0,26.627532894273966,1.3196123143610852,8.398467898393734e-05,83.10100234834938,37.02,2034.7661409365044,0.09833333333333333,0.021666666666666667,0.005,0.0016666666666666668,0.021666666666666667,0.005,0.0016666666666666668,2.2387492285244535,9.116384444681014,0.0,0.743800416798234,0.0,12.046643901045632
383,lachlan-bramble,Lachlan Bramble,FWD,FWD,80.0,6,28.0,26.486809333103594,0.8219909911773721,0.0001636984927497847,87.48204331996934,28.518333333333334,1340.029846399955,0.08666666666666667,0.006666666666666667,0.0,0.0,0.006666666666666667,0.0,0.0,14.647338937078972,8.55771873315214,0.0,40.00358246892061,0.0,8.705797814295233
384,luke-mcdonald,Luke McDonald,DEF,DEF,8.0,13,31.0,26.24953848110041,0.5836835845379641,0.0,88.26162909801631,26.31,1444.461830313948,0.17333333333333334,0.018333333333333333,0.0033333333333333335,0.0,0.018333333333333333,0.0033333333333333335,0.0,18.780309255754158,5.157039516969219,0.0,59.207100863708575,0.0,2.9692286836850084
385,charlie-banfield,Charlie Banfield,MID,MID,41.0,1,19.0,26.04905144536195,0.85503619423189,0.0,82.19257335584312,36.18,2017.2259851999029,0.11333333333333333,0.03833333333333333,0.011666666666666667,0.0,0.04,0.011666666666666667,0.0,0.8126555194953572,5.167595648841684,0.0,0.07766536921514512,0.0,2.9976976667896587
386,lance-collard,Lance Collard,FWD,FWD,28.0,3,21.0,25.92703905029646,0.4223339411565421,0.0,82.91217318887921,27.326666666666668,1355.8517258943043,0.23666666666666666,0.015,0.005,0.0,0.015,0.005,0.0,1.26953259150486,1.7414357389003945,0.0,0.34341231951970197,0.0,0.630192265018315
387,lachlan-weller,Lachlan Weller,MID,MID,14.0,12,30.0,25.76242021127528,0.4069190015040727,0.0,78.45757098445424,21.033333333333335,1222.7673924951107,0.18333333333333332,0.04,0.005,0.0016666666666666668,0.04,0.005,0.0016666666666666668,19.47568739677061,4.800316937393624,0.0,41.80320152326128,0.0,3.6766264200094274
388,jack-viney,Jack Viney,MID,MID,13.0,14,32.0,25.607758649221868,0.043420185003682374,0.0,82.13452812906083,14.941666666666666,897.2302739804003,0.36,0.045,0.005,0.0,0.04666666666666667,0.005,0.0,19.409759211812514,4.602319104349949,0.0,42.65892946896987,0.0,0.5686218874014158
389,jack-gunston,Jack Gunston,FWD,FWD,29.0,17,35.0,25.43032512767043,0.1874965450319095,0.0,85.42140177913319,13.053333333333333,677.909730928529,0.3,0.006666666666666667,0.0016666666666666668,0.0,0.006666666666666667,0.0016666666666666668,0.0,22.446286966653055,2.939828588393651,0.0,68.82982658310374,0.0,0.39661474157691373
390,jake-lever,Jake Lever,DEF,DEF,15.0,12,30.0,25.15028791865585,0.7833194001228576,0.0,78.93799873823423,24.036666666666665,1344.9551082503804,0.155,0.023333333333333334,0.0,0.0,0.023333333333333334,0.0,0.0,17.332255697274935,5.488877192089714,0.0,46.512667738474775,0.0,4.3205835725530255
391,jordan-ridley,Jordan Ridley,DEF,DEF,22.0,10,28.0,25.105257082868814,0.1262455622891624,0.0,79.86267764387748,15.27,885.1630657168079,0.3466666666666667,0.03166666666666667,0.0033333333333333335,0.0,0.03166666666666667,0.0033333333333333335,0.0,16.990431411983298,6.180338876294216,0.0,45.09008819678961,0.0,0.3868883933213666
392,sean-darcy,Sean Darcy,RUC,RUC,38.0,10,28.0,24.882342616204856,0.18784361128200477,0.0,73.08576160602134,16.601666666666667,972.2296492200884,0.30666666666666664,0.03166666666666667,0.0016666666666666668,0.0,0.03166666666666667,0.0016666666666666668,0.0,18.22572084132044,4.782003003388339,0.0,52.615742203076934,0.0,0.7987382714464363
393,james-o-donnell,James O'Donnell,DEF,DEF,80.0,4,24.0,24.75496523875064,0.5588959864079941,0.0011358877985063055,70.47424504357106,42.943333333333335,2208.184521845243,0.041666666666666664,0.03666666666666667,0.0033333333333333335,0.0,0.03666666666666667,0.0033333333333333335,0.0,4.603778735966589,6.81514445309812,0.0,2.5533026175005213,0.0,4.650431414880569
394,louis-emmett,Louis Emmett,RUC,RUC,27.0,1,19.0,24.55616031743952,0.5206943625114189,0.000410965882444073,77.43878765511171,39.788333333333334,2055.564109463524,0.06333333333333334,0.03166666666666667,0.006666666666666667,0.0016666666666666668,0.03166666666666667,0.006666666666666667,0.0016666666666666668,0.044803974939326134,4.330397876292733,0.0,0.007079871739897942,0.0,0.7916517449741804
395,francis-evans,Francis Evans,FWD,FWD,41.0,7,25.0,23.316159221659472,0.3237024778657873,0.0,57.61312026605157,19.233333333333334,984.7143308473084,0.26666666666666666,0.006666666666666667,0.0,0.0,0.006666666666666667,0.0,0.0,14.5088599401787,5.048774356572962,0.0,24.457065732084246,0.0,1.9875826304711055
396,arthur-jones,Arthur Jones,FWD,FWD,43.0,5,23.0,22.729764375508584,0.3732600970840293,0.0,69.85988797672499,22.656666666666666,1146.9738234806075,0.23,0.005,0.0,0.0,0.005,0.0,0.0,7.242538284050648,6.40115150960933,0.0,5.8424057329267685,0.0,3.0074144135578385
397,will-setterfield,Will Setterfield,MID,MID,5.0,10,28.0,22.486726893992245,0.16802449300856337,0.0,68.8278394126168,16.22,963.3842786125979,0.285,0.03333333333333333,0.006666666666666667,0.0,0.035,0.006666666666666667,0.0,15.624044741331334,5.690666963843631,0.0,41.99422682439253,0.0,2.083897331372838
398,tyler-brockman,Tyler Brockman,FWD,FWD,48.0,6,24.0,22.362395327209438,0.14492326680906703,0.0,77.79050834965902,20.126666666666665,1026.8541374757658,0.3283333333333333,0.0016666666666666668,0.0,0.0,0.0016666666666666668,0.0,0.0,8.53225081827953,6.024381095174712,0.0,8.481845237902323,0.0,0.6086241191627526
399,jack-crisp,Jack Crisp,DEF,MID,43.0,15,33.0,21.700919086380996,0.1771380255195718,0.0,82.50845240340006,20.171666666666667,1094.231273322218,0.2,0.03,0.005,0.0,0.03,0.005,0.0,19.567588497399967,1.3628440807666338,0.0,76.57293094650598,0.0,0.38949911361955614
400,cody-curtin,Cody Curtin,FWD,FWD,43.0,1,19.0,21.386691030589336,0.2895503860542742,0.0,78.35422974728644,27.996666666666666,1327.214801311885,0.16,0.008333333333333333,0.0,0.0,0.008333333333333333,0.0,0.0,0.3309803669415486,2.725370139371481,0.0,0.07961464140669923,0.0,1.6792307157148498
401,isaac-cumming,Isaac Cumming,DEF,DEF,20.0,10,28.0,20.967908503362196,0.2390623681052318,0.0,57.52591565266146,23.368333333333332,1278.5779718260912,0.21,0.02,0.0016666666666666668,0.0,0.02,0.0016666666666666668,0.0,12.748887008068092,6.085571576805253,0.0,18.710523856355668,0.0,4.615002617143528
402,jake-stringer,Jake Stringer,FWD,FWD,7.0,14,32.0,20.676431867319042,0.24468108078830259,0.0,67.80862509577268,16.438333333333333,831.1615780981624,0.2966666666666667,0.008333333333333333,0.0,0.0,0.008333333333333333,0.0,0.0,14.388078646578197,4.830314427629478,0.0,34.13023264135932,0.0,2.6357534999908827
403,chris-scerri,Chris Scerri,FWD,FWD,80.0,1,20.0,20.419223335988185,0.43589362527936093,0.0,57.691236096379626,28.375,1359.6970145670364,0.14166666666666666,0.006666666666666667,0.0016666666666666668,0.0,0.006666666666666667,0.0016666666666666668,0.0,2.343887740210567,3.678522605293008,0.0,0.6376201942556016,0.0,1.303151464356848
404,jake-lloyd,Jake Lloyd,DEF,DEF,18.0,14,33.0,20.395764157576977,0.14215425539957827,0.0,60.5829132928753,19.731666666666666,1067.5284936360795,0.21833333333333332,0.016666666666666666,0.0033333333333333335,0.0016666666666666668,0.016666666666666666,0.0033333333333333335,0.0016666666666666668,14.984631335933045,3.658736122128553,0.0,38.6462254194936,0.0,0.4231770160282522
405,jack-scrimshaw,Jack Scrimshaw,DEF,DEF,7.0,10,28.0,20.14822024541651,0.3110244962909428,0.0,62.87575075314923,22.99,1280.688089167288,0.235,0.018333333333333333,0.0016666666666666668,0.0,0.018333333333333333,0.0016666666666666668,0.0,11.388995504966287,4.809066591566161,0.0,19.83962301730566,0.0,1.695330387985849
406,rhett-bazzo,Rhett Bazzo,DEF,DEF,37.0,5,23.0,19.4595348541077,0.4624359656761625,0.0,63.73858772879732,28.503333333333334,1565.8463002805133,0.16666666666666666,0.018333333333333333,0.0033333333333333335,0.0,0.018333333333333333,0.0033333333333333335,0.0,4.255476845270058,5.955123384852139,0.0,4.63633498091302,0.0,5.576181000829306
407,hugh-bond,Hugh Bond,DEF,DEF,50.0,4,22.0,19.421715842114786,0.24025323211521313,0.0,46.01381392525684,27.64666666666667,1516.7279336239646,0.19,0.028333333333333332,0.008333333333333333,0.0016666666666666668,0.03,0.008333333333333333,0.0016666666666666668,4.157387974679982,2.488376115457024,0.0,2.511307708300339,0.0,0.42805088123418134
408,billy-dowling,Billy Dowling,MID,FWD,43.0,4,22.0,19.312368729,0.08124907764079116,0.0,54.867758777011574,15.22,805.0408889320787,0.3983333333333333,0.006666666666666667,0.0,0.0,0.006666666666666667,0.0,0.0,2.394757185968235,5.728031880215998,0.0,0.3960801067847089,0.0,2.626749500157467
409,harrison-petty,Harrison Petty,DEF,DEF,37.0,9,27.0,19.19308879646329,0.2425661377430362,0.0,46.37015896092479,28.34,1476.4454832294557,0.155,0.021666666666666667,0.0016666666666666668,0.0,0.021666666666666667,0.0016666666666666668,0.0,8.949850414705567,6.69820862984012,0.0,13.885666550371107,0.0,3.821751889186766
410,noah-roberts-thomson,Noah Roberts-Thomson,FWD,FWD,54.0,1,19.0,19.007856766976882,0.22133919081344208,0.0,58.506407293097084,26.305,1260.0366603316922,0.19333333333333333,0.0033333333333333335,0.0016666666666666668,0.0,0.0033333333333333335,0.0016666666666666668,0.0,0.7432591832521013,3.45907596949919,0.0,0.06297588004557553,0.0,0.8816134173067158
411,jack-williams,Jack Williams,FWD,FWD,57.0,5,23.0,18.838829329517832,0.057305928109793895,0.0,56.57707269610651,19.643333333333334,973.8196025548631,0.32166666666666666,0.0033333333333333335,0.0,0.0,0.0033333333333333335,0.0,0.0,4.696033764357928,5.187971132048418,0.0,1.476400867236673,0.0,1.0931615042913847
412,flynn-young,Flynn Young,FWD,FWD,4.0,1,24.0,18.817799701690163,0.6328244644460563,0.0003499033662228158,55.09375484407167,29.68166666666667,1370.136221570146,0.075,0.006666666666666667,0.0,0.0,0.006666666666666667,0.0,0.0,1.922937048274192,6.263433369233193,0.0,0.7065500883010313,0.0,7.257848128454934
413,liam-ryan,Liam Ryan,FWD,FWD,26.0,9,30.0,18.631305168360207,0.20406642478124942,0.0,60.33655099107269,17.11,851.3353813657404,0.2783333333333333,0.008333333333333333,0.0,0.0,0.008333333333333333,0.0,0.0,12.339101410223215,4.610837042353035,0.0,26.943701866937168,0.0,2.7705283581488103
414,lloyd-meek,Lloyd Meek,RUC,RUC,68.0,9,28.0,18.609413897746087,0.057219796715321014,0.0,49.29153555977764,19.616666666666667,1076.570890153924,0.3283333333333333,0.015,0.0033333333333333335,0.0,0.015,0.0033333333333333335,0.0,14.095283609420118,3.436908378102383,0.0,29.476909690001737,0.0,0.5347408906618383
415,jackson-mead,Jackson Mead,FWD,FWD,25.0,7,25.0,18.051500650873518,0.3108084528093068,0.0,65.77470790701221,21.966666666666665,1090.0271643118567,0.25333333333333335,0.0,0.0,0.0,0.0,0.0,0.0,7.246703501914524,5.5069714474878495,0.0,8.007950582404547,0.0,3.4757822585838904
416,tom-gross,Tom Gross,MID,MID,46.0,2,20.0,17.92712497853958,0.2006195205497628,0.0,52.43830266423805,28.26,1564.936901618784,0.22166666666666668,0.02,0.0033333333333333335,0.0,0.021666666666666667,0.0033333333333333335,0.0,0.9639674565301594,6.781920242602058,0.0,0.12788035516734902,0.0,1.9068476003654318
417,aliir-aliir,Aliir Aliir,DEF,DEF,44.0,13,32.0,17.861745034048297,0.1671816531307908,0.0,44.36270244224563,18.905,1022.2318069143819,0.22166666666666668,0.021666666666666667,0.0033333333333333335,0.0,0.021666666666666667,0.0033333333333333335,0.0,16.21339196574006,0.8910183323867212,0.0,37.52295781999273,0.0,0.18400743353054103
418,jack-graham,Jack Graham,MID,MID,53.0,10,28.0,17.667934726800365,0.08481475397560165,0.0,46.03394017532102,18.121666666666666,1030.7441677996235,0.31333333333333335,0.02,0.0033333333333333335,0.0,0.02,0.0033333333333333335,0.0,11.501863006581491,5.069270777074939,0.0,22.033551734806387,0.0,2.0057157790628413
419,hunter-clark,Hunter Clark,DEF,DEF,7.0,9,27.0,17.60123810049928,0.1277477646099992,0.0,52.49878594711407,21.363333333333333,1158.7417581993057,0.2683333333333333,0.018333333333333333,0.0,0.0,0.018333333333333333,0.0,0.0,7.053631292283502,6.490902779504969,0.0,5.5637417730037795,0.0,2.8723868730755058
420,scott-pendlebury,Scott Pendlebury,MID,MID,5.0,21,38.0,17.4747366105921,0.0131420926925486,0.0,42.83419388216429,11.011666666666667,628.7235333200907,0.37166666666666665,0.021666666666666667,0.005,0.0,0.021666666666666667,0.005,0.0,16.73925648178177,0.6451362927390342,0.0,39.9434662602996,0.0,0.024535199707616983
421,jade-gresham,Jade Gresham,FWD,FWD,18.0,11,29.0,17.25845416388297,0.04317398078602255,0.0,40.363926876925085,15.158333333333333,743.4740874087588,0.34,0.008333333333333333,0.0,0.0,0.008333333333333333,0.0,0.0,12.088360343465766,2.352505663815861,0.0,15.062142252071252,0.0,0.474110554030114
422,jai-culley,Jai Culley,MID,MID,1.0,4,23.0,17.209186663234856,0.1974477581897104,0.0,47.44789883905155,28.348333333333333,1524.3555942112125,0.12333333333333334,0.03166666666666667,0.0016666666666666668,0.0,0.03166666666666667,0.0016666666666666668,0.0,6.605264591350093,5.2183717976913115,0.0,3.176699304336707,0.0,5.166493175061341
423,ben-miller,Ben Miller,DEF,DEF,62.0,9,27.0,16.93502730377165,0.1230801987978259,0.0,41.731732293287216,21.485,1160.6541150476698,0.24666666666666667,0.013333333333333334,0.0,0.0,0.013333333333333334,0.0,0.0,11.19353240736311,3.68197328023964,0.0,20.840714172321448,0.0,0.4257732318757917
424,sam-switkowski,Sam Switkowski,FWD,FWD,72.0,9,30.0,16.92884131053404,0.053675478759359754,0.0,42.482961424009666,14.791666666666666,723.8312781410308,0.30333333333333334,0.005,0.0,0.0,0.005,0.0,0.0,13.927102164266916,1.948315140528677,0.0,28.446364146472437,0.0,0.10795051305226434
425,luke-nankervis,Luke Nankervis,DEF,DEF,1.0,5,23.0,16.810050743019612,0.3209227357126585,0.0,48.40228479586034,26.023333333333333,1433.2517301230182,0.20333333333333334,0.018333333333333333,0.0033333333333333335,0.0016666666666666668,0.018333333333333333,0.0033333333333333335,0.0016666666666666668,4.805908649547382,4.087168800177286,0.0,3.4893495007038866,0.0,2.907387041112371
426,oliver-hannaford,Oliver Hannaford,FWD,FWD,18.0,2,20.0,16.58442888838693,0.09319853566911424,0.0,53.37891349707714,25.231666666666666,1135.1975093078129,0.21333333333333335,0.011666666666666667,0.0033333333333333335,0.0,0.011666666666666667,0.0033333333333333335,0.0,0.21320100922545066,3.474735606200552,0.0,0.01585764852395713,0.0,0.9165012634285051
427,sam-taylor,Sam Taylor,DEF,DEF,28.0,9,27.0,16.577125039310182,0.08586048180280689,0.0,38.52359788264416,21.34,1149.6947895982664,0.2866666666666667,0.016666666666666666,0.0,0.0,0.016666666666666666,0.0,0.0,11.129479280808146,3.83549712258917,0.0,11.357926324602303,0.0,1.2034841175868052
428,liam-henry,Liam Henry,FWD,FWD,9.0,7,25.0,16.485353061997383,0.06897983081920463,0.0,52.59425364727802,15.976666666666667,805.968334651372,0.32166666666666666,0.006666666666666667,0.0,0.0,0.006666666666666667,0.0,0.0,7.738954047700306,3.5337254960350895,0.0,8.536019279493946,0.0,0.6089071102385191
429,daniel-mcstay,Daniel McStay,DEF,FWD,25.0,13,31.0,16.09198554787908,0.11023112916738166,0.0,41.09792613951829,17.87,863.086649238253,0.25666666666666665,0.0033333333333333335,0.0,0.0,0.0033333333333333335,0.0,0.0,11.13683470173166,3.495033451865232,0.0,25.803512986218255,0.0,0.9841279801270959
430,noah-long,Noah Long,FWD,FWD,57.0,4,22.0,15.868586154464447,0.021405807610927072,0.0,28.871753440814363,16.718333333333334,833.5250614471231,0.36666666666666664,0.01,0.0016666666666666668,0.0,0.01,0.0016666666666666668,0.0,1.6379377067393242,4.3706776446590325,0.0,0.03512945741095002,0.0,0.5779613773351719
431,liam-fawcett,Liam Fawcett,FWD,FWD,43.0,3,21.0,15.830518997539302,0.06323493483834552,0.0,37.382244815843464,18.953333333333333,918.8970384096025,0.325,0.006666666666666667,0.0,0.0,0.006666666666666667,0.0,0.0,3.5244660627370497,2.0479933321536667,0.0,0.7394363985879245,0.0,0.2067350782122774
432,jack-hutchinson,Jack Hutchinson,MID,MID,3.0,2,25.0,14.968545683985418,0.35562669130816293,5.123297653521828e-05,40.44072305857213,32.27,1716.6012933674945,0.08833333333333333,0.023333333333333334,0.005,0.0,0.023333333333333334,0.005,0.0,1.7975989450811487,5.80170546369871,0.0,0.6140102172395595,0.0,5.7317187714448705
433,jasper-alger,Jasper Alger,FWD,FWD,58.0,2,20.0,14.513809274931573,0.1767341827430135,0.0,41.82302948094681,26.506666666666668,1222.7025439604165,0.18166666666666667,0.0033333333333333335,0.0,0.0,0.0033333333333333335,0.0,0.0,1.1692937280857962,3.3495138007410077,0.0,0.2927253408220974,0.0,0.7679548406038841
434,toby-murray,Toby Murray,FWD,FWD,7.0,2,23.0,14.47499451336483,0.20583275947070478,0.0,38.65837878325611,27.17,1228.0492030908847,0.13333333333333333,0.0,0.0,0.0,0.0,0.0,0.0,0.9123161096162422,4.477566175180214,0.0,0.27343150835642677,0.0,1.0411254743813554
435,will-lorenz,Will Lorenz,MID,MID,57.0,3,21.0,14.029057752037248,0.12901356514806683,0.0,36.446668585665385,23.583333333333332,1349.6553718102402,0.2733333333333333,0.018333333333333333,0.0016666666666666668,0.0,0.018333333333333333,0.0016666666666666668,0.0,2.5882635866130994,2.6220416909012325,0.0,0.8423400785675282,0.0,1.0902465360331466
436,leek-aleer,Leek Aleer,DEF,DEF,15.0,5,25.0,14.028412997872486,0.1532368805778559,0.0,33.41390353048854,27.155,1425.6280734517015,0.19333333333333333,0.008333333333333333,0.0,0.0,0.008333333333333333,0.0,0.0,3.0063644874279167,4.439465815052218,0.0,1.4303313753468763,0.0,1.8029299488954722
437,saad-el-hawli,Saad El-Hawli,DEF,DEF,13.0,2,25.0,13.87801310476365,0.17626655026594357,0.0002880028943714463,32.08287639235635,33.39833333333333,1649.7728331748056,0.056666666666666664,0.015,0.0016666666666666668,0.0,0.015,0.0016666666666666668,0.0,2.204030957907624,6.440318278491994,0.0,1.2195575270732484,0.0,3.303786826212162
438,harvey-johnston,Harvey Johnston,DEF,DEF,49.0,3,21.0,13.758388716716594,0.056620213857801735,0.0,36.2469921667783,24.406666666666666,1282.1990456737738,0.23833333333333334,0.011666666666666667,0.0016666666666666668,0.0,0.011666666666666667,0.0016666666666666668,0.0,0.8243871683384079,3.330647906854041,0.0,0.07636153379118474,0.0,0.15985214722909677
439,bruce-reville,Bruce Reville,MID,MID,80.0,3,25.0,13.534975417578535,0.31337633615601757,0.0006848736288246382,33.485620434618696,33.4,1769.2004922957904,0.056666666666666664,0.016666666666666666,0.0,0.0,0.016666666666666666,0.0,0.0,4.526564028943867,4.002683447507538,0.0,3.4807030629722693,0.0,3.03346805755834
440,cooper-harvey,Cooper Harvey,FWD,FWD,56.0,4,22.0,13.523136675141673,0.06760138823008766,0.0,38.06477260856487,16.89,829.3642069646625,0.3283333333333333,0.005,0.0,0.0,0.005,0.0,0.0,4.215502786049287,3.6040966071197893,0.0,3.175315013459997,0.0,0.9792509020117545
441,tom-hanily,Tom Hanily,FWD,FWD,14.0,2,21.0,13.475780427053381,0.13081083726556736,0.0,38.23938902192929,26.025,1153.4748920011561,0.16666666666666666,0.0016666666666666668,0.0,0.0,0.0016666666666666668,0.0,0.0,1.3483148462035146,3.5627045849992616,0.0,0.15734472036194763,0.0,1.0623001794955513
442,oscar-allen,Oscar Allen,FWD,FWD,21.0,9,27.0,13.387944279467936,0.016098545650022833,0.0,36.138044869838566,14.161666666666667,691.7160920484803,0.37166666666666665,0.006666666666666667,0.0,0.0,0.006666666666666667,0.0,0.0,7.058447125256824,4.2774359948568845,0.0,5.9910270368797205,0.0,1.4233468461619514
443,steele-sidebottom,Steele Sidebottom,MID,MID,11.0,18,35.0,13.298820886112798,0.024595118288831083,0.0,35.09167284611049,16.82,891.3788539069021,0.2916666666666667,0.015,0.0,0.0,0.015,0.0,0.0,9.845753637901561,2.7071201332785297,0.0,19.123041119872077,0.0,0.16796543006332845
444,tom-blamires,Tom Blamires,MID,DEF,80.0,1,24.0,13.286040957649877,0.3028479311835727,4.899832162262218e-05,27.568096643608875,32.016666666666666,1653.7717470042548,0.09333333333333334,0.011666666666666667,0.0016666666666666668,0.0,0.011666666666666667,0.0016666666666666668,0.0,4.059265663040318,4.213477694433292,0.0,1.5823298509775925,0.0,2.130411762015103
445,ryan-byrnes,Ryan Byrnes,DEF,DEF,52.0,7,25.0,13.206932809132603,0.14280762940955588,0.0,33.00826772969534,23.803333333333335,1276.4195252068844,0.24166666666666667,0.01,0.0,0.0,0.01,0.0,0.0,4.5941539325010865,2.8837239324474564,0.0,2.480967325004268,0.0,0.8869723837455965
446,campbell-gray,Campbell Gray,DEF,DEF,16.0,2,23.0,13.183721280698977,0.19493646066551246,4.985108054711578e-06,27.490325943909742,33.06333333333333,1649.0618576744553,0.1,0.013333333333333334,0.0016666666666666668,0.0,0.013333333333333334,0.0016666666666666668,0.0,0.7621052610759586,5.598628381847551,0.0,0.2108370506005281,0.0,1.9563207945331669
447,lachlan-blakiston,Lachlan Blakiston,RUC,DEF,13.0,1,28.0,12.58758138270326,0.20730051798715265,0.0004281817450275929,23.48850585491294,39.18666666666667,1886.6974051263583,0.03833333333333333,0.015,0.0016666666666666668,0.0,0.015,0.0016666666666666668,0.0,2.3369605580101727,3.698812248667755,0.0,0.7897948478436897,0.0,1.0740440386127816
448,ned-moyle,Ned Moyle,RUC,RUC,5.0,5,24.0,12.407554379126866,0.08886299220564076,0.0,32.29279711749601,23.151666666666667,1190.7723400808695,0.18,0.008333333333333333,0.0,0.0,0.008333333333333333,0.0,0.0,4.316617664243031,4.366866985960176,0.0,3.351699879079986,0.0,1.4243332491858327
449,nikolas-cox,Nikolas Cox,FWD,FWD,8.0,6,24.0,12.313488587009006,0.006679120361203675,0.0,24.18835606775091,14.308333333333334,701.684640613492,0.42,0.006666666666666667,0.0016666666666666668,0.0,0.006666666666666667,0.0016666666666666668,0.0,0.9913320628417779,4.612109072870647,0.0,0.011901396011252657,0.0,1.0817251602203093
450,bobby-hill,Bobby Hill,FWD,FWD,24.0,8,26.0,12.104036247414895,0.009059916997705506,0.0,31.09257267433438,15.528333333333334,736.9090894083932,0.3883333333333333,0.005,0.0,0.0,0.005,0.0,0.0,4.010925224115329,4.908774337240412,0.0,1.543993957512888,0.0,0.6597098504337744
451,jayden-laverde,Jayden Laverde,MID,DEF,20.0,12,30.0,12.096950012220125,0.04933436793330902,0.0,29.451732613456524,16.358333333333334,881.0535776561927,0.2866666666666667,0.005,0.0,0.0,0.005,0.0,0.0,10.380851944482515,1.1011754168659116,0.0,20.756462588555625,0.0,0.1230111150076054
452,corey-warner,Corey Warner,FWD,FWD,40.0,5,23.0,11.950163064981155,0.04558817528373843,0.0,24.97249770233156,18.345,859.4221918145911,0.295,0.0033333333333333335,0.0,0.0,0.0033333333333333335,0.0,0.0,3.69773379781113,2.793673299175265,0.0,1.002871131555748,0.0,1.1404729147434027
453,eric-hipwood,Eric Hipwood,FWD,FWD,14.0,11,29.0,11.902947394630477,0.0655606712638182,0.0,29.892047344371658,16.773333333333333,793.0776731894179,0.30666666666666664,0.0016666666666666668,0.0,0.0,0.0016666666666666668,0.0,0.0,5.787618167299758,4.585273756711114,0.0,4.9664793185549705,0.0,1.28291392379978
454,blake-acres,Blake Acres,MID,MID,19.0,13,31.0,11.789548794568931,0.01016045233435351,0.0,22.242396682776732,12.921666666666667,707.4316531083443,0.36666666666666664,0.016666666666666666,0.0016666666666666668,0.0,0.016666666666666666,0.0016666666666666668,0.0,9.222361787878782,2.3227877541424435,0.0,8.39449543584134,0.0,0.14481860159366647
455,tom-barrass,Tom Barrass,DEF,DEF,43.0,13,31.0,11.418023313222653,0.02277106107852673,0.0,21.910909324989387,15.52,807.8777629393517,0.29333333333333333,0.011666666666666667,0.0,0.0,0.011666666666666667,0.0,0.0,9.935557100261208,1.4055190855861555,0.0,8.79700315659974,0.0,0.04658259857593541
456,adam-treloar,Adam Treloar,MID,MID,15.0,15,33.0,11.316834541899334,0.0012948726883715385,0.0,22.84324071960159,8.791666666666666,488.52353209811145,0.4266666666666667,0.016666666666666666,0.0016666666666666668,0.0,0.016666666666666666,0.0016666666666666668,0.0,10.24689971525239,0.6819738856377829,0.0,16.64792364260577,0.0,0.0021067876122464325
457,paddy-cross,Paddy Cross,FWD,FWD,80.0,1,23.0,11.312669820880059,0.07546539743569189,0.0,19.26297799148944,25.233333333333334,1068.4754557260082,0.10666666666666667,0.0033333333333333335,0.0,0.0,0.0033333333333333335,0.0,0.0,3.104404658549316,1.973245996635923,0.0,0.5888650492884259,0.0,0.2884933044318898
458,robert-hansen,Robert Hansen,FWD,FWD,2.0,3,22.0,10.991143304307517,0.08280209247375384,0.0,27.40799183618552,24.96,1087.7502900744175,0.18,0.0033333333333333335,0.0,0.0,0.0033333333333333335,0.0,0.0,0.548134199428263,2.6782682911190183,0.0,0.06347423193261086,0.0,0.6918354377731519
459,nick-haynes,Nick Haynes,DEF,DEF,10.0,15,34.0,10.922416092156267,0.01812795644414743,0.0,22.09149111892213,13.57,724.6694198565411,0.3416666666666667,0.006666666666666667,0.0016666666666666668,0.0,0.006666666666666667,0.0016666666666666668,0.0,9.062848313967109,1.4880933281461903,0.0,11.704230918913886,0.0,0.07629252962190668
460,mitchell-marsh,Mitchell Marsh,FWD,FWD,22.0,1,19.0,10.352037260877239,0.015625782127021457,0.0,21.629304085017697,19.673333333333332,853.555848474174,0.285,0.0016666666666666668,0.0,0.0,0.0016666666666666668,0.0,0.0,0.05449171501128209,1.370580845068056,0.0,1.874131504974448e-05,0.0,0.017556014802326745
461,oisin-mullin,Oisin Mullin,DEF,DEF,80.0,5,26.0,10.304001921484701,0.06918541610194877,0.0,23.356280103387668,30.988333333333333,1479.0221853485116,0.10166666666666667,0.005,0.0,0.0,0.005,0.0,0.0,5.249991255282711,2.9081015609371126,0.0,1.08675972314211,0.0,1.1258911587363631
462,jesse-dattoli,Jesse Dattoli,FWD,FWD,22.0,2,20.0,10.160950196943372,0.032842957043257195,0.0,21.39403175612358,20.92,929.840927349669,0.26166666666666666,0.005,0.0,0.0,0.005,0.0,0.0,0.13185650459178178,3.384103718627292,0.0,0.009635459281696757,0.0,0.18763582414263644
463,finn-maginness,Finn Maginness,FWD,FWD,29.0,7,25.0,9.972670307861765,0.019750934859030934,0.0,24.05318023446738,16.366666666666667,751.5295438329914,0.3383333333333333,0.0016666666666666668,0.0,0.0,0.0016666666666666668,0.0,0.0,3.995621676417858,3.022282750510847,0.0,2.9396162015912717,0.0,0.289797610426825
464,ryan-lester,Ryan Lester,DEF,DEF,36.0,16,34.0,9.679472665234531,0.01146010202048938,0.0,15.782002844632162,14.29,728.2576050756229,0.28833333333333333,0.01,0.0016666666666666668,0.0,0.01,0.0016666666666666668,0.0,8.3772476844168,1.2872042345108365,0.0,7.062416184064033,0.0,0.07326055631801312
465,adam-sweid,Adam Sweid,FWD,FWD,25.0,1,19.0,9.594401500925471,0.018828141666013994,0.0,14.76428281073612,20.615,856.9222228244748,0.26166666666666666,0.005,0.0,0.0,0.005,0.0,0.0,0.003743266743243408,0.6847780847084224,0.0,7.328285381421394e-05,0.0,0.060001705303259684
466,billy-wilson,Billy Wilson,DEF,DEF,34.0,3,21.0,9.550186855739108,0.04697974590136418,0.0,17.889184443464217,27.23,1349.4514628265038,0.17333333333333334,0.011666666666666667,0.0016666666666666668,0.0,0.011666666666666667,0.0016666666666666668,0.0,0.6504048669437771,2.0664851182341604,0.0,0.13596463169222428,0.0,0.4443875406329285
467,mani-liddy,Mani Liddy,MID,MID,16.0,1,24.0,9.502647200907054,0.10474291126451558,0.0,20.624959943308983,30.006666666666668,1539.65054832236,0.11333333333333333,0.008333333333333333,0.0,0.0,0.008333333333333333,0.0,0.0,1.346152487739406,4.064694622756139,0.0,0.1417804181751096,0.0,2.2332899812359424
468,lachlan-gulbin,Lachlan Gulbin,FWD,FWD,80.0,2,20.0,9.473319547205312,0.025241859218612,0.0,19.98813820780857,20.206666666666667,893.6831799384894,0.25166666666666665,0.0016666666666666668,0.0,0.0,0.0016666666666666668,0.0,0.0,1.0368847839832742,0.6169590081835103,0.0,0.2615634637363507,0.0,0.11453878005558629
469,jack-henry,Jack Henry,DEF,DEF,14.0,10,28.0,9.374492529561575,0.042427236138872226,0.0,13.81195406631932,22.453333333333333,1113.5712689235404,0.21833333333333332,0.01,0.0016666666666666668,0.0,0.01,0.0016666666666666668,0.0,4.566335597692234,3.1305434205670006,0.0,2.4844152594823394,0.0,0.3460223687215025
470,james-leake,James Leake,DEF,DEF,17.0,3,21.0,9.32089052437502,0.03942036413921993,0.0,20.376810214868236,28.308333333333334,1361.1973709396007,0.165,0.006666666666666667,0.0,0.0,0.006666666666666667,0.0,0.0,0.15785473091230845,1.9847046949813398,0.0,0.04185770931329625,0.0,0.1780793612977463
471,harrison-oliver,Harrison Oliver,DEF,DEF,19.0,2,20.0,9.124587912292316,0.034181851362575504,0.0,18.607923825563105,26.785,1297.978583192734,0.20833333333333334,0.008333333333333333,0.0016666666666666668,0.0,0.008333333333333333,0.0016666666666666668,0.0,0.060207055695809565,1.056686758687752,0.0,0.005323700696464232,0.0,0.13612412774290025
472,malcolm-rosas,Malcolm Rosas,FWD,FWD,17.0,7,25.0,9.078980233153622,0.009312465096944363,0.0,16.88970695521378,14.175,657.9384869953136,0.34,0.0,0.0,0.0,0.0,0.0,0.0,5.110313067929592,2.097309231193802,0.0,1.560558116609544,0.0,0.27575281022976134
473,mitchell-lewis,Mitchell Lewis,FWD,FWD,75.0,10,28.0,9.077241504006318,0.0002731811035055574,0.0,15.705941505760308,8.366666666666667,407.8910100884564,0.45666666666666667,0.0016666666666666668,0.0,0.0,0.0016666666666666668,0.0,0.0,7.83229843545803,1.0990567471496084,0.0,8.072276976862895,0.0,0.0018253595893930746
474,stephen-coniglio,Stephen Coniglio,MID,MID,3.0,15,33.0,8.658565003094433,0.002084855088515792,0.0,14.57541754937112,10.29,560.7604390698426,0.37666666666666665,0.01,0.0,0.0,0.01,0.0,0.0,7.929447797049272,0.585222543699793,0.0,11.180224574554197,0.0,0.002730580249327832
475,jeremy-sharp,Jeremy Sharp,MID,MID,27.0,7,25.0,8.646029291382266,0.01100564413614425,0.0,10.864139774016802,16.418333333333333,872.3862242577795,0.33,0.008333333333333333,0.0016666666666666668,0.0,0.008333333333333333,0.0016666666666666668,0.0,4.096537792334067,2.8771786796779923,0.0,1.2095252286557125,0.0,0.2226519563560508
476,dylan-patterson,Dylan Patterson,DEF,DEF,5.0,1,19.0,8.601823646254102,0.018435671043954917,0.0,23.077193576933034,26.79,1234.1612536168702,0.17833333333333334,0.006666666666666667,0.0016666666666666668,0.0,0.006666666666666667,0.0016666666666666668,0.0,0.0013677660424369293,1.338261300117418,0.0,1.4380927095095661e-05,0.0,0.04704531151262804
477,matt-whitlock,Matt Whitlock,DEF,FWD,27.0,2,20.0,8.333958748341704,0.01564041854018127,0.0,16.474941491880493,19.56,845.4231012026395,0.2816666666666667,0.0,0.0,0.0,0.0,0.0,0.0,0.10198702952297961,1.3075324279614298,0.0,0.0002638982463364201,0.0,0.1226078693484012
478,jack-silvagni,Jack Silvagni,FWD,DEF,53.0,11,29.0,8.196632842438218,0.008758606572793733,0.0,7.261075026370874,14.805,771.503867722361,0.33666666666666667,0.008333333333333333,0.0,0.0,0.008333333333333333,0.0,0.0,6.423219991203027,1.3264379826898671,0.0,4.07948715405368,0.0,0.054919250389647865
479,jesse-hogan,Jesse Hogan,FWD,FWD,5.0,14,31.0,8.16728178332916,0.0,0.0,7.054717644248432,7.35,342.4236492148566,0.5816666666666667,0.0033333333333333335,0.0,0.0,0.0033333333333333335,0.0,0.0,5.807764189370623,1.5529407638059964,0.0,0.8985586095533943,0.0,0.018079464510582052
480,lachlan-fogarty,Lachlan Fogarty,MID,FWD,22.0,9,27.0,8.163671847850836,0.0030850551690799724,0.0,14.196358086332948,11.665,545.5954231613867,0.43333333333333335,0.0,0.0,0.0,0.0,0.0,0.0,3.53894423140828,3.442326434642086,0.0,0.7472633241967632,0.0,0.9011412260674223
481,jeremy-howe,Jeremy Howe,FWD,DEF,42.0,16,36.0,7.760625050721777,0.00605114431784444,0.0,13.987532165049736,12.106666666666667,610.2811459885262,0.29,0.008333333333333333,0.0033333333333333335,0.0,0.008333333333333333,0.0033333333333333335,0.0,7.414426966365209,0.3404592465168113,0.0,7.418602019456041,0.0,0.01286819285027931
482,isaac-keeler,Isaac Keeler,FWD,FWD,44.0,4,22.0,7.708130231443701,0.004041888647032733,0.0,12.996949609545105,14.885,680.3958108665997,0.395,0.005,0.0,0.0,0.005,0.0,0.0,0.3370948971540969,1.1618181202314866,0.0,0.005251440798372607,0.0,0.27874531558637045
483,jack-carroll,Jack Carroll,MID,MID,43.0,6,24.0,7.6400569594917895,0.05062137909161013,0.0,12.555984304797486,23.355,1209.8756033028674,0.19666666666666666,0.0033333333333333335,0.0016666666666666668,0.0,0.0033333333333333335,0.0016666666666666668,0.0,2.9584354092919156,2.0148307529295355,0.0,0.7110927154628467,0.0,0.5105176449861153
484,jacob-newton,Jacob Newton,FWD,FWD,9.0,1,20.0,7.601353168024316,0.01644277325663778,0.0,10.294543051089908,24.246666666666666,930.537345956503,0.15333333333333332,0.006666666666666667,0.0016666666666666668,0.0,0.006666666666666667,0.0016666666666666668,0.0,0.1425895501497743,1.234489388086742,0.0,0.004252006732172276,0.0,0.032425979642582925
485,campbell-chesser,Campbell Chesser,MID,MID,14.0,5,23.0,7.323098593804207,0.04409382970905391,0.0,14.69374423728572,21.258333333333333,1123.6132665290484,0.245,0.006666666666666667,0.0016666666666666668,0.0,0.006666666666666667,0.0016666666666666668,0.0,1.1673294210505603,2.075912987740096,0.0,0.47521762922452127,0.0,0.13155560858681073
486,aidan-schubert,Aidan Schubert,FWD,FWD,23.0,1,19.0,7.016656567613721,0.01202957409054048,0.0,15.533028874757505,19.063333333333333,808.7515006869454,0.29,0.0,0.0,0.0,0.0,0.0,0.0,0.02917055906180621,0.6615886203577329,0.0,2.3480237362601236e-05,0.0,0.03189073848614213
487,josh-lai,Josh Lai,DEF,DEF,80.0,2,21.0,6.985042378768624,0.038040360357335344,0.0,10.048060620696411,28.238333333333333,1322.733219324219,0.12333333333333334,0.005,0.0,0.0,0.005,0.0,0.0,0.7659297931110185,2.016945788757644,0.0,0.2078390695061654,0.0,0.07685342455949558
488,hugo-hall-kahan,Hugo Hall-Kahan,DEF,DEF,11.0,0,23.0,6.938842598685339,0.040017618758545204,7.013514833412546e-05,12.365605885361308,33.445,1504.4521387234959,0.051666666666666666,0.011666666666666667,0.0016666666666666668,0.0,0.011666666666666667,0.0016666666666666668,0.0,0.5444601199230343,1.2965860413364518,0.0,0.023818776804226175,0.0,0.37450017806338914
489,lucca-grego,Lucca Grego,DEF,DEF,48.0,2,20.0,6.877514399842175,0.01590895671367485,0.0,8.146859684481893,20.796666666666667,1019.3020300912232,0.25833333333333336,0.01,0.0016666666666666668,0.0,0.01,0.0016666666666666668,0.0,0.10333077210815031,0.7953607365914174,0.0,0.00908076627589597,0.0,0.14044739120539765
490,rory-lobb,Rory Lobb,FWD,DEF,29.0,13,33.0,6.737115416951683,0.014584580294882445,0.0,7.967088250416714,16.175,799.0034058701726,0.2633333333333333,0.0033333333333333335,0.0,0.0,0.0033333333333333335,0.0,0.0,5.826025523296531,0.6755885300662887,0.0,4.947686545031966,0.0,0.06186453318536441
491,nick-murray,Nick Murray,DEF,DEF,80.0,6,26.0,6.698963300750416,0.010688428909844387,0.0,3.9422710832132117,20.311666666666667,917.6620382710255,0.18833333333333332,0.006666666666666667,0.0,0.0,0.006666666666666667,0.0,0.0,4.806244556571991,1.5385160145522818,0.0,0.944428834768304,0.0,0.06389882438897738
492,darcy-moore,Darcy Moore,FWD,DEF,8.0,12,30.0,6.427081157860153,0.0027195956789885793,0.0,9.436513389995591,12.776666666666667,653.5349197175298,0.37333333333333335,0.005,0.0,0.0,0.005,0.0,0.0,5.19386796246777,1.10445898757759,0.0,2.5923278005471544,0.0,0.08656796387375602
493,finnbar-maley,Finnbar Maley,FWD,FWD,2.0,3,23.0,6.424808852151706,0.030727908272221598,0.0,8.369487948314537,19.54,838.9055221775202,0.255,0.0016666666666666668,0.0,0.0,0.0016666666666666668,0.0,0.0,0.8724656747243633,1.9786998000752662,0.0,0.15528304479217397,0.0,0.3909182233170946
494,griffin-logue,Griffin Logue,DEF,DEF,8.0,10,28.0,6.371896065264385,0.01009455794770842,0.0,7.132851288856505,18.223333333333333,893.6748218229219,0.25333333333333335,0.0033333333333333335,0.0,0.0,0.0033333333333333335,0.0,0.0,3.7259795656986983,1.3626949847174599,0.0,1.729565290515063,0.0,0.0948074629727157
495,campbell-lake,Campbell Lake,FWD,FWD,7.0,0,22.0,6.367663269004628,0.03842984643620502,0.0,15.7776512231339,26.135,1022.3417689664866,0.13333333333333333,0.0016666666666666668,0.0,0.0,0.0016666666666666668,0.0,0.0,0.1673947677662477,1.5683091854196092,0.0,0.0053656036397443626,0.0,0.7284638023898807
496,lachlan-mcandrew,Lachlan McAndrew,RUC,RUC,12.0,5,27.0,6.331183377895155,0.04678452974200564,0.0,10.270991960521409,20.9,997.8203206670471,0.14,0.0033333333333333335,0.0,0.0,0.0033333333333333335,0.0,0.0,4.603339461133396,0.9611702714632704,0.0,2.9668369089386775,0.0,0.1813202303801976
497,kye-annand,Kye Annand,DEF,DEF,2.0,0,23.0,6.322089214335369,0.03870489795988315,4.05536823243205e-05,7.527580762701039,33.861666666666665,1483.9559054707336,0.06166666666666667,0.005,0.0,0.0,0.005,0.0,0.0,0.07187003464558425,0.9983872129282588,0.0,0.018370126932990137,0.0,0.2455084365363751
498,jamarra-ugle-hagan,Jamarra Ugle-Hagan,FWD,FWD,1.0,6,24.0,6.2942524185414275,0.0,0.0,5.779828915499698,10.47,493.655455882205,0.5083333333333333,0.0,0.0,0.0,0.0,0.0,0.0,0.4779671391341001,2.15467921479798,0.0,0.001180009490584308,0.0,0.05213655962943692
499,jack-martin,Jack Martin,FWD,FWD,3.0,14,31.0,6.262554650924986,0.0,0.0,6.544216288396321,7.136666666666667,338.07716875371364,0.52,0.0,0.0,0.0,0.0,0.0,0.0,4.322160088441179,1.9038020335199932,0.0,2.486370970538731,0.0,0.0032160618330870716
500,zane-peucker,Zane Peucker,FWD,FWD,31.0,1,19.0,6.213180024992319,0.0020252542314979386,0.0,13.467996603367187,17.598333333333333,722.9486990835461,0.3566666666666667,0.0016666666666666668,0.0,0.0,0.0016666666666666668,0.0,0.0,0.02223785028618782,0.4859547891015213,0.0,2.158717911467513e-05,0.0,0.005416183416556778
501,jevan-phillipou,Jevan Phillipou,FWD,FWD,35.0,1,19.0,5.8266651755813115,0.0034035040022027856,0.0,4.774273925669814,17.883333333333333,713.4808503056748,0.31166666666666665,0.0033333333333333335,0.0,0.0,0.0033333333333333335,0.0,0.0,0.026340152946011903,0.6416707157137027,0.0,2.0023833666930093e-05,0.0,0.009277696362439728
502,adam-saad,Adam Saad,DEF,DEF,23.0,12,32.0,5.799093067859445,0.006811240466366335,0.0,8.50288636745725,12.468333333333334,630.6421776203886,0.32666666666666666,0.0033333333333333335,0.0,0.0,0.0033333333333333335,0.0,0.0,4.4445753077075185,0.7180586322393859,0.0,4.056676600532876,0.0,0.1421892072285121
503,mason-wood,Mason Wood,FWD,FWD,44.0,14,33.0,5.768991226070278,0.0,0.0,3.3017937144061404,5.591666666666667,279.8535247563832,0.5983333333333334,0.0,0.0,0.0,0.0,0.0,0.0,5.4373134552985505,0.3112239013224291,0.0,2.718808081130822,0.0,0.0
504,malakai-champion,Malakai Champion,FWD,FWD,80.0,2,20.0,5.7357542080421835,0.007906764109270563,0.0,6.291209986048858,19.633333333333333,781.6327260686996,0.24666666666666667,0.0016666666666666668,0.0016666666666666668,0.0,0.0016666666666666668,0.0016666666666666668,0.0,0.4464741106948643,0.940123365390864,0.0,0.05184230422060047,0.0,0.014343816660011445
505,cody-angove,Cody Angove,MID,MID,24.0,2,20.0,5.6767194565560315,0.006194684359633078,0.0,9.30986338359701,20.476666666666667,1001.3794204317564,0.2916666666666667,0.0033333333333333335,0.0,0.0,0.0033333333333333335,0.0,0.0,0.2582606513957386,1.2792898896757567,0.0,0.000423884373034279,0.0,0.05236017050428293
506,thomas-matthews,Thomas Matthews,FWD,FWD,30.0,1,19.0,5.59273891130249,0.006091716663077636,0.0,7.805364230823698,18.466666666666665,749.769435400988,0.30666666666666664,0.0,0.0,0.0,0.0,0.0,0.0,0.0035723660768184244,0.8609103848908247,0.0,3.20310416016125e-05,0.0,0.017511395630944185
507,bailey-laurie,Bailey Laurie,FWD,FWD,23.0,6,24.0,5.1802366182007615,0.004833804385925293,0.0,4.628142481448424,15.293333333333333,649.5881800162075,0.3233333333333333,0.0,0.0,0.0,0.0,0.0,0.0,2.218512260276238,1.2197049795524602,0.0,0.3856783509625451,0.0,0.06571259908753888
508,nathan-broad,Nathan Broad,DEF,DEF,65.0,11,33.0,5.0681224559748825,0.0030237291766596988,0.0,2.4503104069543014,15.268333333333333,709.2218784653355,0.28833333333333333,0.006666666666666667,0.0016666666666666668,0.0,0.006666666666666667,0.0016666666666666668,0.0,3.802059059685787,0.22835439427940865,0.0,1.5007431967832785,0.0,0.00682902000489481
509,oskar-taylor,Oskar Taylor,DEF,DEF,15.0,1,19.0,4.94718628135676,0.004931884439908332,0.0,4.816005508962623,22.073333333333334,990.792333040652,0.26,0.005,0.0016666666666666668,0.0,0.005,0.0016666666666666668,0.0,6.343649400203646e-05,0.24460375717901986,0.0,1.6303340209073792e-06,0.0,0.017815245028528093
510,rhyan-mansell,Rhyan Mansell,FWD,FWD,80.0,6,26.0,4.894055080972311,0.009571580778654755,0.0,4.2997796171226,15.82,632.9857980649796,0.2683333333333333,0.0016666666666666668,0.0,0.0,0.0016666666666666668,0.0,0.0,3.3514388826901236,0.7764462740974858,0.0,0.8200266534745652,0.0,0.09501840346812022
511,harvey-gallagher,Harvey Gallagher,DEF,DEF,39.0,4,23.0,4.878805645887178,0.004835579235466383,0.0,3.7838265306396943,19.446666666666665,915.9800138889632,0.2733333333333333,0.0016666666666666668,0.0,0.0,0.0016666666666666668,0.0,0.0,1.2582740258315823,0.7475988248632893,0.0,0.07950075471216868,0.0,0.03928243567360794
512,charlie-spargo,Charlie Spargo,FWD,FWD,29.0,9,27.0,4.837032931732114,0.003407825510230689,0.0,5.738126257883976,12.588333333333333,555.358333800495,0.36833333333333335,0.0,0.0,0.0,0.0,0.0,0.0,2.787884761068294,0.8294379347332953,0.0,0.9407730393084833,0.0,0.0764498808906166
513,blake-thredgold,Blake Thredgold,DEF,DEF,26.0,1,19.0,4.8054956310589025,0.002106476561071707,0.0,2.802052601551135,20.281666666666666,902.754995723131,0.27166666666666667,0.006666666666666667,0.0016666666666666668,0.0,0.006666666666666667,0.0016666666666666668,0.0,0.006314091160738144,0.3830013913761031,0.0,8.02032588329892e-06,0.0,0.005427694201241605
514,hugo-mikunda,Hugo Mikunda,FWD,FWD,48.0,1,19.0,4.760081559611816,0.00015377827098855753,0.0,2.3893892053054104,12.523333333333333,496.7597585758207,0.41333333333333333,0.005,0.0,0.0,0.005,0.0,0.0,5.950673956841475e-05,0.2152457991828743,0.0,5.838033094702761e-07,0.0,0.0018118818887789317
515,tom-cole,Tom Cole,DEF,DEF,36.0,11,29.0,4.738160372966607,0.0006824881286271189,0.0,2.6737972782831587,12.538333333333334,602.7663010087596,0.38166666666666665,0.0016666666666666668,0.0,0.0,0.0016666666666666668,0.0,0.0,3.7934139351193856,0.8211789971396147,0.0,0.8540412643274633,0.0,0.0048000505222338865
516,brandon-starcevich,Brandon Starcevich,DEF,DEF,18.0,9,27.0,4.71790568639075,0.008015335391136594,0.0,5.460999151254399,19.745,915.0310891436552,0.25666666666666665,0.0033333333333333335,0.0,0.0,0.0033333333333333335,0.0,0.0,2.400920541913278,1.5275183912727157,0.0,0.38331046016237513,0.0,0.09428070782795078
517,tom-cochrane,Tom Cochrane,FWD,FWD,6.0,2,20.0,4.698019422755385,0.0010512370313929082,0.0,7.100305642747279,14.368333333333334,586.7375375424118,0.37666666666666665,0.0016666666666666668,0.0,0.0,0.0016666666666666668,0.0,0.0,0.2665569820592137,0.3982358762213762,0.0,0.0005861992345417097,0.0,0.013949850459073616
518,mitchell-knevitt,Mitchell Knevitt,MID,MID,25.0,5,23.0,4.674877780886651,0.0006085775638664452,0.0,2.192500905914895,13.738333333333333,680.4766401948121,0.4166666666666667,0.01,0.0,0.0,0.01,0.0,0.0,0.17728958219282906,1.835174836850471,0.0,0.001958716153951546,0.0,0.02227899039650387
519,jack-buller,Jack Buller,FWD,FWD,13.0,3,25.0,4.565225306351833,0.008634108784100356,0.0,5.054914979880762,17.333333333333332,713.4007968611307,0.27166666666666667,0.0,0.0,0.0,0.0,0.0,0.0,0.3849851825303285,1.6046029977800742,0.0,0.12048531470442406,0.0,0.11067005494508353
520,kaleb-smith,Kaleb Smith,DEF,DEF,49.0,4,22.0,4.544049174846833,0.0002727403493801012,0.0,2.726329398697393,15.505,712.5469358673587,0.4,0.0016666666666666668,0.0,0.0,0.0016666666666666668,0.0,0.0,0.20678363992788762,1.3614710913673604,0.0,0.0006620947898303091,0.0,0.006627214355646868
521,liam-stocker,Liam Stocker,MID,DEF,19.0,8,26.0,4.494223610652071,0.006791731039345333,0.0,5.216882521601882,17.066666666666666,845.2619112954219,0.3466666666666667,0.0,0.0,0.0,0.0,0.0,0.0,2.5222317400158922,0.6753201102248257,0.0,0.6015715346037935,0.0,0.061157587380067546
522,hunter-holmes,Hunter Holmes,MID,MID,33.0,1,19.0,4.473514691143616,0.0013594046834679028,0.0,3.32726562521533,17.803333333333335,813.9432630759868,0.3016666666666667,0.008333333333333333,0.0016666666666666668,0.0,0.008333333333333333,0.0016666666666666668,0.0,0.002634702303302216,0.1717903569481208,0.0,1.9461514935979373e-06,0.0,0.0013218099921931622
523,oscar-adams,Oscar Adams,DEF,DEF,51.0,5,23.0,4.446846181005458,0.0030519866772176704,0.0,3.013139884047351,20.085,933.7043011511478,0.28833333333333333,0.005,0.0,0.0,0.005,0.0,0.0,0.6048521104278207,0.9424301610174748,0.0,0.05771436126071314,0.0,0.07509158659831228
524,oliver-wiltshire,Oliver Wiltshire,FWD,FWD,61.0,3,24.0,4.371764119641072,0.0019833333211036848,0.0,2.8973335510796923,14.116666666666667,588.450844388454,0.35333333333333333,0.0016666666666666668,0.0,0.0,0.0016666666666666668,0.0,0.0,1.3234996256279756,0.8832149703726924,0.0,0.16136056438671476,0.0,0.03548474864676529
525,tyson-stengle,Tyson Stengle,FWD,FWD,5.0,10,28.0,4.369312638801296,0.0,0.0,2.4032193830416424,8.755,408.2765122053318,0.5433333333333333,0.0,0.0,0.0,0.0,0.0,0.0,2.6158045179884932,1.2070094868916286,0.0,0.46656306711157586,0.0,0.01350171510704176
526,brody-mihocek,Brody Mihocek,FWD,FWD,20.0,9,33.0,4.293589013733489,0.005411897153945085,0.0,5.098559395372535,13.378333333333334,551.1152196516285,0.31166666666666665,0.0,0.0,0.0,0.0,0.0,0.0,2.7125699910710313,0.6470274694766933,0.0,1.170411022006274,0.0,0.030822600131468415
527,wil-dawson,Wil Dawson,DEF,DEF,22.0,3,21.0,4.290923405709376,0.002830982106190252,0.0,2.2492320877785983,20.91,927.2041471844287,0.2733333333333333,0.008333333333333333,0.0016666666666666668,0.0,0.008333333333333333,0.0016666666666666668,0.0,0.09234366060036728,0.537089394959068,0.0,0.0048816053576417546,0.0,0.018957279935913403
528,hugo-ralphsmith,Hugo Ralphsmith,MID,MID,46.0,7,25.0,4.283280657347932,0.00028031370411155885,0.0,2.0744870723627042,12.446666666666667,635.6237052661459,0.43333333333333335,0.005,0.0,0.0,0.005,0.0,0.0,1.510621691129385,1.866896105934333,0.0,0.06305370082579423,0.0,0.09189099217685166
529,lachlan-carmichael,Lachlan Carmichael,DEF,DEF,21.0,1,19.0,4.264646786643434,0.0029907094282653644,0.0,3.392971050847378,21.32,943.7851443909966,0.2733333333333333,0.0033333333333333335,0.0,0.0,0.0033333333333333335,0.0,0.0,0.0017628094880130895,0.4340234760094584,0.0,1.573867565662743e-06,0.0,0.005660835647975745
530,avery-thomas,Avery Thomas,DEF,DEF,28.0,1,19.0,4.235850173303653,0.004410493703434605,0.0,3.430101341796928,21.808333333333334,978.2025911402982,0.24,0.0016666666666666668,0.0,0.0,0.0016666666666666668,0.0,0.0,0.0017344177801896668,0.28140420193747817,0.0,8.029530178634215e-07,0.0,0.008772892005222875
531,will-mclachlan,Will McLachlan,FWD,FWD,6.0,2,21.0,4.193488642721606,0.00664812657528557,0.0,3.3839762115858574,19.945,771.0902188757555,0.215,0.0033333333333333335,0.0,0.0,0.0033333333333333335,0.0,0.0,0.10253511213237564,1.3960828651845827,0.0,0.008497783869632944,0.0,0.10179245408469889
532,sam-allen,Sam Allen,MID,MID,29.0,1,19.0,4.1877432211033865,0.0005040704608879766,0.0,2.074026085307384,18.253333333333334,806.7849412607396,0.30666666666666664,0.005,0.0016666666666666668,0.0,0.005,0.0016666666666666668,0.0,7.347907295514463e-05,0.36689723003249464,0.0,1.5697729158697939e-06,0.0,0.001106881311260212
533,charlie-west,Charlie West,FWD,FWD,50.0,2,20.0,4.159418189041339,0.0012569154453781575,0.0,3.4586809081801255,15.351666666666667,616.617447017816,0.355,0.0,0.0,0.0,0.0,0.0,0.0,0.0145066645641785,1.0141355175281437,0.0,0.0003041271748333506,0.0,0.03459796050512321
534,conor-stone,Conor Stone,DEF,DEF,15.0,6,24.0,4.140629054877568,0.0022526579239202996,0.0,1.6702635719143295,16.69333333333333,756.6428815457631,0.3016666666666667,0.006666666666666667,0.0,0.0,0.006666666666666667,0.0,0.0,1.8341554614669922,0.4671486965380736,0.0,0.16615861071174742,0.0,0.005249687981826307
535,jamie-elliott,Jamie Elliott,FWD,FWD,42.0,15,34.0,4.087022238697761,0.0,0.0,2.1377865299437833,7.623333333333333,334.1042960318475,0.5166666666666667,0.0,0.0,0.0,0.0,0.0,0.0,3.8377093931492086,0.23732793608564895,0.0,1.3028500738828688,0.0,0.0010402924799412974
536,koby-evans,Koby Evans,FWD,FWD,38.0,1,19.0,3.931609196173852,0.0014575467943279707,0.0,3.238827783405267,15.45,606.6961280253988,0.3566666666666667,0.0016666666666666668,0.0,0.0,0.0016666666666666668,0.0,0.0,0.00147694248796334,0.36809852348834365,0.0,3.5150520795786915e-05,0.0,0.00971743746147316
537,tylah-williams,Tylah Williams,FWD,FWD,39.0,1,19.0,3.9033218039440847,0.0008215265667595071,0.0,2.7448036043152655,14.755,580.7944633412638,0.3616666666666667,0.0033333333333333335,0.0,0.0,0.0033333333333333335,0.0,0.0,0.0008213053538131578,0.4352054485418004,0.0,1.1807924941327054e-05,0.0,0.005010907772454231
538,archie-ludowyke,Archie Ludowyke,FWD,FWD,50.0,1,19.0,3.7510509969171903,0.00015426123948062,0.0,1.5184311009088256,13.271666666666667,521.7624138276584,0.425,0.005,0.0,0.0,0.005,0.0,0.0,0.00017647758886007615,0.4835551719017682,0.0,1.3500289212596046e-06,0.0,0.014976540777616499
539,bailey-scott,Bailey Scott,MID,MID,49.0,8,26.0,3.6376365864060594,0.00035927473117089285,0.0,1.6707779544581438,13.39,644.7651608745797,0.415,0.006666666666666667,0.0016666666666666668,0.0,0.006666666666666667,0.0016666666666666668,0.0,1.0331169878981754,1.276311438673396,0.0,0.007401160419572804,0.0,0.050457949459727064
540,marcus-herbert,Marcus Herbert,DEF,DEF,13.0,0,24.0,3.6127150054276407,0.009257882046993817,6.210751768804721e-07,3.4168883399532244,27.6,1158.858011982671,0.09333333333333334,0.0,0.0,0.0,0.0,0.0,0.0,0.22597441185574246,0.7225952978582356,0.0,0.012275044635517224,0.0,0.09934106979304008
541,dante-visentini,Dante Visentini,RUC,RUC,56.0,5,23.0,3.585986163010168,0.0018003204303250497,0.0,2.7784770348860564,15.871666666666666,742.9665321580134,0.3416666666666667,0.0016666666666666668,0.0016666666666666668,0.0,0.0016666666666666668,0.0016666666666666668,0.0,0.8284289781031557,0.4830166410776773,0.0,0.0549651482432071,0.0,0.01790390481016444
542,james-tunstill,James Tunstill,MID,MID,41.0,5,23.0,3.563068256827329,0.002630080793667607,0.0,2.6715277162263207,17.173333333333332,817.8832692500491,0.29333333333333333,0.0033333333333333335,0.0,0.0,0.0033333333333333335,0.0,0.0,1.1666331235562775,0.9729438894972219,0.0,0.0939190988943835,0.0,0.012445163876386797
543,dion-prestia,Dion Prestia,MID,MID,10.0,16,34.0,3.4830239868000983,0.0,0.0,1.2519197866062466,6.361666666666666,338.9417290874872,0.5766666666666667,0.0033333333333333335,0.0,0.0,0.0033333333333333335,0.0,0.0,2.7352485227858794,0.7457782546527014,0.0,0.6067887409379517,0.0,0.005967950714798708
544,max-king-syd,Maxwell King,FWD,FWD,49.0,1,19.0,3.431220548323381,0.0001324863893437091,0.0,1.7382561111590809,13.373333333333333,508.8605810270988,0.4083333333333333,0.0,0.0,0.0,0.0,0.0,0.0,0.5726834570180428,0.5034459049184883,0.0,6.992997721898101e-07,0.0,0.005906639027257196
545,rhys-unwin,Rhys Unwin,FWD,FWD,61.0,2,20.0,3.388796576194951,3.248439042811827e-06,0.0,0.5032387432067076,11.816666666666666,452.4419516153799,0.47333333333333333,0.0016666666666666668,0.0,0.0,0.0016666666666666668,0.0,0.0,0.0017742503620315115,0.3280653437794673,0.0,6.687549014736432e-06,0.0,0.00021099601745987442
546,conor-nash,Conor Nash,MID,MID,80.0,10,28.0,3.3674001512089906,0.001165566971640587,0.0,1.596038530263647,12.211666666666666,579.1024437040269,0.345,0.0033333333333333335,0.0,0.0,0.0033333333333333335,0.0,0.0,2.7314197566818517,0.5411781010396843,0.0,0.8372448413140365,0.0,0.00392534419405846
547,zac-fisher,Zac Fisher,FWD,FWD,27.0,10,28.0,3.339896571563895,0.0,0.0,1.7381024368016476,6.821666666666666,303.730926527391,0.6033333333333334,0.0,0.0,0.0,0.0,0.0,0.0,1.7551067260758748,0.942844797782444,0.0,0.28977952632631787,0.0,0.004392985416028399
548,cody-weightman,Cody Weightman,FWD,FWD,15.0,7,25.0,3.1960437472059415,0.0,0.0,2.577069850394915,8.296666666666667,370.5911966193565,0.56,0.0,0.0,0.0,0.0,0.0,0.0,0.4338397535384858,1.1867897549262452,0.0,0.0001600895849019293,0.0,0.07506951816065767
549,joel-fitzgerald,Joel Fitzgerald,MID,MID,16.0,0,23.0,3.1592206101338904,0.010087267793652259,3.674574384109615e-06,2.0465321875764753,26.908333333333335,1182.5965119285445,0.08333333333333333,0.006666666666666667,0.0,0.0,0.006666666666666667,0.0,0.0,0.6341405375544957,0.6184292670863041,0.0,0.018774843715939002,0.0,0.06546880132825605
550,mark-o-connor,Mark O'Connor,DEF,DEF,80.0,10,29.0,3.155678041352252,0.0019036276976493417,0.0,2.7408356442145605,17.78,751.5135042961757,0.23,0.0,0.0,0.0,0.0,0.0,0.0,2.644593779386437,0.29432095983523454,0.0,1.0109640127755077,0.0,0.015309487197901223
551,chayce-jones,Chayce Jones,MID,MID,9.0,8,26.0,3.1487223301641256,0.0016258472383339306,0.0,3.0692825349303576,13.488333333333333,672.7659503664013,0.3383333333333333,0.0033333333333333335,0.0,0.0,0.0033333333333333335,0.0,0.0,1.0215318135118605,0.3799316795841549,0.0,0.21851100227941234,0.0,0.05055868452448714
552,noah-answerth,Noah Answerth,DEF,DEF,55.0,8,27.0,3.139826181677375,0.0018048584100142258,0.0,1.448156483898927,14.423333333333334,677.667190960458,0.37,0.0016666666666666668,0.0016666666666666668,0.0,0.0016666666666666668,0.0016666666666666668,0.0,2.323579095333494,0.2813862859413727,0.0,0.31277190619939094,0.0,0.008793378555638103
553,william-mccabe,William McCabe,DEF,FWD,19.0,3,21.0,2.93044231963514,0.0005179279806074738,0.0,1.7236349378209213,14.043333333333333,544.4241724980966,0.38333333333333336,0.0,0.0,0.0,0.0,0.0,0.0,0.021493243913458,1.1570775126292168,0.0,4.1752126565238077e-05,0.0,0.02000372789143126
554,hayden-mclean,Hayden McLean,FWD,FWD,80.0,8,27.0,2.8933943602022874,0.0006412507950339866,0.0,1.5010620694503531,10.018333333333333,394.2029313104677,0.4033333333333333,0.0,0.0,0.0,0.0,0.0,0.0,2.181391605223133,0.2541063505370146,0.0,0.5463228652204398,0.0,0.0012520667832866697
555,darcy-fort,Darcy Fort,RUC,RUC,65.0,8,33.0,2.8619271227025105,0.000820867603704378,0.0,1.6085152017050635,12.875,573.6596515877244,0.29833333333333334,0.0,0.0,0.0,0.0,0.0,0.0,2.7850999182797644,0.07123148952638016,0.0,1.2401788798335498,0.0,0.002247604906446504
556,zac-mccarthy,Zac McCarthy,FWD,FWD,55.0,1,19.0,2.7238781703844306,0.00022482233219991665,0.0,1.780388105615019,13.665,524.515197712774,0.3983333333333333,0.0,0.0,0.0,0.0,0.0,0.0,0.0012755646571709703,0.30880769697046984,0.0,1.4944809196770908e-06,0.0,0.006962004993597229
557,brayden-fiorini,Brayden Fiorini,MID,MID,20.0,11,29.0,2.6099141024566914,0.0,0.0,0.5350632373492958,6.68,340.0961764771358,0.6233333333333333,0.0016666666666666668,0.0,0.0,0.0016666666666666668,0.0,0.0,1.934770979264243,0.6290198429046404,0.0,0.04577983126446237,0.0,0.0092071675447164
558,sam-wicks,Sam Wicks,FWD,DEF,80.0,8,27.0,2.590308387824754,0.0008580995650917579,0.0,0.8930040562674946,15.551666666666666,667.1622715434166,0.2866666666666667,0.0016666666666666668,0.0,0.0,0.0016666666666666668,0.0,0.0,1.7836851906424267,0.7094557626185612,0.0,0.2727727853415522,0.0,0.01010226885264489
559,lucas-camporeale,Lucas Camporeale,MID,MID,54.0,2,20.0,2.582713690697501,0.00020030236043627856,0.0,1.2014272028861661,14.293333333333333,651.8006679820647,0.395,0.0,0.0,0.0,0.0,0.0,0.0,0.00813321808946532,0.5435739795639982,0.0,6.87297799158593e-05,0.0,0.004116168110349256
560,jacob-wehr,Jacob Wehr,DEF,DEF,61.0,6,28.0,2.5546492001740195,0.00032570605025763485,0.0,0.7780407569270863,14.426666666666666,643.6393844889238,0.36833333333333335,0.0016666666666666668,0.0,0.0,0.0016666666666666668,0.0,0.0,1.6613949679296374,0.366142980628712,0.0,0.1976594905174732,0.0,0.007510286475200747
561,beau-addinsall,Beau Addinsall,MID,MID,18.0,1,19.0,2.535870262653518,0.0012676814316744953,0.0,2.5278504888122226,19.825,882.7420714606793,0.3016666666666667,0.0016666666666666668,0.0,0.0,0.0016666666666666668,0.0,0.0,0.0009356484553890656,0.18619036672632616,0.0,5.719465721927106e-06,0.0,0.011988318534498284
562,tyan-prindable,Tyan Prindable,MID,MID,32.0,1,19.0,2.5165981761798633,0.0005878466114565672,0.0,1.223885719478074,18.326666666666668,792.7735456084232,0.31333333333333335,0.005,0.0,0.0,0.005,0.0,0.0,0.0013073054131114293,0.07304498773309019,0.0,1.6350587558193826e-06,0.0,0.0003149060448900018
563,harley-barker,Harley Barker,MID,MID,24.0,1,19.0,2.508175189739983,0.0007498668859519269,0.0,3.079020036826028,19.393333333333334,851.2817488181037,0.31,0.0033333333333333335,0.0,0.0,0.0033333333333333335,0.0,0.0,0.00034762828626029677,0.07625822736610106,0.0,2.275812015277113e-06,0.0,0.004494889996166347
564,tai-hayes,Tai Hayes,FWD,FWD,44.0,1,22.0,2.5007338034389854,1.2479098021817123e-07,0.0,0.0598453751279394,9.641666666666667,300.75318970900366,0.49,0.0033333333333333335,0.0016666666666666668,0.0,0.0033333333333333335,0.0016666666666666668,0.0,0.00014478192543729726,0.16581321670672802,0.0,3.701265318831179e-07,0.0,8.15294039655569e-05
565,bailey-macdonald,Bailey Macdonald,DEF,DEF,51.0,4,22.0,2.416331956755508,0.0007802735693121174,0.0,1.6322905534534486,18.278333333333332,790.6881740535969,0.30333333333333334,0.0033333333333333335,0.0,0.0,0.0033333333333333335,0.0,0.0,0.13426642672264713,0.5992969851667193,0.0,0.016758388185535586,0.0,0.008231690297026585
566,tobyn-murray,Tobyn Murray,FWD,FWD,40.0,1,21.0,2.4158336259195385,9.270454628687182e-05,0.0,0.9208388061515963,13.171666666666667,459.4358626066309,0.4,0.0,0.0,0.0,0.0,0.0,0.0,0.0003475272028448533,0.18118378006171681,0.0,6.920919557249051e-07,0.0,0.0028293211595019326
567,charlie-ballard,Charlie Ballard,DEF,DEF,42.0,9,27.0,2.3655870957625584,0.00031306311653902337,0.0,1.0532155221949528,11.808333333333334,535.9395488939001,0.3983333333333333,0.0016666666666666668,0.0,0.0,0.0016666666666666668,0.0,0.0,1.2132480922890998,0.4398988305221953,0.0,0.13576257869475475,0.0,0.010923602366234554
568,samuel-swadling,Samuel Swadling,MID,MID,37.0,1,19.0,2.3011554718735563,6.325187307699921e-05,0.0,0.4506843252393547,15.366666666666667,650.4499720287115,0.4,0.0016666666666666668,0.0016666666666666668,0.0,0.0016666666666666668,0.0016666666666666668,0.0,0.0033639911097299463,0.13928973636444364,0.0,2.5913250276738383e-07,0.0,0.0007240733582347458
569,jack-watkins,Jack Watkins,MID,MID,3.0,1,26.0,2.2601750140782255,0.003008661644064046,0.0,1.1602033132665157,24.143333333333334,1058.7338654380474,0.16,0.0033333333333333335,0.0,0.0,0.0033333333333333335,0.0,0.0,0.8425020594139728,0.9347162023523379,0.0,0.024264682962632355,0.0,0.051693953362636484
570,bailey-banfield,Bailey Banfield,DEF,DEF,4.0,9,28.0,2.260028783638749,0.0009254865919808207,0.0,1.7215547804276499,15.585,690.9167415948002,0.37333333333333335,0.0,0.0,0.0,0.0,0.0,0.0,1.0516355472764398,0.5079031534485161,0.0,0.10519026261198369,0.0,0.015940126344006208
571,ned-bowman,Ned Bowman,FWD,FWD,26.0,2,20.0,2.224844076797019,8.663622396463166e-06,0.0,0.28725068382384567,11.721666666666666,405.49643309763457,0.445,0.0016666666666666668,0.0,0.0,0.0016666666666666668,0.0,0.0,0.0004191833611322308,0.14119428464353243,0.0,6.171133456478901e-07,0.0,0.0006248669941590683
572,mitch-mcgovern,Mitch McGovern,FWD,DEF,43.0,12,32.0,2.177695942886068,9.574582164167969e-05,0.0,1.4235849847357167,9.901666666666667,464.09557573997415,0.43333333333333335,0.0016666666666666668,0.0,0.0,0.0016666666666666668,0.0,0.0,1.751291573667559,0.4106872714838334,0.0,0.7280532313528673,0.0,0.00044716610709125983
573,zane-zakostelsky,Zane Zakostelsky,DEF,DEF,51.0,3,21.0,2.1613457598022614,0.00012591397135977897,0.0,0.2568422682204624,15.86,630.095438557563,0.35333333333333333,0.0016666666666666668,0.0,0.0,0.0016666666666666668,0.0,0.0,0.04721978223735756,0.03297868003708754,0.0,0.000807450053196189,0.0,0.0006870014441762151
574,koby-coulson,Koby Coulson,MID,MID,46.0,1,19.0,2.118816496266754,2.5099763713116346e-05,0.0,0.2641995122642589,14.131666666666666,582.0618785274203,0.39166666666666666,0.005,0.0016666666666666668,0.0,0.005,0.0016666666666666668,0.0,3.2046010120724826e-05,0.03263827371492141,0.0,3.70171806736489e-07,0.0,0.0009676399549503373
575,esava-ratugolea,Esava Ratugolea,FWD,DEF,43.0,10,28.0,2.090667489878695,1.7339409325458868e-05,0.0,0.7487336116804423,10.55,472.2116016871775,0.4533333333333333,0.0,0.0,0.0,0.0,0.0,0.0,1.697411541459292,0.16798408739682583,0.0,0.1901645996003477,0.0,0.0004591333732303775
576,jamie-cripps,Jamie Cripps,FWD,FWD,30.0,16,34.0,2.0856200995218863,0.0,0.0,0.33368401790210234,5.098333333333334,205.9215328288468,0.6333333333333333,0.0,0.0,0.0,0.0,0.0,0.0,1.8757248462110132,0.20889450503236362,0.0,0.09559311071674514,0.0,0.0002756897849206723
577,laitham-vandermeer,Laitham Vandermeer,FWD,FWD,37.0,8,27.0,2.0628102783976967,0.0,0.0,0.27712806569300974,7.953333333333333,308.5878669247053,0.5333333333333333,0.0,0.0,0.0,0.0,0.0,0.0,0.6274765482883703,0.6927352473567355,0.0,0.010031567205043935,0.0,0.003096759080927011
578,thomas-burton,Thomas Burton,FWD,FWD,80.0,1,19.0,1.9398829641309014,0.0008197106195595521,0.0,0.8904650906850375,17.808333333333334,629.9465267547612,0.25666666666666665,0.0,0.0,0.0,0.0,0.0,0.0,0.12923737251616252,0.2396849486223224,0.0,0.0018462509545179276,0.0,0.010858128953248548
579,harrison-ramm,Harrison Ramm,DEF,DEF,3.0,1,20.0,1.8434229203272612,0.0013838588959114344,0.0,0.48357883724923534,22.54,857.0751130083638,0.19333333333333333,0.0,0.0,0.0,0.0,0.0,0.0,0.0005829977031590065,0.4928666616328147,0.0,0.00010343072908950222,0.0,0.005958545460724213
580,finnegan-davis,Finnegan Davis,DEF,DEF,51.0,1,19.0,1.8157829791157345,0.00027303876467061955,0.0,0.6358210522782677,17.225,710.1348018463849,0.345,0.0033333333333333335,0.0,0.0,0.0033333333333333335,0.0,0.0,3.4189956631137824e-05,0.04320222857815022,0.0,4.972567115215544e-07,0.0,0.0011470713039502883
581,ben-mckay,Ben McKay,DEF,DEF,21.0,11,29.0,1.8127306240750682,0.00015219051368747376,0.0,0.7975082929809731,12.188333333333333,533.5147072513731,0.37,0.0,0.0,0.0,0.0,0.0,0.0,0.8399538787495126,0.47079849303440163,0.0,0.14878756644429578,0.0,0.0027719944784711055
582,harrison-jones,Harrison Jones,FWD,FWD,30.0,7,25.0,1.800632897151481,0.0,0.0,0.5042047187010744,7.336666666666667,294.0607004862083,0.565,0.0,0.0,0.0,0.0,0.0,0.0,0.4120302800246269,0.8762156712817565,0.0,0.006184493030209582,0.0,0.0036745812487146757
583,charlie-nicholls,Charlie Nicholls,FWD,FWD,34.0,2,20.0,1.7942752706269058,1.4587252026829901e-07,0.0,0.1698188907952755,9.791666666666666,333.0262940578037,0.49833333333333335,0.0,0.0,0.0,0.0,0.0,0.0,5.3549247115245826e-05,0.16069258755055071,0.0,3.686405437579736e-07,0.0,4.7333507651666556e-05
584,will-darcy,Will Darcy,DEF,DEF,58.0,1,19.0,1.7475387487146388,7.4153851417332e-05,0.0,0.4414652394335101,15.056666666666667,615.6873219714649,0.37666666666666665,0.0033333333333333335,0.0,0.0,0.0033333333333333335,0.0,0.0,3.094879427433084e-05,0.08424255123815699,0.0,2.647400196797049e-07,0.0,0.001107114371317022
585,dane-rampe,Dane Rampe,DEF,DEF,28.0,14,36.0,1.7161282563416163,7.044849641033412e-05,0.0,0.6496191287458031,9.771666666666667,398.7910760076923,0.37333333333333335,0.0,0.0,0.0,0.0,0.0,0.0,1.4731298165391942,0.24233735666970815,0.0,0.3307122486439998,0.0,0.0003898846545383624
586,luke-cleary,Luke Cleary,DEF,DEF,61.0,5,24.0,1.6537893459793938,0.0,0.0,0.03260613885613836,8.06,328.0794544928306,0.56,0.0033333333333333335,0.0,0.0,0.0033333333333333335,0.0,0.0,0.015503641191382608,0.8995715316574026,0.0,0.0004642504322115713,0.0,0.0002307655268076381
587,jarrod-witts,Jarrod Witts,RUC,RUC,81.0,15,34.0,1.6238984490137038,0.0,0.0,0.09895411244093959,3.86,184.97434609321064,0.72,0.0,0.0,0.0,0.0,0.0,0.0,1.469262873954849,0.15415595462158757,0.0,0.056460131266146615,0.0,0.0
588,tom-lynch-1,Tom Lynch,FWD,FWD,12.0,16,34.0,1.6115446591997746,0.0,0.0,0.1124268443932461,3.401666666666667,142.25613924673388,0.7033333333333334,0.0016666666666666668,0.0,0.0,0.0016666666666666668,0.0,0.0,1.5322933356744879,0.07904642809502772,0.0,0.04325248634579979,0.0,0.0
589,mabior-chol,Mabior Chol,FWD,FWD,26.0,11,29.0,1.5946293946982477,0.0,0.0,0.22444533446923762,4.67,196.51797618301984,0.6683333333333333,0.0,0.0,0.0,0.0,0.0,0.0,1.283138966046531,0.2986651320210116,0.0,0.04585869771777986,0.0,0.0009151046943163909
590,brandon-walker,Brandon Walker,DEF,DEF,52.0,6,24.0,1.5849828473072836,7.254178075484402e-05,0.0,0.4287516876209702,12.46,550.1007398067213,0.42333333333333334,0.0,0.0,0.0,0.0,0.0,0.0,0.13154682485431818,0.2041496348072736,0.0,0.003700483946934751,0.0,0.005524293190744616
591,luke-kennedy,Luke Kennedy,MID,MID,62.0,2,20.0,1.5772130704285319,4.963458000605038e-05,0.0,0.3366532523023137,14.221666666666666,599.0600008626561,0.4066666666666667,0.0,0.0,0.0,0.0,0.0,0.0,0.02289355750840932,0.3057749209209255,0.0,1.8925266393441678e-05,0.0,0.0012509472099499468
592,zac-banch,Zac Banch,FWD,FWD,2.0,1,23.0,1.51280393616577,0.002642969444793212,0.0,0.6653687342496072,19.72,663.3101516261881,0.19,0.0,0.0,0.0,0.0,0.0,0.0,0.1226848928338317,0.5562932909575357,0.0,0.0028680504835062915,0.0,0.03589509065563601
593,bodie-ryan,Bodie Ryan,DEF,DEF,46.0,3,21.0,1.5043987858139791,1.642959397625215e-05,0.0,0.10590271871998586,12.946666666666667,497.35978765189475,0.4266666666666667,0.0,0.0,0.0,0.0,0.0,0.0,0.0013651331957196494,0.2644936432645418,0.0,2.978722470214214e-05,0.0,0.00036757815075641974
594,kayle-gerreyn,Kayle Gerreyn,FWD,FWD,37.0,2,20.0,1.4716213907480142,1.592447095932306e-06,0.0,0.17421401592132849,10.665,349.7752952087041,0.4766666666666667,0.0,0.0,0.0,0.0,0.0,0.0,0.0002606490654080647,0.03944460031027434,0.0,7.046823896264896e-08,0.0,6.0832744599283066e-05
595,kye-fincher,Kye Fincher,MID,MID,52.0,1,19.0,1.4157266905537438,1.7632006708646584e-05,0.0,0.3254815544366374,13.751666666666667,552.1613062806447,0.385,0.0,0.0,0.0,0.0,0.0,0.0,9.052798783273271e-05,0.30757726585442974,0.0,3.268600818253465e-07,0.0,0.0005808923131210599
596,ollie-greeves,Ollie Greeves,MID,MID,5.0,1,19.0,1.4110919986914034,6.6117513823282405e-06,0.0,0.03796198538245475,12.508333333333333,471.6572229275543,0.41833333333333333,0.006666666666666667,0.0016666666666666668,0.0,0.006666666666666667,0.0016666666666666668,0.0,0.00015729541397757697,0.05313071692618622,0.0,1.1788755378029342e-07,0.0,0.0002786959555321011
597,cooper-simpson,Cooper Simpson,DEF,DEF,35.0,3,21.0,1.3879007005405906,4.946380045348293e-05,0.0,0.3237231047578504,12.648333333333333,535.0217010052664,0.4266666666666667,0.0033333333333333335,0.0,0.0,0.0033333333333333335,0.0,0.0,0.08134982358185215,0.11308868179213391,0.0,3.618360933025649e-05,0.0,0.004746714203754628
598,harry-morrison,Harry Morrison,MID,MID,73.0,10,28.0,1.2558325487947093,0.0,0.0,0.08975175939830503,5.8966666666666665,266.18614355448176,0.6216666666666667,0.0016666666666666668,0.0,0.0,0.0016666666666666668,0.0,0.0,0.6919496387784188,0.5618810689175749,0.0,0.009385863780147552,0.0,0.00047743910354390936
599,charlie-edwards,Charlie Edwards,MID,MID,21.0,3,21.0,1.2513718990427234,0.0001868757081050283,0.0,0.743587621453038,15.615,662.1196713740821,0.33666666666666667,0.0,0.0,0.0,0.0,0.0,0.0,0.03702285208419729,0.4064927047822514,0.0,0.00028839051809152413,0.0,0.007062960326400821
600,elliot-yeo,Elliot Yeo,DEF,MID,38.0,15,33.0,1.209977491638961,0.0,0.0,0.013969684200415187,3.0933333333333333,145.2735742018979,0.775,0.0,0.0,0.0,0.0,0.0,0.0,1.1945985244591817,0.00024531612870313634,0.0,0.003353202223160409,0.0,0.0
601,mykelti-lefau,Mykelti Lefau,FWD,FWD,80.0,3,28.0,1.1805873579099928,0.00021053072123691004,0.0,0.15848374734660364,11.233333333333333,369.0059802275813,0.2816666666666667,0.0,0.0,0.0,0.0,0.0,0.0,1.0385002674109218,0.12502173210653644,0.0,0.03882228193617648,0.0,0.0005823724034744781
602,riley-garcia,Riley Garcia,MID,FWD,62.0,7,25.0,1.1675591701433525,0.0,0.0,0.017790807526345574,4.066666666666666,157.3584895877455,0.7683333333333333,0.0,0.0,0.0,0.0,0.0,0.0,0.6278470918263818,0.021698811818094913,0.0,2.2819244203399008e-05,0.0,0.0
603,henry-hustwaite,Henry Hustwaite,MID,MID,37.0,4,22.0,1.1443126333442954,3.2392870271150904e-05,0.0,0.17883488809256312,14.068333333333333,559.0519371786902,0.38333333333333336,0.0016666666666666668,0.0,0.0,0.0016666666666666668,0.0,0.0,0.0009344474115246008,0.11121380268848702,0.0,5.237369150544358e-05,0.0,0.002888699851134024
604,nicholas-coffield,Nicholas Coffield,DEF,DEF,8.0,9,27.0,1.143943377678407,3.5254816855011317e-06,0.0,0.44765449059478085,9.313333333333333,419.9730439372177,0.48833333333333334,0.0,0.0,0.0,0.0,0.0,0.0,0.4797251326983284,0.36834826881709004,0.0,0.07655601266658472,0.0,0.0008243407877535803
605,jay-polkinghorne,Jay Polkinghorne,FWD,FWD,44.0,2,20.0,1.109349902560001,0.0,0.0,0.11164433945674178,8.62,287.79098533384183,0.5333333333333333,0.0,0.0,0.0,0.0,0.0,0.0,0.00016882955675102775,0.04010885658477242,0.0,2.725534221256203e-08,0.0,0.0001938920581557443
606,corey-wagner,Corey Wagner,DEF,DEF,43.0,11,29.0,1.0599952557588155,0.0,0.0,0.024573502436679107,4.9383333333333335,217.0977667443703,0.6466666666666666,0.0,0.0,0.0,0.0,0.0,0.0,0.8427078104833193,0.2171444690822597,0.0,0.0031196478418722253,0.0,0.00038176198760041447
607,josh-smillie,Josh Smillie,MID,MID,7.0,2,20.0,1.021570233967,8.939105467566035e-05,0.0,0.20440082416355962,14.62,590.6983616600867,0.365,0.0,0.0,0.0,0.0,0.0,0.0,1.5217024699232661e-05,0.21773355349440707,0.0,2.482047596430247e-07,0.0,0.0015212191150181377
608,darcy-gardiner,Darcy Gardiner,DEF,DEF,22.0,13,31.0,0.9714099627908187,1.429105996161163e-05,0.0,0.27824995989802404,9.708333333333334,412.91156383116436,0.455,0.0,0.0,0.0,0.0,0.0,0.0,0.8872858158616699,0.030192822011467325,0.0,0.08374457044060453,0.0,0.0002200209650758999
609,billy-cootee,Billy Cootee,MID,MID,42.0,1,24.0,0.9478821462849756,0.00020475118140616248,0.0,0.2530443092081898,16.168333333333333,640.5038789784046,0.27666666666666667,0.0,0.0,0.0,0.0,0.0,0.0,0.01967665856828325,0.4310608306454197,0.0,0.001030093269492512,0.0,0.0006703087801392107
610,ollie-lord,Ollie Lord,FWD,FWD,51.0,6,24.0,0.94559997695159,0.0,0.0,0.20651039969876558,6.94,265.1580665301351,0.6233333333333333,0.0,0.0,0.0,0.0,0.0,0.0,0.20538197782657056,0.24255211272042881,0.0,0.0004189093125322299,0.0,0.0023467240379627186
611,matthew-leray,Matthew LeRay,MID,MID,56.0,1,19.0,0.93336742190453,1.0133437857659506e-05,0.0,0.08893034936565286,14.055,548.3222929455129,0.41,0.0,0.0,0.0,0.0,0.0,0.0,7.503296798599284e-05,0.03515031017170642,0.0,1.5281198833783365e-07,0.0,0.0002891564634794318
612,taylor-goad,Taylor Goad,RUC,RUC,20.0,3,21.0,0.9308741303348714,4.2950121036951905e-05,0.0,0.16609428275701205,14.191666666666666,538.1611152938557,0.3616666666666667,0.0,0.0,0.0,0.0,0.0,0.0,0.024467385317289907,0.14806341331566628,0.0,1.3311429171811203e-05,0.0,0.0009975493464446374
613,jack-payne,Jack Payne,DEF,DEF,54.0,9,27.0,0.9200106654067521,0.0,0.0,0.02385851620804557,5.7716666666666665,241.32583021974074,0.6583333333333333,0.0,0.0,0.0,0.0,0.0,0.0,0.14067922884577863,0.7358468492982234,0.0,0.0004475647511409107,0.0,0.0004114705967840571
614,jordon-butts,Jordon Butts,DEF,DEF,20.0,8,27.0,0.9165268605628645,0.00011778876941830545,0.0,0.30630377969253736,11.73,491.3243929672994,0.37333333333333335,0.0,0.0,0.0,0.0,0.0,0.0,0.6697819868147663,0.20819033896063943,0.0,0.08221067590735802,0.0,0.0021597331193752393
615,will-lewis,Will Lewis,FWD,FWD,80.0,1,27.0,0.8607421173241975,0.0010127616594069052,0.0,0.4232362629164959,16.403333333333332,535.289994252,0.19333333333333333,0.0,0.0,0.0,0.0,0.0,0.0,0.4632649153472829,0.28720221967373005,0.0,0.035175910156412984,0.0,0.0058591822913832345
616,tyrell-dewar,Tyrell Dewar,DEF,DEF,80.0,4,22.0,0.8404856368827878,3.970081329741848e-08,0.0,0.06965088321254045,11.536666666666667,440.1793928310568,0.49333333333333335,0.0,0.0,0.0,0.0,0.0,0.0,0.007363118638703838,0.0683444857418402,0.0,8.686054783807476e-05,0.0,5.232975686070127e-05
617,cooper-bell,Cooper Bell,DEF,DEF,49.0,2,20.0,0.8357472095941882,8.998273896313195e-09,0.0,0.019686929891091214,10.568333333333333,354.79408063807176,0.49666666666666665,0.0,0.0,0.0,0.0,0.0,0.0,3.984114323257405e-05,0.06943549211385534,0.0,1.0671971812042373e-09,0.0,6.250320805012329e-06
618,james-barrat,James Barrat,DEF,DEF,32.0,2,20.0,0.8246776836457228,3.0821781298159084e-06,0.0,0.06872499209787335,12.433333333333334,438.69753536248356,0.44333333333333336,0.0016666666666666668,0.0,0.0,0.0016666666666666668,0.0,0.0,0.00032968610738874545,0.041041507600089296,0.0,1.7812228312320614e-07,0.0,0.00020013578055520646
619,tom-edwards,Tom Edwards,FWD,FWD,80.0,2,26.0,0.8212161400698641,0.00022862475603884077,0.0,0.16948266419618474,12.46,389.96899543184975,0.2966666666666667,0.0,0.0,0.0,0.0,0.0,0.0,0.22614740053620713,0.3363260802569542,0.0,0.01456594911801467,0.0,0.0016875739940343157
620,mark-blicavs,Mark Blicavs,MID,MID,80.0,15,35.0,0.8200867947236351,6.524588890987003e-05,0.0,0.2147324205287551,9.703333333333333,389.53226342174435,0.36833333333333335,0.0,0.0,0.0,0.0,0.0,0.0,0.8150281571972492,0.0036165757526877853,0.0,0.18744261488138694,0.0,4.5697414948827936e-05
621,deven-robertson,Deven Robertson,MID,MID,22.0,7,25.0,0.8034772165314942,0.0,0.0,0.014157095514740311,6.77,274.55803809110625,0.5683333333333334,0.0016666666666666668,0.0,0.0,0.0016666666666666668,0.0,0.0,0.215621577168624,0.5085499580705576,0.0,0.00032344963287640765,0.0,7.399319997398814e-05
622,mark-keane,Mark Keane,DEF,DEF,80.0,8,26.0,0.8024856922883039,0.0,0.0,0.08873921838622474,8.993333333333334,371.195053833777,0.54,0.0,0.0,0.0,0.0,0.0,0.0,0.47537298567177366,0.19921191732170612,0.0,0.0028287969423548996,0.0,0.0006109190633673369
623,jack-ough,Jack Ough,MID,MID,36.0,2,20.0,0.7775554640237946,4.546422335818649e-07,0.0,0.045669848589670756,10.885,420.8506776491548,0.47,0.0033333333333333335,0.0,0.0,0.0033333333333333335,0.0,0.0,4.815152979956857e-05,0.011059435619716543,0.0,3.1248714241176564e-10,0.0,1.4842386787087105e-05
624,james-borlase,James Borlase,DEF,DEF,80.0,6,24.0,0.7694497360948213,0.0,0.0,0.004498306485260004,6.2716666666666665,222.41434451539178,0.59,0.0,0.0,0.0,0.0,0.0,0.0,0.6128173723918854,0.0783911954330975,0.0,0.0005463942100413645,0.0,0.0
625,cody-anderson,Cody Anderson,FWD,FWD,64.0,2,20.0,0.7539673515915657,0.0,0.0,0.01708719658968978,6.971666666666667,199.26932243388163,0.5983333333333334,0.0,0.0,0.0,0.0,0.0,0.0,2.0950601040050366e-06,0.06649207155136909,0.0,0.0,0.0,1.6718815278726628e-05
626,patrick-said,Patrick Said,FWD,FWD,60.0,2,20.0,0.7340429782186032,0.0,0.0,0.018700903237029446,8.268333333333333,244.05253367389955,0.5483333333333333,0.0,0.0,0.0,0.0,0.0,0.0,0.0001912634264923523,0.03548496915456895,0.0,4.376337973680728e-08,0.0,6.52491137854491e-05
627,luker-kentfield,Luker Kentfield,FWD,FWD,11.0,2,21.0,0.7220800150703072,0.00013721801115547933,0.0,0.11314334286247675,13.408333333333333,416.814357279127,0.3333333333333333,0.0,0.0,0.0,0.0,0.0,0.0,0.0022261312056259803,0.15106646882565405,0.0,5.466013257129584e-05,0.0,0.0025277102996564406
628,lewis-hayes,Lewis Hayes,DEF,DEF,25.0,4,22.0,0.7206779662571957,2.492215048699085e-07,0.0,0.07478145863272086,9.178333333333333,374.1211168118625,0.49833333333333335,0.0,0.0,0.0,0.0,0.0,0.0,0.018487173453560116,0.24855056246270038,0.0,9.208206801060346e-05,0.0,0.00010471582041353816
629,harvey-harrison,Harvey Harrison,FWD,FWD,52.0,5,23.0,0.717911023564286,0.0,0.0,0.010529832185548073,3.933333333333333,147.26947052730662,0.7516666666666667,0.0,0.0,0.0,0.0,0.0,0.0,0.0014809095793394296,0.20574146103184568,0.0,0.0,0.0,0.0
630,sam-draper,Sam Draper,RUC,RUC,1.0,10,28.0,0.7072474613697669,0.0,0.0,0.06667202814816983,6.376666666666667,265.15313878907665,0.5833333333333334,0.0,0.0,0.0,0.0,0.0,0.0,0.5307809767352196,0.15567304563379852,0.0,0.005689020632404566,0.0,0.0003173025555735363
631,thomas-anastasopoulos,Tom Anastasopoulos,FWD,FWD,48.0,3,21.0,0.70535191267944,6.789443623683514e-08,0.0,0.2015360788491523,9.711666666666666,336.7697617340413,0.495,0.0,0.0,0.0,0.0,0.0,0.0,0.0045245245378638735,0.21872982444707476,0.0,0.00018946103975888445,0.0,0.000257565180728847
632,george-stevens,George Stevens,MID,MID,58.0,3,21.0,0.6830785404427421,0.0,0.0,0.01857446281857767,8.811666666666667,351.284818745481,0.5366666666666666,0.0,0.0,0.0,0.0,0.0,0.0,0.0020075965982256487,0.18408755091791137,0.0,7.797147057222321e-06,0.0,0.00010639429334302045
633,joel-amartey,Joel Amartey,FWD,FWD,23.0,9,27.0,0.6557285434779986,0.0,0.0,0.10921146154741129,5.38,205.2649207703604,0.64,0.0,0.0,0.0,0.0,0.0,0.0,0.3856476299487017,0.15483374346254808,0.0,0.0033184406260456435,0.0,0.0007993133120952545
634,nick-bryan,Nick Bryan,RUC,RUC,38.0,7,25.0,0.6493137255536027,2.563657171454671e-06,0.0,0.1213854607065443,9.753333333333334,404.93708607241393,0.47333333333333333,0.0,0.0,0.0,0.0,0.0,0.0,0.50296933084082,0.039953647985625104,0.0,0.03623176987990666,0.0,0.00014182217326001658
635,taylor-walker,Taylor Walker,FWD,FWD,64.0,19,36.0,0.6412664440869973,0.0,0.0,0.00022465485551360974,1.5866666666666667,58.54581898113038,0.85,0.0,0.0,0.0,0.0,0.0,0.0,0.6406570036651639,0.0006035386762687964,0.0,9.941371321099179e-06,0.0,0.0
636,mitchell-hinge,Mitchell Hinge,DEF,DEF,17.0,10,28.0,0.6015655921979414,0.0,0.0,0.02025914805825478,5.341666666666667,232.91731889845133,0.645,0.0,0.0,0.0,0.0,0.0,0.0,0.48008582642733066,0.1156446428214098,0.0,0.00383371995182612,0.0,0.0007426401873002222
637,todd-marshall,Todd Marshall,FWD,FWD,16.0,10,28.0,0.5580654037253161,0.0,0.0,0.014809878441768651,3.175,122.42360955860936,0.7683333333333333,0.0,0.0,0.0,0.0,0.0,0.0,0.3362174263352427,0.2191105734025677,0.0,0.0,0.0,0.0
638,liam-o-connell,Liam O'Connell,DEF,DEF,80.0,3,23.0,0.5385935806668598,1.8117845088109635e-05,0.0,0.030587398945796103,13.763333333333334,473.6348231884653,0.345,0.0,0.0,0.0,0.0,0.0,0.0,0.16653473475475028,0.10434535424800603,0.0,0.0005097789675589958,0.0,0.0008874908806856529
639,marc-pittonet,Marc Pittonet,RUC,RUC,50.0,12,30.0,0.5165062859067288,0.0,0.0,0.0845740271310549,3.58,175.19677047503674,0.705,0.0,0.0,0.0,0.0,0.0,0.0,0.5130683348822961,0.0013730856355562704,0.0,0.032866545584142266,0.0,0.0
640,jordan-boyd,Jordan Boyd,DEF,DEF,19.0,5,28.0,0.5117906894597386,4.307534426032441e-05,0.0,0.0555140364603116,11.586666666666666,417.87561485631176,0.3283333333333333,0.0,0.0,0.0,0.0,0.0,0.0,0.3888000756151317,0.07792807342266357,0.0,0.011338449953470284,0.0,0.0007494647250257045
641,josh-draper,Josh Draper,DEF,DEF,80.0,4,22.0,0.5086431195434424,1.939316016677671e-05,0.0,0.24520023453790632,12.613333333333333,504.6346399111588,0.44,0.0,0.0,0.0,0.0,0.0,0.0,0.06738295813142478,0.06838172796796863,0.0,7.678693679240757e-05,0.0,0.0001194728764139544
642,lachlan-sholl,Lachlan Sholl,MID,MID,64.0,8,26.0,0.4865394912932363,0.0,0.0,0.0018860960356167488,3.5016666666666665,147.32191760760549,0.75,0.0016666666666666668,0.0,0.0,0.0016666666666666668,0.0,0.0,0.01979940246621296,0.04579498101259844,0.0,8.878405897650321e-06,0.0,0.0
643,oskar-baker,Oskar Baker,FWD,FWD,48.0,9,28.0,0.4824650331946169,0.0,0.0,0.007310951666562725,3.075,109.36202162831862,0.7616666666666667,0.0,0.0,0.0,0.0,0.0,0.0,0.4635526665610862,0.0176246583271015,0.0,0.0017916130529288831,0.0,0.0
644,joel-cochran,Joel Cochran,DEF,DEF,47.0,2,20.0,0.4732322930618165,5.406108348937089e-07,0.0,0.021644588596954163,10.79,369.0729023240198,0.455,0.0,0.0,0.0,0.0,0.0,0.0,3.269302372387776e-05,0.009953847051788032,0.0,1.0796476546144156e-09,0.0,1.8509328476199886e-05
645,lewis-young,Lewis Young,DEF,DEF,49.0,10,28.0,0.4692611054730984,0.0,0.0,0.008245301596753773,4.06,174.66564818198077,0.715,0.0,0.0,0.0,0.0,0.0,0.0,0.4258372650192262,0.043317882668496746,0.0,0.005360032467741954,0.0,0.0
646,tyler-welsh,Tyler Welsh,FWD,FWD,59.0,2,20.0,0.4667518182979212,0.0,0.0,0.025523070677840872,7.293333333333333,219.71399436746782,0.57,0.0,0.0,0.0,0.0,0.0,0.0,0.0025660219173116727,0.12619622321150198,0.0,4.012438884633476e-09,0.0,0.00010064144325342064
647,tim-membrey,Tim Membrey,FWD,FWD,49.0,14,32.0,0.45338582970089913,0.0,0.0,0.12706015606846843,4.761666666666667,189.86782981131054,0.65,0.0,0.0,0.0,0.0,0.0,0.0,0.2082916243717077,0.24360281493020788,0.0,0.015067102776128957,0.0,0.0012003693344506425
648,lachlan-smith,Lachlan Smith,RUC,RUC,47.0,3,21.0,0.44980641942498306,2.2802237235481527e-05,0.0,0.08656407607816712,12.455,470.39254893860334,0.3883333333333333,0.0,0.0,0.0,0.0,0.0,0.0,0.0016426413716570925,0.08259657940517731,0.0,8.158019802110496e-06,0.0,0.0005481365766527476
649,vigo-visentini,Vigo Visentini,RUC,RUC,6.0,3,21.0,0.4478487276381727,3.890557759882464e-06,0.0,0.06748553360817992,9.855,380.0756463507105,0.45,0.0,0.0,0.0,0.0,0.0,0.0,0.013822357164666305,0.005678308828187711,0.0,2.0848310143466254e-06,0.0,5.6790385877568664e-05
650,matt-guelfi,Matt Guelfi,FWD,FWD,75.0,9,29.0,0.4309147318143177,0.0,0.0,0.039741062532435284,4.055,158.88638914826728,0.675,0.0,0.0,0.0,0.0,0.0,0.0,0.23210896758692176,0.19770315958462806,0.0,0.02221610757029852,0.0,3.6515426539339913e-07
651,josaia-delana,Josaia Delana,FWD,FWD,80.0,2,20.0,0.4053503598408169,4.21477478563761e-06,0.0,0.05449141999349747,10.408333333333333,313.84398396295916,0.445,0.0,0.0,0.0,0.0,0.0,0.0,0.0011322756007367814,0.08031999439196282,0.0,9.493289778155487e-06,0.0,0.00038188173722073334
652,mitch-podhajski,Mitch Podhajski,FWD,FWD,17.0,0,27.0,0.3994664910719383,0.00015420076637763812,0.0,0.04662247930954185,15.135,407.4977670458217,0.22833333333333333,0.0,0.0,0.0,0.0,0.0,0.0,0.011155893605189112,0.08329289374726466,0.0,0.0013036107415688644,0.0,0.001566351274037217
653,reef-mcinnes,Reef McInnes,DEF,DEF,24.0,6,24.0,0.38375941598971014,0.0,0.0,0.004220228513554934,5.803333333333334,208.65533576522552,0.6233333333333333,0.0,0.0,0.0,0.0,0.0,0.0,0.0007851459038568018,0.11347572370969493,0.0,6.111167141033702e-06,0.0,5.029398271855353e-05
654,paddy-dow,Paddy Dow,MID,MID,3.0,9,27.0,0.3795378559946337,0.0,0.0,0.0012113826372938201,3.7466666666666666,148.71312896627893,0.7216666666666667,0.0016666666666666668,0.0,0.0,0.0016666666666666668,0.0,0.0,0.019440836696323623,0.060030801929959354,0.0,0.0,0.0,0.0
655,jayden-nguyen,Jayden Nguyen,DEF,DEF,80.0,2,20.0,0.3716908737695582,2.0166846935738843e-05,0.0,0.04922831073723434,13.476666666666667,469.2052657108283,0.35833333333333334,0.0,0.0,0.0,0.0,0.0,0.0,0.000689310269078546,0.0641334349285077,0.0,7.561903422044303e-06,0.0,0.000336300098006732
656,alex-dodson,Alex Dodson,RUC,RUC,53.0,2,20.0,0.35996433321878213,5.178208592538878e-06,0.0,0.024627604516885206,11.455,407.1398919152552,0.43,0.0,0.0,0.0,0.0,0.0,0.0,5.038328017354821e-05,0.02477537090266027,0.0,1.6670731064386352e-07,0.0,6.052547668889075e-05
657,buku-khamis,Buku Khamis,DEF,DEF,80.0,8,26.0,0.3493491691775619,0.0,0.0,0.004389472672714467,7.365,244.4032569931949,0.5366666666666666,0.0,0.0,0.0,0.0,0.0,0.0,0.3449299586139908,0.000589792248941101,0.0,0.0014540590895156863,0.0,6.196880939221267e-06
658,max-heath,Max Heath,RUC,RUC,7.0,5,24.0,0.3464907108157689,4.661879007125213e-06,0.0,0.014271994570726705,11.645,388.0749175568673,0.3983333333333333,0.0,0.0,0.0,0.0,0.0,0.0,0.006946066362849999,0.05015348030158124,0.0,5.418674509076767e-05,0.0,0.0004670235410074777
659,lukas-cooke,Lukas Cooke,DEF,DEF,11.0,0,23.0,0.3449374828305162,0.0002077492565977101,0.0,0.14523503231420865,21.195,708.6869524645836,0.165,0.0,0.0,0.0,0.0,0.0,0.0,0.0013815217816021423,0.024930809840130273,0.0,7.474971022018312e-05,0.0,0.0011278539245880056
660,ben-camporeale,Ben Camporeale,MID,MID,43.0,2,20.0,0.3151558772827588,1.6093552054897014e-08,0.0,0.01739851554295212,9.778333333333334,357.44767830493237,0.49333333333333335,0.0,0.0,0.0,0.0,0.0,0.0,2.4421485971839575e-05,0.0022099869275608724,0.0,0.0,0.0,1.7698517691247606e-05
661,tew-jiath,Tew Jiath,DEF,DEF,37.0,3,21.0,0.3027321332510328,1.3795917926175985e-07,0.0,0.01729832144068182,10.501666666666667,353.7228559856241,0.4633333333333333,0.0,0.0,0.0,0.0,0.0,0.0,0.00025111769068865484,0.006244209532048751,0.0,5.634741199984638e-07,0.0,1.2301115070931573e-05
662,noah-mraz,Noah Mraz,DEF,DEF,35.0,2,20.0,0.2989278242719185,4.91213250390212e-06,0.0,0.025599083064515447,12.375,425.5666307677706,0.43166666666666664,0.0,0.0,0.0,0.0,0.0,0.0,1.1583538734193748e-05,0.1512117314102795,0.0,2.386153601421594e-08,0.0,0.000382268348868835
663,keighton-matofai-forbes,Keighton Matofai-Forbes,DEF,DEF,69.0,2,20.0,0.29852501777706353,0.0,0.0,0.007091614357117016,9.088333333333333,285.17507010302415,0.5183333333333333,0.0,0.0,0.0,0.0,0.0,0.0,5.2905392237292565e-06,0.05048034779461187,0.0,1.590119728142303e-09,0.0,1.8475375667624512e-05
664,toby-conway,Toby Conway,RUC,RUC,24.0,5,23.0,0.2219728016895741,0.0,0.0,0.014905396292432491,6.845,256.7751936726568,0.575,0.0,0.0,0.0,0.0,0.0,0.0,0.0011914733443832307,0.027585529564686434,0.0,9.428380414184954e-08,0.0,6.105036985640757e-05
665,jack-buckley,Jack Buckley,DEF,DEF,80.0,9,29.0,0.22032470406592575,0.0,0.0,0.0013488031472013123,4.316666666666666,145.9518633608888,0.6733333333333333,0.0,0.0,0.0,0.0,0.0,0.0,0.19129468588671156,0.020103974728014472,0.0,0.0004452908998113945,0.0,0.0
666,jacob-molier,Jacob Molier,RUC,RUC,52.0,2,20.0,0.22014308396078947,5.506667514407018e-07,0.0,0.00913430320829993,11.103333333333333,346.6658965514454,0.43833333333333335,0.0,0.0,0.0,0.0,0.0,0.0,1.755531479390842e-05,0.0058284182095695025,0.0,7.931020476631618e-09,0.0,4.293197601045696e-06
667,zachary-williams,Zachary Williams,DEF,DEF,80.0,14,32.0,0.21832389938751046,0.0,0.0,0.0012711517315115554,2.4066666666666667,94.06275819517573,0.76,0.0,0.0,0.0,0.0,0.0,0.0,0.2181705400164562,0.00015315509177739927,0.0,0.0005030934277074233,0.0,0.0
668,max-ramsden,Max Ramsden,FWD,FWD,6.0,4,23.0,0.21014639875933042,0.0,0.0,0.010543401056825066,7.3533333333333335,205.3543955643085,0.5016666666666667,0.0,0.0,0.0,0.0,0.0,0.0,0.0015027716472211237,0.04769682109860175,0.0,1.2551089740183174e-05,0.0,0.0003999640668487542
669,changkuoth-jiath,Changkuoth Jiath,DEF,DEF,80.0,9,27.0,0.19490140819263543,0.0,0.0,0.00012891497579903518,2.8916666666666666,92.82930570639559,0.76,0.0,0.0,0.0,0.0,0.0,0.0,0.19485452269997802,4.1969255553641255e-05,0.0,3.643586787989617e-05,0.0,0.0
670,josh-gibcus,Josh Gibcus,DEF,DEF,9.0,5,23.0,0.19263689236809042,0.0,0.0,0.018820914539393947,7.69,290.67920922217553,0.5683333333333334,0.0,0.0,0.0,0.0,0.0,0.0,0.020186960767722962,0.036707837451381335,0.0,8.173664599001784e-06,0.0,0.00010891665785828392
671,luke-urquhart,Luke Urquhart,MID,MID,57.0,2,20.0,0.1879671841211418,0.0,0.0,0.0014716721039955256,7.258333333333334,251.16370226595848,0.5783333333333334,0.0,0.0,0.0,0.0,0.0,0.0,3.6857558785083233e-07,0.16465814390445654,0.0,0.0,0.0,6.840575898787827e-06
672,jackson-archer,Jackson Archer,DEF,DEF,59.0,5,23.0,0.18176706985548752,0.0,0.0,0.018735096018027007,8.748333333333333,321.8833158044691,0.5666666666666667,0.0,0.0,0.0,0.0,0.0,0.0,0.0033725810336153886,0.013391982828027803,0.0,1.612103775939085e-05,0.0,0.00018218636365543384
673,lennox-hoffman,Lennox Hoffman,DEF,DEF,66.0,2,20.0,0.18100138343261957,0.0,0.0,0.0036915211114338887,8.308333333333334,269.05305120053305,0.56,0.0,0.0,0.0,0.0,0.0,0.0,9.465717642173529e-07,0.0034649770993479536,0.0,2.2619396283342228e-10,0.0,2.9577530900363277e-06
674,lachie-sullivan,Lachie Sullivan,FWD,FWD,80.0,3,29.0,0.17001608115803848,0.0,0.0,0.011629938400905173,5.958333333333333,171.8195217685912,0.5366666666666666,0.0,0.0,0.0,0.0,0.0,0.0,0.08109503912464588,0.08110167627209049,0.0,0.0011227579551351086,0.0,2.2172076066409153e-05
675,sandy-brock,Sandy Brock,DEF,DEF,80.0,5,24.0,0.1659381371836083,0.0,0.0,0.005908945520570858,7.185,239.21397071372758,0.5583333333333333,0.0,0.0,0.0,0.0,0.0,0.0,0.038429513506359175,0.005943908287017828,0.0,0.00011471986981201629,0.0,2.6076380040674575e-05
676,nic-newman,Nic Newman,DEF,DEF,29.0,12,33.0,0.1587385988274865,0.0,0.0,3.3538570618005205e-10,1.4066666666666667,55.691131344511255,0.895,0.0,0.0,0.0,0.0,0.0,0.0,0.08850109959556463,0.07001067574098199,0.0,0.0,0.0,0.0
677,river-stevens,River Stevens,FWD,FWD,67.0,2,20.0,0.15356208659133727,0.0,0.0,0.00760906490467625,6.543333333333333,188.65880321898763,0.6,0.0,0.0,0.0,0.0,0.0,0.0,2.4598637203160385e-05,0.001276752920126833,0.0,0.0,0.0,8.670104701079502e-06
678,judson-clarke,Judson Clarke,FWD,FWD,30.0,5,23.0,0.15105120253928295,0.0,0.0,1.4643912777990444e-07,1.3233333333333333,27.003728796435784,0.88,0.0,0.0,0.0,0.0,0.0,0.0,4.130999547302286e-06,0.000616192440813041,0.0,0.0,0.0,0.0
679,asher-eastham,Asher Eastham,FWD,FWD,8.0,2,20.0,0.14417644106785774,0.0,0.0,0.00810853795475535,7.415,208.78925602274938,0.5716666666666667,0.0,0.0,0.0,0.0,0.0,0.0,0.00023386344297624356,0.021186937962507257,0.0,2.6652670565531805e-09,0.0,3.5829210016063024e-05
680,billy-frampton,Billy Frampton,FWD,DEF,74.0,12,30.0,0.14011381351881952,0.0,0.0,0.00022928000851231892,2.4033333333333333,90.0274874903046,0.7833333333333333,0.0,0.0,0.0,0.0,0.0,0.0,0.13867460567633177,0.0013024654577046514,0.0,0.00014904964332698443,0.0,0.0
681,hugh-davies,Hugh Davies,DEF,DEF,33.0,4,22.0,0.13477299966162132,0.0,0.0,0.0009415241742468973,6.89,206.74876661575604,0.6016666666666667,0.0,0.0,0.0,0.0,0.0,0.0,1.3786269647409529e-05,0.0027608508925313843,0.0,9.368626364070696e-09,0.0,1.4603912457673383e-05
682,finlay-macrae,Finlay Macrae,MID,MID,20.0,6,24.0,0.12489716555163109,0.0,0.0,0.0008724888216432296,3.885,145.51599220752925,0.745,0.0,0.0,0.0,0.0,0.0,0.0,0.0002601531251464941,0.10502416113782835,0.0,0.0,0.0,0.0
683,logan-smith,Logan Smith,RUC,RUC,71.0,2,20.0,0.11803712318646,0.0,0.0,0.000711583545273391,7.236666666666666,211.42209894913998,0.575,0.0,0.0,0.0,0.0,0.0,0.0,1.3175008816484818e-05,0.009317748882502504,0.0,0.0,0.0,1.2273351484428615e-06
684,harry-charleson,Harry Charleson,DEF,DEF,4.0,2,20.0,0.11444668072237058,2.2490361702517595e-09,0.0,0.009174439661803702,10.241666666666667,317.550276805229,0.495,0.0,0.0,0.0,0.0,0.0,0.0,1.0655303562746121e-06,0.007121808586286525,0.0,4.681290876488751e-10,0.0,3.6928684410925418e-06
685,brandon-zerk-thatcher,Brandon Zerk-Thatcher,DEF,DEF,65.0,9,28.0,0.11071093825681265,0.0,0.0,0.0013949953247044658,3.49,134.94256556378434,0.7616666666666667,0.0,0.0,0.0,0.0,0.0,0.0,0.07462208707743874,0.03568557670803846,0.0,0.00016404913901491103,0.0,0.0
686,jed-adams,Jed Adams,DEF,DEF,38.0,4,22.0,0.09994503678247886,0.0,0.0,0.0016269996533099982,7.14,218.71475681023168,0.5833333333333334,0.0,0.0,0.0,0.0,0.0,0.0,0.006079061799861272,0.00233929502420679,0.0,3.845890827147832e-08,0.0,1.165247655621357e-05
687,jaeger-o-meara,Jaeger O'Meara,MID,MID,1.0,15,32.0,0.09793712040198857,0.0,0.0,0.0010338115372247282,2.6766666666666667,107.30598207571146,0.7766666666666666,0.0,0.0,0.0,0.0,0.0,0.0,0.08090449574314128,0.007386874783504408,0.0,3.7236187118396516e-05,0.0,3.5855013693105385e-11
688,riak-andrew,Riak Andrew,DEF,DEF,55.0,2,21.0,0.09564561851693437,0.0,0.0,0.001195635790092619,8.378333333333334,240.23607928214838,0.5516666666666666,0.0,0.0,0.0,0.0,0.0,0.0,5.015772172017853e-06,0.07726622884889467,0.0,1.4158357933987243e-09,0.0,1.2565398831913243e-06
689,aiden-riddle,Aiden Riddle,RUC,RUC,3.0,2,21.0,0.09138096452302345,0.0,0.0,0.0005171670100758462,7.3566666666666665,190.97503926407336,0.5516666666666666,0.0,0.0,0.0,0.0,0.0,0.0,4.188522927841753e-08,0.000800146882561097,0.0,2.1160603220278184e-11,0.0,3.227072844370163e-07
690,callum-brown-ire,Callum M. Brown,FWD,FWD,80.0,8,26.0,0.0850577485320305,0.0,0.0,0.0022414936943061675,3.611666666666667,114.08305123282165,0.7433333333333333,0.0,0.0,0.0,0.0,0.0,0.0,0.07944629257092663,0.002439059643648752,0.0,0.00010923571235599539,0.0,0.0
691,alex-pearce,Alex Pearce,DEF,DEF,37.0,13,31.0,0.08409461633918346,0.0,0.0,0.0004094914563010119,3.015,114.42370163028156,0.7516666666666667,0.0,0.0,0.0,0.0,0.0,0.0,0.0609483299579263,0.0231357679326296,0.0,9.343949698018022e-05,0.0,0.0
692,aidan-johnson,Aidan Johnson,FWD,FWD,68.0,2,26.0,0.07588515666475536,0.0,0.0,0.001649023364652822,5.97,156.08648510986066,0.595,0.0,0.0,0.0,0.0,0.0,0.0,0.00048801616996914236,0.04241311548392378,0.0,8.12257688654585e-06,0.0,2.0639447543480963e-05
693,liam-mcmahon,Liam McMahon,FWD,FWD,33.0,6,24.0,0.07061645665186997,0.0,0.0,0.00013397239180336612,2.265,71.78170534879217,0.81,0.0,0.0,0.0,0.0,0.0,0.0,0.00632266921689482,0.05842745383176577,0.0,0.0,0.0,0.0
694,will-edwards,Will Edwards,DEF,DEF,80.0,4,23.0,0.06564702394217962,0.0,0.0,0.004291628969971448,8.34,269.5672777176056,0.5066666666666667,0.0,0.0,0.0,0.0,0.0,0.0,0.00045060163756228315,0.0235483649702655,0.0,3.982960537116011e-05,0.0,4.4692852057383076e-05
695,wil-parker,Wil Parker,DEF,DEF,80.0,3,24.0,0.06539001497866942,7.583370677662914e-09,0.0,0.0001797447664447321,8.993333333333334,202.60143792925183,0.4683333333333333,0.0,0.0,0.0,0.0,0.0,0.0,5.5511630730865856e-05,0.0005080630662955048,0.0,2.797011671455606e-06,0.0,1.0773242372009727e-06
696,matthew-flynn,Matthew Flynn,RUC,RUC,41.0,11,29.0,0.06429125672167142,0.0,0.0,3.814044340763518e-05,1.8183333333333334,66.76402307402951,0.835,0.0,0.0,0.0,0.0,0.0,0.0,0.028143926965689296,0.0352416666991332,0.0,8.370916013316978e-06,0.0,0.0
697,samson-ryan,Samson Ryan,RUC,RUC,42.0,6,26.0,0.06387071122298488,0.0,0.0,0.00023716217195146548,4.343333333333334,131.97171440436708,0.6983333333333334,0.0,0.0,0.0,0.0,0.0,0.0,0.005439957551878303,0.01631478445273065,0.0,1.1796121252228813e-05,0.0,1.8400524539368152e-10
698,jaren-carr,Jaren Carr,FWD,FWD,63.0,2,22.0,0.05740172324166174,0.0,0.0,0.0008119138080274226,4.635,115.97921402560164,0.6783333333333333,0.0,0.0,0.0,0.0,0.0,0.0,2.5788303801965577e-05,0.016253422582253766,0.0,2.6652670565531805e-09,0.0,0.0
699,harry-barnett,Harry Barnett,RUC,RUC,23.0,4,22.0,0.04768343435599158,0.0,0.0,0.0006178711281245168,6.836666666666667,189.9396470662264,0.5533333333333333,0.0,0.0,0.0,0.0,0.0,0.0,7.966858367411391e-05,0.005688393241908409,0.0,1.3288843697090014e-08,0.0,3.057861891123057e-07
700,tom-mcdonald,Tom McDonald,DEF,DEF,65.0,16,34.0,0.043640681658122724,0.0,0.0,3.504145848252778e-05,1.895,64.60698280687033,0.8166666666666667,0.0,0.0,0.0,0.0,0.0,0.0,0.04358905604066113,5.150675900694998e-05,0.0,3.427956501597693e-06,0.0,0.0
701,mitch-zadow,Mitch Zadow,FWD,FWD,80.0,1,22.0,0.03564278115334967,2.4914452919953644e-09,0.0,0.0016238426321462554,7.915,182.15590022734304,0.495,0.0,0.0,0.0,0.0,0.0,0.0,0.0026247518055787875,0.0040016776609113095,0.0,2.103737622084691e-06,0.0,2.420866077943808e-05
702,matt-owies,Matt Owies,FWD,FWD,80.0,8,29.0,0.035425563520922444,0.0,0.0,9.152088570524145e-05,2.745,68.9012108959401,0.7316666666666667,0.0,0.0,0.0,0.0,0.0,0.0,0.03497466288387021,0.00045052193326792334,0.0,3.865413703398012e-05,0.0,0.0
703,lewis-melican,Lewis Melican,DEF,DEF,37.0,12,30.0,0.028616790448892194,0.0,0.0,1.3124322257998625e-05,1.8933333333333333,61.0089789206994,0.8216666666666667,0.0,0.0,0.0,0.0,0.0,0.0,0.0030854149145713924,0.025529477541018693,0.0,1.2933820585605104e-06,0.0,0.0
704,reilly-o-brien,Reilly O'Brien,RUC,RUC,8.0,12,31.0,0.02809141842317128,0.0,0.0,1.9057251715460587e-10,1.0,33.33815998770041,0.8983333333333333,0.0,0.0,0.0,0.0,0.0,0.0,0.026304043570249586,0.0017851969150721506,0.0,0.0,0.0,0.0
705,dougal-howard,Dougal Howard,DEF,DEF,56.0,12,30.0,0.0280513375158179,0.0,0.0,7.496204051163572e-05,1.7183333333333333,62.283965206402804,0.8283333333333334,0.0,0.0,0.0,0.0,0.0,0.0,0.027825813866948965,0.00021035251567584,0.0,2.9065079659083188e-06,0.0,0.0
706,nick-madden,Nick Madden,RUC,RUC,80.0,4,22.0,0.026362433649077904,0.0,0.0,0.0005415096874491866,6.093333333333334,171.5638262480303,0.59,0.0,0.0,0.0,0.0,0.0,0.0,0.005493476812435458,0.008347609192385086,0.0,1.0730189423040993e-06,0.0,2.4455532190846776e-06
707,harry-edwards,Harry Edwards,DEF,DEF,13.0,8,26.0,0.02545254782819064,0.0,0.0,2.713746823411391e-05,2.2416666666666667,73.38184192545589,0.82,0.0,0.0,0.0,0.0,0.0,0.0,0.0054687595151121675,0.019879388021965195,0.0,7.850460448062623e-07,0.0,0.0
708,sam-sturt,Sam Sturt,FWD,FWD,17.0,8,26.0,0.02420535211773398,0.0,0.0,6.138579875704782e-07,1.4666666666666666,43.39561498362191,0.885,0.0,0.0,0.0,0.0,0.0,0.0,0.021705750534307237,0.0003179956406232769,0.0,0.0,0.0,0.0
709,jake-melksham,Jake Melksham,FWD,FWD,10.0,17,35.0,0.023390547767959846,0.0,0.0,7.662813593083262e-05,1.8583333333333334,53.87427192367239,0.805,0.0,0.0,0.0,0.0,0.0,0.0,0.021703707930692595,0.0016864848808053948,0.0,1.0843299602544223e-05,0.0,0.0
710,oliver-hayes-brown,Oliver Hayes-Brown,RUC,RUC,80.0,3,26.0,0.022258015520654477,2.9188563496874236e-07,0.0,0.0009710831850599163,9.831666666666667,248.47689843472924,0.4216666666666667,0.0,0.0,0.0,0.0,0.0,0.0,0.00528673930027725,0.004571683432526134,0.0,7.580518783386016e-05,0.0,3.0737915430583886e-06
711,jy-farrar,Jy Farrar,FWD,FWD,60.0,7,30.0,0.021066297398513893,0.0,0.0,0.00016265511353243806,1.925,57.63343730829933,0.8066666666666666,0.0,0.0,0.0,0.0,0.0,0.0,0.01967610437222633,0.0013128940062921066,0.0,3.343526835927348e-05,0.0,0.0
712,oscar-steene,Oscar Steene,RUC,RUC,80.0,4,23.0,0.015635200998438226,2.804875348766686e-07,0.0,0.005829921890968366,8.998333333333333,283.84551780545775,0.46166666666666667,0.0,0.0,0.0,0.0,0.0,0.0,0.01040488551448625,0.0007787300042242586,0.0,0.00017535585833821203,0.0,3.904406685569562e-06
713,leon-kickett,Leon Kickett,FWD,FWD,4.0,1,26.0,0.014709668770735469,0.0,0.0,7.735151459918301e-05,4.205,76.94146784961352,0.6566666666666666,0.0,0.0,0.0,0.0,0.0,0.0,1.468281848084446e-06,0.00917313293494421,0.0,2.676965224736557e-09,0.0,3.0206869071435446e-07
714,taylor-adams,Taylor Adams,MID,FWD,20.0,15,33.0,0.013275258126217104,0.0,0.0,1.5238750899568184e-10,0.885,27.418154485241672,0.9,0.0,0.0,0.0,0.0,0.0,0.0,0.013185451121019483,1.3015484852250255e-06,0.0,0.0,0.0,0.0
715,aidan-corr,Aidan Corr,DEF,DEF,18.0,14,32.0,0.010156560343347998,0.0,0.0,0.00013060778453388342,2.4516666666666667,87.51437547753349,0.7716666666666666,0.0,0.0,0.0,0.0,0.0,0.0,0.009171068812305339,6.394104578978493e-05,0.0,2.7119164552818405e-05,0.0,0.0
716,ned-reeves,Ned Reeves,RUC,RUC,80.0,8,28.0,0.009725782218299978,0.0,0.0,0.0003270985546577812,3.88,107.99654034239622,0.6466666666666666,0.0,0.0,0.0,0.0,0.0,0.0,0.00918060494728038,4.6582008419679026e-05,0.0,0.00015189555532486602,0.0,0.0
717,joe-pike,Joe Pike,RUC,RUC,11.0,2,21.0,0.008658156368980336,0.0,0.0,0.00015529690108742484,6.551666666666667,150.87263636796612,0.575,0.0,0.0,0.0,0.0,0.0,0.0,2.2725707010915436e-08,0.0005367910484434182,0.0,0.0,0.0,3.7395255030734053e-07
718,daniel-butler,Daniel Butler,FWD,FWD,65.0,12,30.0,0.008594163314888733,0.0,0.0,0.0,0.6283333333333333,14.624931922182768,0.935,0.0,0.0,0.0,0.0,0.0,0.0,0.008569808200590638,2.968957066937882e-07,0.0,0.0,0.0,0.0
719,oscar-mcdonald,Oscar McDonald,DEF,DEF,53.0,12,30.0,0.007824893564909143,0.0,0.0,1.0342651227622398e-05,1.71,53.65857722004559,0.8183333333333334,0.0,0.0,0.0,0.0,0.0,0.0,0.007711580860609475,5.308658248206958e-05,0.0,2.4386816305097284e-06,0.0,0.0
720,hudson-o-keeffe,Hudson O'Keeffe,RUC,FWD,80.0,4,22.0,0.005052823932335761,0.0,0.0,3.0680020689277285e-06,2.401666666666667,37.30804919048174,0.755,0.0,0.0,0.0,0.0,0.0,0.0,1.2351191968546922e-05,0.004936703019103007,0.0,2.75410929177164e-09,0.0,0.0
721,riley-onley,Riley Onley,MID,MID,2.0,1,26.0,0.005040481992571836,0.0,0.0,2.8320967189630086e-05,5.283333333333333,110.94752592454861,0.5983333333333334,0.0,0.0,0.0,0.0,0.0,0.0,9.17364040134005e-08,0.00013413385012587758,0.0,2.269846513520527e-10,0.0,2.235784282692907e-07
722,ben-jepson,Ben Jepson,MID,MID,80.0,2,25.0,0.004605284079355837,0.0,0.0,8.177774634477885e-06,4.411666666666667,93.73567303503346,0.6216666666666667,0.0,0.0,0.0,0.0,0.0,0.0,0.0044429706891509334,3.0656792041055944e-05,0.0,2.372249231493754e-08,0.0,2.4657031702659985e-07
723,jake-kolodjashnij,Jake Kolodjashnij,DEF,DEF,41.0,13,31.0,0.003705170676003429,0.0,0.0,2.691206465162885e-07,1.5583333333333333,41.44137716963046,0.8733333333333333,0.0,0.0,0.0,0.0,0.0,0.0,0.0008863319245477397,0.002814815313301218,0.0,0.0,0.0,0.0
724,shadeau-brain,Shadeau Brain,DEF,DEF,80.0,4,22.0,0.003682802709128261,0.0,0.0,0.0006687602956340982,5.448333333333333,170.90893032346634,0.635,0.0,0.0,0.0,0.0,0.0,0.0,0.0003676946748920215,0.0011583284944633914,0.0,1.055392442197086e-07,0.0,0.0
725,matt-cottrell,Matt Cottrell,MID,MID,80.0,8,26.0,0.003459068723336752,0.0,0.0,2.2888087034453556e-05,2.1683333333333334,70.42604590597692,0.78,0.0,0.0,0.0,0.0,0.0,0.0,0.0016910035603091944,7.74964988009219e-05,0.0,5.643521938798586e-06,0.0,0.0
726,fred-rodriguez,Fred Rodriguez,MID,MID,1.0,1,26.0,0.003251241425390162,0.0,0.0,1.3874668885556568e-05,5.42,108.42226362475272,0.5883333333333334,0.0,0.0,0.0,0.0,0.0,0.0,6.947332243799002e-08,0.0019531765555914336,0.0,1.669092144807807e-10,0.0,2.0330228469378687e-07
727,luke-beecken,Luke Beecken,MID,MID,17.0,2,25.0,0.0028645136624876797,0.0,0.0,2.908960661936488e-06,4.866666666666666,87.92319611052032,0.61,0.0,0.0,0.0,0.0,0.0,0.0,1.9263289643477624e-08,6.171029381169771e-05,0.0,1.2413787881755365e-10,0.0,8.599737128828132e-08
728,harry-schoenberg,Harry Schoenberg,MID,MID,24.0,7,25.0,0.002809390069896294,0.0,0.0,7.338852808072995e-05,2.7266666666666666,87.84530210081334,0.7783333333333333,0.0,0.0,0.0,0.0,0.0,0.0,0.0019821072260412247,0.0007829776944219423,0.0,2.2286308227507786e-06,0.0,0.0
729,nicholas-holman,Nicholas Holman,FWD,FWD,49.0,13,31.0,0.0022530822143833067,0.0,0.0,1.7524563534503408e-10,0.9233333333333333,22.66925810660544,0.9,0.0,0.0,0.0,0.0,0.0,0.0,0.002220726194533761,2.8689245054868968e-05,0.0,0.0,0.0,0.0
730,nick-driscoll,Nick Driscoll,MID,MID,6.0,1,26.0,0.0016398041329624285,0.0,0.0,3.1338231981490706e-06,4.523333333333333,83.41290811830915,0.63,0.0,0.0,0.0,0.0,0.0,0.0,4.9872955029635434e-08,4.974911170408902e-06,0.0,2.742802036571871e-10,0.0,1.0665262011100694e-07
731,rhys-stanley,Rhys Stanley,RUC,RUC,47.0,18,36.0,0.001545436942438848,0.0,0.0,0.0,0.7533333333333333,23.333556312030947,0.9116666666666666,0.0,0.0,0.0,0.0,0.0,0.0,0.0015452743807623647,1.5429502912808273e-07,0.0,0.0,0.0,0.0
732,conor-mckenna,Conor McKenna,DEF,FWD,80.0,12,30.0,0.0010793928625182792,0.0,0.0,3.4375377430254664e-07,1.165,26.04996901606652,0.855,0.0,0.0,0.0,0.0,0.0,0.0,0.0007784118022533119,6.854957017518792e-07,0.0,8.531884141325522e-08,0.0,0.0
733,harry-cunningham,Harry Cunningham,DEF,DEF,80.0,15,33.0,0.000713322801262366,0.0,0.0,9.25547120093615e-07,1.7033333333333334,44.08601663317857,0.815,0.0,0.0,0.0,0.0,0.0,0.0,0.0007085283181883529,4.794288219650756e-06,0.0,3.102953767839219e-07,0.0,0.0
734,jack-henderson,Jack Henderson,FWD,FWD,80.0,2,27.0,0.0006987204835537112,0.0,0.0,1.8524304014479389e-06,2.695,35.25327461053564,0.7366666666666667,0.0,0.0,0.0,0.0,0.0,0.0,0.000684962481041248,3.1400719961753132e-06,0.0,8.259162437373303e-08,0.0,0.0
735,wade-derksen,Wade Derksen,DEF,DEF,5.0,4,25.0,0.0006048557136374583,0.0,0.0,3.5218175870045775e-05,6.125,125.88839611923007,0.5566666666666666,0.0,0.0,0.0,0.0,0.0,0.0,0.00026234301278269586,2.8799410969537216e-05,0.0,6.471436232969079e-07,0.0,3.3681692078302417e-07
736,josh-goater,Josh Goater,DEF,DEF,22.0,5,23.0,0.0005765498747595665,0.0,0.0,1.4808867146556298e-05,2.6033333333333335,74.51934465455267,0.8116666666666666,0.0,0.0,0.0,0.0,0.0,0.0,0.0004225682261779266,5.75712601072633e-05,0.0,0.0,0.0,0.0
737,mason-cox,Mason Cox,FWD,FWD,80.0,12,35.0,0.0005628385172499575,0.0,0.0,0.0,0.48333333333333334,9.518170022173933,0.935,0.0,0.0,0.0,0.0,0.0,0.0,0.00045006203044752643,0.0001127744578916622,0.0,0.0,0.0,0.0
738,henry-smith,Henry Smith,RUC,FWD,50.0,6,24.0,0.0005545083189126434,0.0,0.0,5.349159566172129e-07,1.7033333333333334,29.658982791738563,0.8433333333333334,0.0,0.0,0.0,0.0,0.0,0.0,8.215291559097439e-06,4.263388626238923e-05,0.0,0.0,0.0,0.0
739,liam-reidy,Liam Reidy,RUC,RUC,5.0,4,26.0,0.00039528932980748823,0.0,0.0,5.205691637416126e-05,5.085,119.22344324707578,0.6066666666666667,0.0,0.0,0.0,0.0,0.0,0.0,0.00014856725284593104,0.00011409343209763715,0.0,1.3313452693506366e-07,0.0,1.508528158510642e-06
740,flynn-perez,Flynn Perez,DEF,DEF,35.0,7,25.0,0.0003151123666724649,0.0,0.0,4.7022340464742975e-08,1.4183333333333332,32.12674606482548,0.875,0.0,0.0,0.0,0.0,0.0,0.0,2.1491293492034632e-05,0.00013098910026987056,0.0,0.0,0.0,0.0
741,callum-coleman-jones,Callum Coleman-Jones,FWD,FWD,20.0,9,27.0,0.00022123188727820204,0.0,0.0,0.0,0.4533333333333333,9.4114854067495,0.95,0.0,0.0,0.0,0.0,0.0,0.0,0.0002084437521483289,1.2653163083346702e-05,0.0,0.0,0.0,0.0
742,tom-doedee,Tom Doedee,DEF,DEF,17.0,11,29.0,0.00017890220522472747,0.0,0.0,0.0,0.23833333333333334,5.058212016586751,0.9733333333333334,0.0,0.0,0.0,0.0,0.0,0.0,0.00017888915756414392,9.316414297470237e-09,0.0,0.0,0.0,0.0
743,andy-moniz-wakefield,Andy Moniz-Wakefield,DEF,DEF,80.0,5,23.0,0.0001630061964294851,0.0,0.0,8.740944482341145e-10,1.155,24.93213350371689,0.8816666666666667,0.0,0.0,0.0,0.0,0.0,0.0,1.133935550792729e-07,0.00015539267119226338,0.0,0.0,0.0,0.0
744,peter-ladhams,Peter Ladhams,RUC,RUC,8.0,10,28.0,0.00012223644361130653,0.0,0.0,1.094570120545874e-06,1.355,39.25428491139704,0.86,0.0,0.0,0.0,0.0,0.0,0.0,9.68623504125743e-05,2.1897316036967654e-05,0.0,0.0,0.0,0.0
745,toby-pink,Toby Pink,DEF,DEF,38.0,10,28.0,3.165550743354937e-05,0.0,0.0,0.0,0.6083333333333333,15.013571101573762,0.9316666666666666,0.0,0.0,0.0,0.0,0.0,0.0,2.9939728578002253e-05,1.4840327021527723e-06,0.0,0.0,0.0,0.0
746,will-brodie,Will Brodie,MID,MID,9.0,10,28.0,2.927754960835625e-05,0.0,0.0,0.0,0.205,5.928283440915752,0.9733333333333334,0.0,0.0,0.0,0.0,0.0,0.0,2.8478234076952687e-05,3.114147234992085e-07,0.0,0.0,0.0,0.0
747,joel-hamling,Joel Hamling,DEF,DEF,44.0,15,33.0,1.898926603238657e-05,0.0,0.0,0.0,0.20333333333333334,3.020643386548512,0.97,0.0,0.0,0.0,0.0,0.0,0.0,1.8989062875381012e-05,1.6727822070761044e-10,0.0,0.0,0.0,0.0
748,lincoln-mccarthy,Lincoln McCarthy,FWD,FWD,80.0,15,33.0,1.009121705952071e-05,0.0,0.0,0.0,0.11166666666666666,1.857307985488741,0.9816666666666667,0.0,0.0,0.0,0.0,0.0,0.0,1.00909532572483e-05,3.862705879062581e-12,0.0,0.0,0.0,0.0
749,elliot-himmelberg,Elliott Himmelberg,FWD,FWD,51.0,10,28.0,9.37763453649504e-07,0.0,0.0,0.0,0.17666666666666667,2.8561899855537205,0.98,0.0,0.0,0.0,0.0,0.0,0.0,4.988268556554886e-07,9.527055958800772e-12,0.0,0.0,0.0,0.0
750,darragh-joyce,Darragh Joyce,DEF,DEF,80.0,10,29.0,1.4245876171426337e-08,0.0,0.0,0.0,0.24666666666666667,2.3545740436542832,0.97,0.0,0.0,0.0,0.0,0.0,0.0,1.3573383401963394e-08,6.666433540332605e-10,0.0,0.0,0.0,0.0
751,jed-bews,Jed Bews,DEF,DEF,85.0,15,33.0,8.500795647853152e-09,0.0,0.0,0.0,0.1,0.5658799957329623,0.9866666666666667,0.0,0.0,0.0,0.0,0.0,0.0,8.484950067998473e-09,2.6056179351107276e-12,0.0,0.0,0.0,0.0
752,ryan-gardner,Ryan Gardner,DEF,DEF,58.0,11,29.0,7.112992281095754e-13,0.0,0.0,0.0,0.03,0.0,0.9966666666666667,0.0,0.0,0.0,0.0,0.0,0.0,0.0,0.0,0.0,0.0,0.0,0.0
